rank_cap,test_year,history_start,history_end,history_n,gap_q20_prior,rebound_median_prior,lowprog_median_prior,test_n
300,2021,2019,2020,643,-0.0094821298322392,0.1357318070318896,0.0542043085476025,265
300,2022,2019,2021,908,-0.0087663031858029,0.13421003764708933,0.054108677444008504,422
300,2023,2019,2022,1330,-0.00915286845867626,0.1381474563875457,0.05515132225343535,322
300,2024,2019,2023,1652,-0.00915221935131642,0.13759040823260965,0.0535078283316137,335
300,2025,2019,2024,1987,-0.00883344651373544,0.1316276721090725,0.0506272401433689,272
300,2026,2019,2025,2259,-0.00865495394955172,0.1313387423935093,0.0503952569169965,90
500,2021,2019,2020,1080,-0.00984369967968906,0.13701236917221732,0.0533104537683355,493
500,2022,2019,2021,1573,-0.0091535175660361,0.1373881932021467,0.0530303030303026,683
500,2023,2019,2022,2256,-0.00924969128438344,0.14135294166558077,0.0548065254090868,592
500,2024,2019,2023,2848,-0.0090481360839667,0.13876608254449815,0.052930263546702105,591
500,2025,2019,2024,3439,-0.0087632562858997,0.1332216170925845,0.0501968503937013,535
500,2026,2019,2025,3974,-0.008576879166766539,0.1330561965521906,0.05026191214862935,178
