rank_cap,bps,policy,total_return,cagr,max_drawdown,daily_sharpe,avg_exposure,completed_trades,profit_factor,mean_trade,blocked_new_entries,partial_new_entries,add_on_events,add_on_capital,top5_abs_funded_pnl_share,top10_abs_funded_pnl_share,yearly_return,rolling_12m_min_return,rolling_12m_positive_share,rolling_12m_median_return
300,5,SKIP_OVERLAP,2.392927306724298,0.45817943665159766,-0.15440196200755996,0.9424966885024383,0.3372497828340313,211,2.1794443656189855,0.020062411114053817,42,47,0,0.0,0.40250277491081654,0.5074823125601589,"{'2023': 0.36983862627761255, '2024': 0.1495184091445414, '2025': 1.0731648675767822, '2026': -0.01977829055409497}",0.08015050411670521,1.0,0.2056044538105598
300,5,EARLY_R250,3.9744577495069233,0.641024616431018,-0.15368653891571615,0.8249252925102344,0.35596942893168504,207,2.2602563415416403,0.02111954342861855,55,53,45,11.140792340478898,0.4954510737011756,0.5986066760965875,"{'2023': 0.3384425278402392, '2024': 0.13743777611484465, '2025': 2.0497608760675137, '2026': 0.008331501885384007}",0.0761701862211761,1.0,0.2005541117757701
300,5,NEGATIVE_STATE_R250,4.234227302343395,0.6670184889979536,-0.15368653891571615,0.8438052115351421,0.35074315282736357,207,2.269865480097602,0.021210431015412316,49,53,32,9.44341524660171,0.5071382472658935,0.6128235372358203,"{'2023': 0.4140644598388623, '2024': 0.1673758197051045, '2025': 1.965775572040219, '2026': 0.008331501885384007}",0.07272490741884607,1.0,0.21122061865148978
300,10,SKIP_OVERLAP,2.032926244870032,0.4085468018190521,-0.15574673671347572,0.8829520048428581,0.3354289648453805,213,2.080116520388032,0.01905666856618282,40,47,0,0.0,0.39132665989843585,0.4941716589308824,"{'2023': 0.33194653898577453, '2024': 0.11513854662389034, '2025': 0.9923458095965751, '2026': -0.0320678994368605}",0.047652627881512366,1.0,0.16983613594124658
300,10,EARLY_R250,3.523212723721218,0.5935453127375183,-0.15502331053027119,0.7899964603205176,0.3544901554316067,209,2.1392444845606535,0.019967507236262942,49,53,45,10.827354102378203,0.4864596108316735,0.5874243561538469,"{'2023': 0.303407453769724, '2024': 0.10486178208254127, '2025': 1.9676320161544059, '2026': -0.003912554629059928}",0.04340746438854537,1.0,0.16616417328709765
300,10,NEGATIVE_STATE_R250,3.7167194845661102,0.6142893530057265,-0.15502331053027085,0.8054679029329829,0.34916736067436127,209,2.167230302500451,0.02021530284061011,47,53,32,9.019007639379181,0.4975532564855465,0.6009964645335318,"{'2023': 0.37302136079977455, '2024': 0.1321364611763629, '2025': 1.8769339903923008, '2026': -0.003912554629059484}",0.04058509904718366,1.0,0.17608977460629127
300,20,SKIP_OVERLAP,1.422888241233573,0.3141958428197493,-0.1581084297880373,0.7555364617138054,0.33026670266168995,217,1.8636014347005894,0.016574628826243998,35,41,0,0.0,0.3683029135308276,0.46726769813032176,"{'2023': 0.2573422609633087, '2024': 0.048687033852844896, '2025': 0.8410688821148706, '2026': -0.055073231758486885}",-0.019406991399109508,0.9466192170818505,0.09846566323111194
300,20,EARLY_R250,2.6746635507776326,0.4945372630827729,-0.158238247267926,0.7133839637334974,0.35228264454867414,213,1.9184319210844722,0.017494920997934805,43,49,49,10.784137717640789,0.46328228346101996,0.5590791740258663,"{'2023': 0.23351459434677624, '2024': 0.023762138338364158, '2025': 1.8141891897678386, '2026': -0.026883323877744836}",-0.02106835860775158,0.9483985765124555,0.09258064516060682
300,20,NEGATIVE_STATE_R250,2.8317913327271667,0.513983026730636,-0.1582382472679258,0.7287031251449203,0.344887494005707,213,1.9424329101554403,0.017753150512912225,42,44,32,8.329324091059485,0.47661159304710066,0.5752992675416357,"{'2023': 0.2932769977606693, '2024': 0.06487701028766857, '2025': 1.7069494767602693, '2026': -0.02688332387774417}",-0.021823186288616347,0.9608540925266904,0.10548697620123093
500,5,SKIP_OVERLAP,3.733645180772836,0.616075620722754,-0.1683141183251119,1.1412758282549085,0.44717409082995024,291,2.1971805921547607,0.018472188892589128,128,101,0,0.0,0.35128255502664335,0.4450895241309184,"{'2023': 0.5522335814655426, '2024': 0.2866083980008416, '2025': 1.4260348192021493, '2026': -0.07654023901287921}",0.15111899082287583,1.0,0.33466284522070433
500,5,EARLY_R250,6.0701486806055875,0.829172995115621,-0.17207486942597794,0.9570845524754544,0.46719474488529766,274,2.294517279387716,0.020031911209834077,157,97,53,15.767350276713316,0.4499845284566638,0.5477058384479913,"{'2023': 0.6208960419132319, '2024': 0.2775828893027634, '2025': 2.3410525687376573, '2026': -0.03617290313863941}",0.13325909292613947,1.0,0.3217624391178182
500,5,NEGATIVE_STATE_R250,5.983763017146706,0.8222434085371,-0.1719762431921541,0.9525734866730209,0.4628620556594453,277,2.3081940567828068,0.020061935442900705,151,95,39,14.683276821292457,0.4522029730157233,0.5504159381819484,"{'2023': 0.5939972443050023, '2024': 0.28410401762762394, '2025': 2.3455969536618966, '2026': -0.036058087640099434}",0.13498736297069502,1.0,0.32776427095252336
500,10,SKIP_OVERLAP,3.130194955965524,0.54944566733096,-0.17957064793698008,1.0714911730676266,0.44498424637745687,293,2.0798303185483746,0.0174286656118086,125,100,0,0.0,0.3381078334776692,0.4276891219505728,"{'2023': 0.4970471987918761, '2024': 0.23514154213112937, '2025': 1.3268808858809753, '2026': -0.0914272674390817}",0.11004657766197812,1.0,0.28443232229737103
500,10,EARLY_R250,5.247386705387408,0.7606214647207565,-0.1767262844815769,0.9117251057232043,0.46549729641996823,278,2.1793610874103164,0.018887132481191282,151,96,55,19.34120647182682,0.43858464691074084,0.534022227543386,"{'2023': 0.5680737480007383, '2024': 0.23062673416877488, '2025': 2.2244859702717954, '2026': -0.05302979741337355}",0.09113507530657206,1.0,0.2769731418782009
500,10,NEGATIVE_STATE_R250,5.167313698038878,0.7536233039745657,-0.17660882248391696,0.9069702864995135,0.4610450096686684,281,2.192471579306417,0.018927887955878513,146,95,41,17.095876690053732,0.44081046373214045,0.5367512154978146,"{'2023': 0.5439758979106892, '2024': 0.23685440956701087, '2025': 2.2274103604357403, '2026': -0.05289468680602194}",0.09053235366928503,1.0,0.28290260112305554
500,20,SKIP_OVERLAP,2.1262282986255125,0.4217851590543542,-0.20037497942001836,0.918367702897712,0.43968843183985995,300,1.8263471038599157,0.014677777889882568,114,102,0,0.0,0.31337271770491754,0.39806109635963355,"{'2023': 0.3963542878723598, '2024': 0.13601170747697888, '2025': 1.1226556350929071, '2026': -0.11906074354366714}",0.03358441758460984,1.0,0.18771061204450012
500,20,EARLY_R250,3.8722242878527986,0.6305371891632907,-0.1844736243327999,0.8203080153383069,0.4611768186321953,289,1.8879405452715063,0.01563490429605885,135,100,57,17.28472352222189,0.41597235022030976,0.5067298220474777,"{'2023': 0.46486929795848964, '2024': 0.1402049665168028, '2025': 2.0003767728559025, '2026': -0.08304796521921565}",0.012796412955456082,1.0,0.19217613023924407
500,20,NEGATIVE_STATE_R250,3.816186477330846,0.6247239873926886,-0.18443928760355788,0.8159936209154199,0.4565305786343052,291,1.9133104500074352,0.015883934407662288,130,99,42,15.104211701329957,0.4182616089090151,0.5095526760012979,"{'2023': 0.45059495984372067, '2024': 0.14570574856078045, '2025': 1.998488451863801, '2026': -0.08300935808806009}",0.010409770228847037,1.0,0.19527998432233185
