year,rank_cap,target_fraction,state_dimension,state,n,mean_trade,median_trade,profit_factor,win_rate,target_share,stop_share,max_hold_share,mean_holding_sessions,mean_mfe_return,mean_mae_return,gross_positive_return_sum,gross_negative_return_abs_sum,period
2019,300,0.6,gap_binary,GAP_DOWN,221,0.0117509282845584,0.0094537570582426,1.6839979671459355,0.5384615384615384,0.3710407239819004,0.3936651583710407,0.2352941176470588,10.39366515837104,0.048186472590135,-0.0302991359704092,6.393684491653606,3.7967293407661984,discovery
2019,300,0.6,gap_binary,NO_GAP_DOWN,197,0.0102496635966655,-0.0029480683812774,1.5605357650246678,0.482233502538071,0.3350253807106599,0.4365482233502538,0.2284263959390862,12.03553299492386,0.0483848103598121,-0.0339623583720662,5.62142261236218,3.602238883819058,discovery
2019,300,0.6,gap_four_state,GAP_DOWN_CONTINUED,119,0.0128093985165982,0.0131219202006174,1.7838495205979097,0.5546218487394958,0.3865546218487395,0.3781512605042016,0.2352941176470588,10.07563025210084,0.0492161329954576,-0.0297702564773597,3.468975380479467,1.944656957004275,discovery
2019,300,0.6,gap_four_state,GAP_DOWN_REJECTED,102,0.0105160463471785,0.005535749073418,1.5791548628534051,0.5196078431372549,0.3529411764705882,0.4117647058823529,0.2352941176470588,10.764705882352942,0.0469852021172587,-0.0309161620456337,2.92470911117414,1.852072383761924,discovery
2019,300,0.6,gap_four_state,NO_GAP_DOWN_RISING,80,0.0112914492401818,-0.004890245324179,1.683259074429805,0.4625,0.3125,0.4625,0.225,12.2625,0.049941710361062,-0.031049475849928,2.2253853752749224,1.3220694360603755,discovery
2019,300,0.6,gap_four_state,NO_GAP_DOWN_SELLING,117,0.0095373315327228,-0.001966411044159,1.4893793267975888,0.4957264957264957,0.3504273504273504,0.4188034188034188,0.2307692307692307,11.88034188034188,0.0473202633504104,-0.035954072917118,3.396037237087256,2.280169447758682,discovery
2019,300,0.8,gap_binary,GAP_DOWN,221,0.015268108995195,0.0053992719480031,1.8662952104785275,0.5248868778280543,0.1990950226244343,0.4072398190045249,0.3936651583710407,13.108597285067871,0.0559311160472321,-0.0310431496851623,7.269289307495429,3.895037219557322,discovery
2019,300,0.8,gap_binary,NO_GAP_DOWN,198,0.009674089813468,-0.0048570651907855,1.50920837164269,0.4595959595959596,0.1262626262626262,0.4494949494949495,0.4242424242424242,13.88888888888889,0.0530902700977561,-0.0348320464872459,5.677131785769848,3.76166200270318,discovery
2019,300,0.8,gap_four_state,GAP_DOWN_CONTINUED,119,0.0198712107188503,0.0084922316448667,2.182659645526932,0.5378151260504201,0.2605042016806723,0.3949579831932773,0.3445378151260504,12.739495798319329,0.0591571498559368,-0.0306960878075364,4.364128512402413,1.9994544368592284,discovery
2019,300,0.8,gap_four_state,GAP_DOWN_REJECTED,102,0.0098978236509306,0.0047066816360213,1.5325950528828558,0.5098039215686274,0.1274509803921568,0.4215686274509804,0.4509803921568627,13.53921568627451,0.0521674099370766,-0.0314480552090592,2.905160795093016,1.8955827826980935,discovery
2019,300,0.8,gap_four_state,NO_GAP_DOWN_RISING,80,0.0106197402608647,-0.0069198010698685,1.607504772396802,0.4375,0.1375,0.475,0.3875,13.925,0.0544695818741787,-0.0316446386295388,2.24805254893427,1.3984733280650894,discovery
2019,300,0.8,gap_four_state,NO_GAP_DOWN_SELLING,118,0.0090329708660803,-0.004275457231954,1.4510391293072364,0.4745762711864407,0.1186440677966101,0.4322033898305085,0.4491525423728814,13.864406779661016,0.052155143469673,-0.0369930009670473,3.4290792368355776,2.363188674638091,discovery
2019,500,0.6,gap_binary,GAP_DOWN,390,0.0087296867288545,-0.0015599826435922,1.486742133176303,0.4948717948717949,0.3461538461538461,0.4282051282051282,0.2256410256410256,10.035897435897436,0.0458082454249768,-0.031134172044225,10.399201038882785,6.99462321462952,discovery
2019,500,0.6,gap_binary,NO_GAP_DOWN,302,0.0096972411222545,-0.0019359364830948,1.5596766315819883,0.4900662251655629,0.3509933774834437,0.4072847682119205,0.2417218543046357,11.559602649006624,0.0460894696037763,-0.0329130651032114,8.161171958504696,5.232605139583821,discovery
2019,500,0.6,gap_four_state,GAP_DOWN_CONTINUED,212,0.0104378934219446,0.0049883949903035,1.6085721809495532,0.5094339622641509,0.3632075471698113,0.4056603773584906,0.2311320754716981,9.754716981132075,0.0458630065687849,-0.0300120858629166,5.848940139742353,3.636106734290081,discovery
2019,500,0.6,gap_four_state,GAP_DOWN_REJECTED,178,0.0066951933640505,-0.0074659757818413,1.354842510309952,0.4775280898876404,0.3258426966292135,0.4550561797752809,0.2191011235955056,10.370786516853933,0.0457430242874075,-0.0324705892938733,4.550260899140429,3.3585164803394383,discovery
2019,500,0.6,gap_four_state,NO_GAP_DOWN_RISING,140,0.0086117254792248,-0.0069198010698685,1.5148897331327356,0.4571428571428571,0.3214285714285714,0.4214285714285714,0.2571428571428571,11.607142857142858,0.0455023994280291,-0.0320104205540718,3.5471945045641715,2.3415529374726862,discovery
2019,500,0.6,gap_four_state,NO_GAP_DOWN_SELLING,162,0.0106353410606752,0.0096113737806035,1.5959509311423907,0.5185185185185185,0.3765432098765432,0.3950617283950617,0.228395061728395,11.51851851851852,0.0465968142001011,-0.0336931282938259,4.613977453940523,2.8910522021111347,discovery
2019,500,0.8,gap_binary,GAP_DOWN,390,0.012691938194553,-0.0064701697074013,1.682333218516056,0.4743589743589743,0.1974358974358974,0.4435897435897435,0.358974358974359,12.35897435897436,0.0533538214506614,-0.031840509169762,12.204164731433634,7.2543088355579295,discovery
2019,500,0.8,gap_binary,NO_GAP_DOWN,303,0.0105347876268474,-0.0043709010337451,1.582943394000245,0.4719471947194719,0.1551155115511551,0.4224422442244224,0.4224422442244224,13.498349834983498,0.0521822405795258,-0.0336694342808545,8.667770685424951,5.475730034490172,discovery
2019,500,0.8,gap_four_state,GAP_DOWN_CONTINUED,212,0.0170703113302885,-0.0027001282729335,1.967395685467535,0.490566037735849,0.2358490566037736,0.419811320754717,0.3443396226415094,12.221698113207546,0.0555679206457077,-0.0308070693362402,7.359780657950787,3.7408746559296215,discovery
2019,500,0.8,gap_four_state,GAP_DOWN_REJECTED,178,0.0074772465946884,-0.0091480134197353,1.3788173695046544,0.4550561797752809,0.1516853932584269,0.4719101123595505,0.3764044943820224,12.52247191011236,0.0507168044318421,-0.0330713476231699,4.844384073482846,3.513434179628308,discovery
2019,500,0.8,gap_four_state,NO_GAP_DOWN_RISING,140,0.0107953053938611,-0.0076041876911209,1.6122364609365598,0.4357142857142857,0.1714285714285714,0.4357142857142857,0.3928571428571428,13.307142857142855,0.0524313747610877,-0.0325484680414641,3.97990327312836,2.468560517987793,discovery
2019,500,0.8,gap_four_state,NO_GAP_DOWN_SELLING,163,0.0103110300355473,0.0003941112218457,1.5588969582762406,0.5030674846625767,0.1411042944785276,0.4110429447852761,0.4478527607361963,13.662576687116564,0.0519682603008837,-0.0346322273699014,4.687867412296592,3.0071695165023797,discovery
2020,300,0.6,gap_binary,GAP_DOWN,127,-0.005672589512731,-0.023425322719754,0.8171326896118417,0.3858267716535433,0.3543307086614173,0.5748031496062992,0.0708661417322834,7.763779527559055,0.0438152588070971,-0.0444749649079873,3.2191527621962326,3.939571630313077,discovery
2020,300,0.6,gap_binary,NO_GAP_DOWN,87,0.0035754039688508,-0.0117710398973486,1.1660620203616328,0.4367816091954023,0.3448275862068966,0.5287356321839081,0.1264367816091954,7.850574712643678,0.0463373228916952,-0.0362305559350942,2.1842165998040137,1.873156454513988,discovery
2020,300,0.6,gap_four_state,GAP_DOWN_CONTINUED,65,-0.0034134600609415,-0.0245547726170566,0.8827796126496946,0.4,0.4,0.5692307692307692,0.0307692307692307,7.538461538461538,0.0436721731278047,-0.0406921878548349,1.6709264164963211,1.8928013204575211,discovery
2020,300,0.6,gap_four_state,GAP_DOWN_REJECTED,62,-0.0080410316799297,-0.0205746185313697,0.7564240785812322,0.3709677419354839,0.3064516129032258,0.5806451612903226,0.1129032258064516,8.0,0.0439652679870003,-0.0484407795604858,1.548226345699912,2.046770309855556,discovery
2020,300,0.6,gap_four_state,NO_GAP_DOWN_RISING,40,0.012857902810898,0.0034819034784189,1.9287557142277152,0.55,0.425,0.425,0.15,8.175,0.0476796733613916,-0.0301091450818542,1.0680851009407102,0.5537689885047872,discovery
2020,300,0.6,gap_four_state,NO_GAP_DOWN_SELLING,47,-0.0043245950456573,-0.0190473420907687,0.8459467196844813,0.3404255319148936,0.2765957446808511,0.6170212765957447,0.1063829787234042,7.574468085106383,0.0451948969600388,-0.0414402672995537,1.1161314988633035,1.3193874660092009,discovery
2020,300,0.8,gap_binary,GAP_DOWN,128,-0.0060236177241423,-0.027786204133482,0.8296792497544854,0.3125,0.1875,0.6328125,0.1796875,9.7109375,0.0520353274220882,-0.0490437525074899,3.7558655668917713,4.52688863558199,discovery
2020,300,0.8,gap_binary,NO_GAP_DOWN,89,0.004825605099854,-0.0169403554928987,1.190547824529917,0.3707865168539326,0.2584269662921348,0.5955056179775281,0.146067415730337,9.359550561797754,0.0535383339783965,-0.0416329089258893,2.6833951866845096,2.253916332797498,discovery
2020,300,0.8,gap_four_state,GAP_DOWN_CONTINUED,65,-0.0058867704027494,-0.0319970981826239,0.8320441418511516,0.2923076923076923,0.1692307692307692,0.6615384615384615,0.1692307692307692,10.076923076923077,0.0501656822596628,-0.0476201207889125,1.895578024672548,2.278218100851262,discovery
2020,300,0.8,gap_four_state,GAP_DOWN_REJECTED,63,-0.0061648094049445,-0.0240827103219696,0.8272832829385505,0.3333333333333333,0.2063492063492063,0.6031746031746031,0.1904761904761904,9.333333333333334,0.0539643263991938,-0.0505125788838,1.860287542219223,2.2486705347307288,discovery
2020,300,0.8,gap_four_state,NO_GAP_DOWN_RISING,40,0.0132912688414992,-0.0048505366934787,1.6410171370104365,0.45,0.275,0.525,0.2,10.05,0.0568410031841593,-0.0371751231443266,1.3610369322252904,0.8293861785653216,discovery
2020,300,0.8,gap_four_state,NO_GAP_DOWN_SELLING,49,-0.0020851408116929,-0.0237613573044059,0.9282767728928648,0.3061224489795918,0.2448979591836734,0.6530612244897959,0.1020408163265306,8.795918367346939,0.0508422774838962,-0.045271917727165,1.3223582544592194,1.4245301542321762,discovery
2020,500,0.6,gap_binary,GAP_DOWN,214,-0.0043221768799164,-0.019176104879552,0.8484764394347681,0.411214953271028,0.3691588785046729,0.5373831775700935,0.0934579439252336,8.070093457943925,0.043328139326377,-0.0426034686901393,5.179357985673819,6.104303837975944,discovery
2020,500,0.6,gap_binary,NO_GAP_DOWN,157,0.007077149332353,-0.0049509705009886,1.3268342001400233,0.464968152866242,0.3630573248407643,0.4968152866242038,0.1401273885350318,8.630573248407643,0.0494370714318116,-0.0382156891975354,4.5107335518549245,3.399621106675497,discovery
2020,500,0.6,gap_four_state,GAP_DOWN_CONTINUED,111,-0.0025280957428983,-0.0181699009337474,0.9080802182197732,0.4324324324324324,0.3963963963963964,0.5135135135135135,0.09009009009009,8.333333333333334,0.0425076895637544,-0.0409280712328226,2.7722457508791103,3.052864378340827,discovery
2020,500,0.6,gap_four_state,GAP_DOWN_REJECTED,103,-0.0062556041246641,-0.0192111809810184,0.7888448277071652,0.3883495145631068,0.3398058252427184,0.5631067961165048,0.0970873786407767,7.786407766990291,0.0442123133424072,-0.0444089941053057,2.4071122347947096,3.0514394596351173,discovery
2020,500,0.6,gap_four_state,NO_GAP_DOWN_RISING,66,0.0119548484305258,0.0054931023501642,1.700975518271046,0.5454545454545454,0.4242424242424242,0.3939393939393939,0.1818181818181818,9.454545454545457,0.0495662326313705,-0.0363766211530042,1.9146227826016289,1.1256027861869191,discovery
2020,500,0.6,gap_four_state,NO_GAP_DOWN_SELLING,91,0.0035394774589529,-0.0169942421916009,1.1416402171709488,0.4065934065934066,0.3186813186813186,0.5714285714285714,0.1098901098901098,8.032967032967033,0.0493433940782855,-0.0395495187682942,2.596110769253296,2.2740183204885778,discovery
2020,500,0.8,gap_binary,GAP_DOWN,216,-0.0064408596527996,-0.0261431313710911,0.8096307225897963,0.3148148148148148,0.1898148148148148,0.625,0.1851851851851851,10.291666666666666,0.0540220000231769,-0.0484347938706363,5.916811115528709,7.308036800533436,discovery
2020,500,0.8,gap_binary,NO_GAP_DOWN,159,0.003820247573389,-0.0186431203992281,1.1427126798281906,0.3584905660377358,0.220125786163522,0.5786163522012578,0.2012578616352201,10.38364779874214,0.0583287797334121,-0.0436022011033315,4.863658998237301,4.256239634068437,discovery
2020,500,0.8,gap_four_state,GAP_DOWN_CONTINUED,111,-0.0048122368384251,-0.0275218805309734,0.855628981081734,0.3243243243243243,0.1801801801801801,0.6126126126126126,0.2072072072072072,10.99099099099099,0.0523288231938139,-0.0476333835831078,3.165741407338567,3.699899696403761,discovery
2020,500,0.8,gap_four_state,GAP_DOWN_REJECTED,105,-0.0081625466279955,-0.0253181592015578,0.7624626306581919,0.3047619047619048,0.2,0.638095238095238,0.1619047619047619,9.552380952380952,0.0558119298142178,-0.0492819990317378,2.751069708190143,3.608137104129676,discovery
2020,500,0.8,gap_four_state,NO_GAP_DOWN_RISING,66,0.0051275102065874,-0.012962260479625,1.1989911922608871,0.3939393939393939,0.2121212121212121,0.5303030303030303,0.2575757575757575,11.469696969696969,0.0580383062285587,-0.044121636538062,2.039072219232475,1.7006565455977056,discovery
2020,500,0.8,gap_four_state,NO_GAP_DOWN_SELLING,93,0.0028925128014418,-0.0238035439533752,1.1052611796296825,0.3333333333333333,0.2258064516129032,0.6129032258064516,0.1612903225806451,9.612903225806452,0.0585349222207275,-0.0432335695044905,2.824586779004826,2.5555830884707307,discovery
2021,300,0.6,gap_binary,GAP_DOWN,128,0.0116692071000554,-0.0052876888769799,1.6689094676397067,0.4765625,0.3671875,0.46875,0.1640625,9.390625,0.0422261400935279,-0.0304733758543588,3.7266340923005785,2.232975583493486,discovery
2021,300,0.6,gap_binary,NO_GAP_DOWN,136,0.0090370942252942,-0.0072959545238298,1.4767034812574855,0.4485294117647059,0.375,0.5220588235294118,0.1029411764705882,8.404411764705882,0.0416732254912819,-0.030888896723172,3.8072613852384776,2.578216570598457,discovery
2021,300,0.6,gap_four_state,GAP_DOWN_CONTINUED,66,0.0196106208354056,0.0037501526679921,2.3340658623384583,0.5151515151515151,0.3939393939393939,0.4242424242424242,0.1818181818181818,9.696969696969695,0.0489685739047262,-0.0288773779176475,2.264493685763531,0.9701927106267584,discovery
2021,300,0.6,gap_four_state,GAP_DOWN_REJECTED,62,0.0032154440914567,-0.0125450588540049,1.1578715850158343,0.4354838709677419,0.3387096774193548,0.5161290322580645,0.1451612903225806,9.064516129032258,0.0350487105525748,-0.0321723413998902,1.462140406537047,1.2627828728667274,discovery
2021,300,0.6,gap_four_state,NO_GAP_DOWN_RISING,57,0.0132233980212196,-0.0048758208090834,1.763934102916551,0.4736842105263157,0.3859649122807017,0.4736842105263157,0.1403508771929824,8.631578947368421,0.0460462032275892,-0.0293902243800826,1.7403812060621384,0.9866475188526208,discovery
2021,300,0.6,gap_four_state,NO_GAP_DOWN_SELLING,79,0.0060165965497532,-0.0076493704027467,1.2986431075102405,0.430379746835443,0.3670886075949367,0.5569620253164557,0.0759493670886076,8.240506329113924,0.0385180390233133,-0.031970217274515,2.066880179176339,1.591569051745836,discovery
2021,300,0.8,gap_binary,GAP_DOWN,128,0.0070821657160688,-0.0117103329697407,1.3393134040707195,0.4140625,0.15625,0.515625,0.328125,11.7578125,0.048452976712423,-0.0341107218482169,3.5781393780121427,2.671622166355326,discovery
2021,300,0.8,gap_binary,NO_GAP_DOWN,136,0.0105098556304948,-0.0111885560781114,1.511877357782906,0.4117647058823529,0.1764705882352941,0.5514705882352942,0.2720588235294117,10.779411764705882,0.0500307326892754,-0.0324320376981871,4.221689634599917,2.792349268852613,discovery
2021,300,0.8,gap_four_state,GAP_DOWN_CONTINUED,66,0.0206594475708123,-0.0011151747756125,2.2977260624474543,0.4848484848484848,0.1818181818181818,0.4393939393939394,0.3787878787878788,12.045454545454543,0.0567898828413173,-0.0305514356216695,2.4142256709863394,1.0507021313127267,discovery
2021,300,0.8,gap_four_state,GAP_DOWN_REJECTED,62,-0.0073710698067225,-0.0195190233513974,0.7180574500056778,0.3387096774193548,0.1290322580645161,0.5967741935483871,0.2741935483870967,11.451612903225806,0.0395782056719872,-0.0378996394442189,1.1639137070258023,1.6209200350425992,discovery
2021,300,0.8,gap_four_state,NO_GAP_DOWN_RISING,57,0.0093479068143682,-0.0111895525499999,1.4999858333156957,0.4210526315789473,0.1228070175438596,0.5087719298245614,0.3684210526315789,11.596491228070176,0.0523729212260418,-0.0307988745859006,1.5985222598890876,1.0656915714700976,discovery
2021,300,0.8,gap_four_state,NO_GAP_DOWN_SELLING,79,0.0113482237636495,-0.0111875596062229,1.5192167959447642,0.4050632911392405,0.2151898734177215,0.5822784810126582,0.2025316455696202,10.189873417721518,0.0483407991880641,-0.033610395893128,2.623167374710829,1.7266576973825154,discovery
2021,500,0.6,gap_binary,GAP_DOWN,257,0.0021165474487933,-0.0124715232057416,1.0964076106419716,0.4163424124513619,0.3268482490272373,0.5369649805447471,0.1361867704280155,9.334630350194551,0.0412754470264443,-0.0339710241013877,6.18617005371375,5.642217359373861,discovery
2021,500,0.6,gap_binary,NO_GAP_DOWN,235,0.0007339463739849,-0.0117162981363636,1.0336034229047284,0.4127659574468085,0.3319148936170212,0.5659574468085107,0.102127659574468,8.38723404255319,0.0382586245106929,-0.0344903251283732,5.305210404743178,5.132733006856714,discovery
2021,500,0.6,gap_four_state,GAP_DOWN_CONTINUED,134,0.005379785010756,-0.0122225697941585,1.2514145545602535,0.4402985074626865,0.3358208955223881,0.5074626865671642,0.1567164179104477,9.865671641791044,0.0450251531462133,-0.0345612184627228,3.5882319176065884,2.867340726165272,discovery
2021,500,0.6,gap_four_state,GAP_DOWN_REJECTED,123,-0.0014385243666782,-0.015189678869527,0.936235544678311,0.3902439024390244,0.3170731707317073,0.5691056910569106,0.1138211382113821,8.75609756097561,0.0371904013349887,-0.0333280481305025,2.597938136107161,2.774876633208589,discovery
2021,500,0.6,gap_four_state,NO_GAP_DOWN_RISING,107,0.0013598379462575,-0.0117162981363636,1.063723140574098,0.4205607476635514,0.308411214953271,0.5514018691588785,0.1401869158878504,8.411214953271028,0.0418685984874218,-0.0343344873674593,2.428859364559643,2.283356704310083,discovery
2021,500,0.6,gap_four_state,NO_GAP_DOWN_SELLING,128,0.0002107401377883,-0.0115855855696295,1.0094668919695848,0.40625,0.3515625,0.578125,0.0703125,8.3671875,0.035240911889521,-0.0346205957566372,2.8763510401835344,2.8493763025466308,discovery
2021,500,0.8,gap_binary,GAP_DOWN,257,0.0001127369645109,-0.0175674570597031,1.0046081575522778,0.3696498054474708,0.1556420233463035,0.5719844357976653,0.2723735408560311,11.249027237354085,0.0472900216954836,-0.0368458020298156,6.316388608806804,6.287415208927479,discovery
2021,500,0.8,gap_binary,NO_GAP_DOWN,235,0.0029871735776447,-0.0130565212508378,1.130693631589181,0.3872340425531915,0.1829787234042553,0.5872340425531914,0.2297872340425532,10.340425531914894,0.0452145080534866,-0.0356440101447358,6.073217596081333,5.371231805334814,discovery
2021,500,0.8,gap_four_state,GAP_DOWN_CONTINUED,134,0.0076872162264645,-0.0142046002015465,1.3436969028171932,0.4104477611940298,0.1716417910447761,0.5223880597014925,0.3059701492537313,11.78358208955224,0.0521052213811172,-0.0358125622715821,4.0271665694863445,2.997079595140089,discovery
2021,500,0.8,gap_four_state,GAP_DOWN_REJECTED,123,-0.0081391347517636,-0.0195913800465253,0.6957411972590287,0.3252032520325203,0.1382113821138211,0.6260162601626016,0.2357723577235772,10.666666666666666,0.0420441943956878,-0.0379714453436635,2.2892220393204594,3.290335613787389,discovery
2021,500,0.8,gap_four_state,NO_GAP_DOWN_RISING,107,0.0008951135144364,-0.0171308823959591,1.0405422940048754,0.3925233644859813,0.1495327102803738,0.5700934579439252,0.2803738317757009,10.467289719626168,0.0469287240144368,-0.0350944316492943,2.458177902972257,2.36240075692756,discovery
2021,500,0.8,gap_four_state,NO_GAP_DOWN_SELLING,128,0.0047360050367329,-0.0126637188394726,1.2014764654275698,0.3828125,0.2109375,0.6015625,0.1875,10.234375,0.0437815306486298,-0.036103423418269,3.6150396931090767,3.008831048407255,discovery
2022,300,0.6,gap_binary,GAP_DOWN,220,-0.0159150481609593,-0.0294095231797048,0.4921895309537724,0.2318181818181818,0.1545454545454545,0.75,0.0954545454545454,7.44090909090909,0.0366424995667646,-0.0436795129601809,3.3936055373485425,6.894916132759594,discovery
2022,300,0.6,gap_binary,NO_GAP_DOWN,201,-0.0197153874460176,-0.0300431784441524,0.3947571420355598,0.2039800995024875,0.1592039800995024,0.7711442786069652,0.0696517412935323,7.552238805970149,0.0319393252832983,-0.0441015188175126,2.5846497317229904,6.5474426083725294,discovery
2022,300,0.6,gap_four_state,GAP_DOWN_CONTINUED,84,-0.004629865008977,-0.021267963322691,0.8235524088568855,0.3214285714285714,0.2142857142857142,0.6547619047619048,0.1309523809523809,7.714285714285714,0.0415982945939517,-0.0408698128611211,1.815194315288441,2.2041029760425124,discovery
2022,300,0.6,gap_four_state,GAP_DOWN_REJECTED,136,-0.022885308343066,-0.0351769239116383,0.3364898940389197,0.1764705882352941,0.1176470588235294,0.8088235294117647,0.0735294117647058,7.272058823529412,0.0335815673440902,-0.0454149159625414,1.5784112220601012,4.690813156717081,discovery
2022,300,0.6,gap_four_state,NO_GAP_DOWN_RISING,106,-0.0198542097727684,-0.0317859973589151,0.4035325336512395,0.2264150943396226,0.1886792452830188,0.7641509433962265,0.0471698113207547,6.962264150943396,0.030345230483997,-0.0446778597272528,1.4238041849339853,3.528350420847442,discovery
2022,300,0.6,gap_four_state,NO_GAP_DOWN_SELLING,95,-0.0195604909551166,-0.0286326162797153,0.3845015238639046,0.1789473684210526,0.1263157894736842,0.7789473684210526,0.0947368421052631,8.210526315789474,0.0337179994804135,-0.0434584436971709,1.1608455467890055,3.019092187525088,discovery
2022,300,0.8,gap_binary,GAP_DOWN,221,-0.0179927076656214,-0.0321907906555193,0.4599983458594699,0.1900452488687782,0.085972850678733,0.7737556561085973,0.1402714932126696,8.438914027149321,0.0415846563713748,-0.04610445837238,3.387271260665176,7.363659654767524,discovery
2022,300,0.8,gap_binary,NO_GAP_DOWN,201,-0.0223432720500807,-0.0314057325107696,0.3641024331622537,0.1691542288557214,0.0796019900497512,0.8059701492537313,0.1144278606965174,8.621890547263682,0.035485482347379,-0.0470885646834035,2.5714568959556727,7.062454578021904,discovery
2022,300,0.8,gap_four_state,GAP_DOWN_CONTINUED,85,-0.0042655161165999,-0.0251769099709582,0.8473280028157879,0.2823529411764706,0.1411764705882353,0.6823529411764706,0.1764705882352941,9.047058823529412,0.0495317566457255,-0.0432134506001765,2.0122534720901237,2.374822342001122,discovery
2022,300,0.8,gap_four_state,GAP_DOWN_REJECTED,136,-0.0265722023837599,-0.0378562938001207,0.2756188872017116,0.1323529411764706,0.0514705882352941,0.8308823529411765,0.1176470588235294,8.058823529411764,0.0366177186999056,-0.0479113382300072,1.3750177885750532,4.988837312766402,discovery
2022,300,0.8,gap_four_state,NO_GAP_DOWN_RISING,106,-0.0251943349599767,-0.0336005835533154,0.3359459224014862,0.1698113207547169,0.0849056603773584,0.8207547169811321,0.0943396226415094,8.330188679245284,0.0340182720578847,-0.0496194441142005,1.3510601690320465,4.0216596747895785,discovery
2022,300,0.8,gap_four_state,NO_GAP_DOWN_SELLING,95,-0.0191620860664073,-0.0286326162797153,0.4013413484830432,0.1684210526315789,0.0736842105263157,0.7894736842105263,0.1368421052631579,8.947368421052632,0.0371225801440779,-0.0442646360553563,1.2203967269236262,3.0407949032323245,discovery
2022,500,0.6,gap_binary,GAP_DOWN,365,-0.0132122448373945,-0.0275975379556259,0.563313437378664,0.2493150684931507,0.1808219178082191,0.736986301369863,0.0821917808219178,7.054794520547945,0.0371157707311575,-0.0436533070225667,6.220850439523763,11.04331980517279,discovery
2022,500,0.6,gap_binary,NO_GAP_DOWN,316,-0.0174741777740527,-0.0290294513838948,0.4508854430476016,0.2278481012658227,0.1613924050632911,0.75,0.0886075949367088,7.860759493670886,0.034365097700006,-0.0445493666748033,4.534058190485144,10.055898367085824,discovery
2022,500,0.6,gap_four_state,GAP_DOWN_CONTINUED,136,-0.0054446134402576,-0.0248383329259194,0.7983736395723139,0.3161764705882353,0.2205882352941176,0.6691176470588235,0.1102941176470588,7.448529411764706,0.0417464725372398,-0.0431709102940912,2.93200588515991,3.672473313034953,discovery
2022,500,0.6,gap_four_state,GAP_DOWN_REJECTED,229,-0.0178253359728121,-0.0292557799647277,0.4461963165115324,0.2096069868995633,0.1572052401746725,0.777292576419214,0.0655021834061135,6.820960698689956,0.0343656596148816,-0.0439397959093469,3.288844554363852,7.370846492137835,discovery
2022,500,0.6,gap_four_state,NO_GAP_DOWN_RISING,161,-0.0197551910797414,-0.0301021970156839,0.3984249296408166,0.2236024844720497,0.1614906832298136,0.7701863354037267,0.0683229813664596,7.304347826086956,0.0313006874528199,-0.0439721210411947,2.106511259546145,5.287097023384511,discovery
2022,500,0.6,gap_four_state,NO_GAP_DOWN_SELLING,155,-0.0151048671791116,-0.0279443477719143,0.5090476109149172,0.232258064516129,0.1612903225806451,0.7290322580645161,0.1096774193548387,8.438709677419356,0.0375481302793411,-0.0451489573006806,2.427546930939,4.768801343701312,discovery
2022,500,0.8,gap_binary,GAP_DOWN,366,-0.0148267315734891,-0.0300910139936597,0.5390238005024285,0.2131147540983606,0.0983606557377049,0.7595628415300546,0.1420765027322404,8.248633879781421,0.0422581953610382,-0.0455896611606316,6.34535536332774,11.771939119224756,discovery
2022,500,0.8,gap_binary,NO_GAP_DOWN,317,-0.0189795560424184,-0.0303318554019383,0.4396993952379224,0.195583596214511,0.0820189274447949,0.7791798107255521,0.138801261829653,8.883280757097792,0.0383545706103935,-0.0468047862659916,4.721501029929367,10.738020295376003,discovery
2022,500,0.8,gap_four_state,GAP_DOWN_CONTINUED,137,-0.0075185858981218,-0.0271420259970288,0.7389645017477192,0.2846715328467153,0.1094890510948905,0.6934306569343066,0.1970802919708029,9.102189781021895,0.0484286227818349,-0.0448607757738924,2.915954467256503,3.946000735299194,discovery
2022,500,0.8,gap_four_state,GAP_DOWN_REJECTED,229,-0.0191988536587525,-0.0335300278159969,0.438209544700123,0.1703056768558952,0.0917030567685589,0.7991266375545851,0.1091703056768559,7.737991266375546,0.0385667169477231,-0.0460257192304276,3.429400896071236,7.825938383925562,discovery
2022,500,0.8,gap_four_state,NO_GAP_DOWN_RISING,162,-0.0239693939527511,-0.0318925400261733,0.3363590575790173,0.1790123456790123,0.074074074074074,0.808641975308642,0.1172839506172839,8.493827160493828,0.0343856019937549,-0.0474167490930895,1.9680767170071023,5.8511185373527885,discovery
2022,500,0.8,gap_four_state,NO_GAP_DOWN_SELLING,155,-0.0137643706135545,-0.0286326162797153,0.5634294383761138,0.2129032258064516,0.0903225806451612,0.7483870967741936,0.1612903225806451,9.290322580645162,0.0425027829710094,-0.0461651864079925,2.753424312922264,4.8869017580232175,discovery
2023,300,0.6,gap_binary,GAP_DOWN,170,-0.0046851677743945,-0.0196415968044653,0.804335083846533,0.3529411764705882,0.2529411764705882,0.5941176470588235,0.1529411764705882,9.33529411764706,0.0419164606562556,-0.036595698004676,3.274146592475914,4.070625114122986,validation
2023,300,0.6,gap_binary,NO_GAP_DOWN,151,0.0004320765343149,-0.0195018566640153,1.0177360657158852,0.3642384105960264,0.2980132450331126,0.5894039735099338,0.1125827814569536,8.483443708609272,0.0429407565660004,-0.0371619727786334,3.7438246877337287,3.678581131052172,validation
2023,300,0.6,gap_four_state,GAP_DOWN_CONTINUED,74,-0.0052155921942324,-0.0193993955639869,0.7967199103977581,0.3918918918918919,0.2837837837837837,0.581081081081081,0.1351351351351351,8.864864864864865,0.0367890313470548,-0.0375677267200643,1.5126768951180989,1.8986307174912984,validation
2023,300,0.6,gap_four_state,GAP_DOWN_REJECTED,96,-0.0042762989507694,-0.0203702730147372,0.8109918239611895,0.3229166666666667,0.2291666666666666,0.6041666666666666,0.1666666666666666,9.697916666666666,0.045868854082098,-0.0358464258698975,1.7614696973578154,2.1719943966316877,validation
2023,300,0.6,gap_four_state,NO_GAP_DOWN_RISING,66,-0.0005157538981314,-0.0222442875926131,0.9773779463791348,0.3181818181818182,0.2878787878787879,0.6212121212121212,0.0909090909090909,9.045454545454543,0.0435636673647555,-0.0366276355624588,1.4706758555127586,1.5047156127894343,validation
2023,300,0.6,gap_four_state,NO_GAP_DOWN_SELLING,85,0.0011680389877439,-0.0170052654127146,1.0456713228689394,0.4,0.3058823529411765,0.5647058823529412,0.1294117647058823,8.047058823529412,0.0424570846516729,-0.0375768699111924,2.2731488322209694,2.1738655182627373,validation
2023,300,0.8,gap_binary,GAP_DOWN,170,-0.0069907145271488,-0.0227118259644641,0.7257074770527148,0.3,0.1235294117647058,0.6235294117647059,0.2529411764705882,11.06470588235294,0.0468071174961605,-0.0385091129283724,3.1442575872020644,4.332679056817362,validation
2023,300,0.8,gap_binary,NO_GAP_DOWN,151,0.0056412842880751,-0.0204623350558326,1.2250492220521825,0.3443708609271523,0.1589403973509933,0.5960264900662252,0.2450331125827814,10.350993377483444,0.0532896729829653,-0.0380257028555886,4.636934447872729,3.785100520373388,validation
2023,300,0.8,gap_four_state,GAP_DOWN_CONTINUED,74,-0.0064085324178035,-0.0253780317213275,0.7704660060329322,0.3243243243243243,0.1621621621621621,0.6216216216216216,0.2162162162162162,11.16216216216216,0.0434257336652975,-0.0405559291787329,1.5918303234499145,2.066061722367378,validation
2023,300,0.8,gap_four_state,GAP_DOWN_REJECTED,96,-0.0074394799031024,-0.0219609665635925,0.6849092875789111,0.28125,0.09375,0.625,0.28125,10.989583333333334,0.0494136008657839,-0.0369313587353861,1.5524272637521492,2.2666173344499847,validation
2023,300,0.8,gap_four_state,NO_GAP_DOWN_RISING,66,0.0034534807598505,-0.0222442875926131,1.1496690761775172,0.303030303030303,0.1212121212121212,0.6212121212121212,0.2575757575757575,10.772727272727272,0.0509721711489459,-0.0370595811131448,1.7508210044959078,1.5228912743457736,validation
2023,300,0.8,gap_four_state,NO_GAP_DOWN_SELLING,85,0.0073400493805789,-0.0195018566640153,1.2757942035842915,0.3764705882352941,0.188235294117647,0.5764705882352941,0.2352941176470588,10.023529411764706,0.0550891449952627,-0.0387758679732509,2.886113443376821,2.262209246027614,validation
2023,500,0.6,gap_binary,GAP_DOWN,303,-0.0007481084754009,-0.0183726774245013,0.9666622112035332,0.3828382838283828,0.2937293729372937,0.5643564356435643,0.1419141914191419,9.45874587458746,0.0431722907572159,-0.0350118233189963,6.572720339440807,6.799397207487305,validation
2023,500,0.6,gap_binary,NO_GAP_DOWN,288,0.006223418865452,-0.0171890461153654,1.283474518080945,0.3888888888888889,0.3263888888888889,0.5590277777777778,0.1145833333333333,8.76388888888889,0.0458650814178487,-0.0348341037143353,8.115116236793021,6.322771603542833,validation
2023,500,0.6,gap_four_state,GAP_DOWN_CONTINUED,147,0.0020428003514665,-0.0153341906732891,1.094313291922247,0.4081632653061224,0.3401360544217687,0.5374149659863946,0.1224489795918367,8.72108843537415,0.0412783672216384,-0.033289678581921,3.4842718260947496,3.183980174429165,validation
2023,500,0.6,gap_four_state,GAP_DOWN_REJECTED,156,-0.0033780033314877,-0.0199101949704744,0.8542440568007339,0.358974358974359,0.25,0.5897435897435898,0.1602564102564102,10.153846153846152,0.0449569494734331,-0.0366346135520097,3.0884485133460577,3.615417033058139,validation
2023,500,0.6,gap_four_state,NO_GAP_DOWN_RISING,131,0.0027175663026547,-0.0207806187375413,1.1240213314951923,0.3587786259541984,0.3129770992366412,0.5877862595419847,0.099236641221374,8.740458015267176,0.0433131833225799,-0.0345161822401645,3.2264846851864584,2.87048349953869,validation
2023,500,0.6,gap_four_state,NO_GAP_DOWN_SELLING,157,0.0091486843796332,-0.0159633177628014,1.416055498362513,0.4140127388535032,0.3375796178343949,0.535031847133758,0.1273885350318471,8.78343949044586,0.0479943721852386,-0.0350993757724013,4.888631551606562,3.452288104004143,validation
2023,500,0.8,gap_binary,GAP_DOWN,303,0.0003104341400831,-0.0198048262678903,1.0132863150525286,0.3531353135313531,0.1716171617161716,0.5808580858085809,0.2475247524752475,11.264026402640264,0.0489780139495022,-0.0362149196154122,7.17364260761534,7.079581063170147,validation
2023,500,0.8,gap_binary,NO_GAP_DOWN,288,0.0113606114260352,-0.0176265145138759,1.5076733586527722,0.3715277777777778,0.1805555555555555,0.5625,0.2569444444444444,10.614583333333334,0.0549167281301592,-0.035347526473048,9.716661662888807,6.444805572190669,validation
2023,500,0.8,gap_four_state,GAP_DOWN_CONTINUED,147,0.0032982449043912,-0.0187791365849562,1.1438896240364491,0.3741496598639456,0.2108843537414966,0.5578231292517006,0.2312925170068027,11.217687074829932,0.0485270543688403,-0.0349985206072364,3.854383093239219,3.369541092293709,validation
2023,500,0.8,gap_four_state,GAP_DOWN_REJECTED,156,-0.002505002926284,-0.0214897392301564,0.8946694753781861,0.3333333333333333,0.1346153846153846,0.6025641025641025,0.2628205128205128,11.307692307692308,0.0494029566312798,-0.0373611417577318,3.319259514376122,3.710039970876436,validation
2023,500,0.8,gap_four_state,NO_GAP_DOWN_RISING,131,0.0078563338378777,-0.0207806187375413,1.3557258618054011,0.3435114503816794,0.183206106870229,0.5877862595419847,0.2290076335877862,10.458015267175572,0.0511354224453283,-0.034750156041547,3.922361936436004,2.893182203674016,validation
2023,500,0.8,gap_four_state,NO_GAP_DOWN_SELLING,157,0.0142845627894022,-0.0167614313369317,1.631451064833153,0.3949044585987261,0.1783439490445859,0.5414012738853503,0.2802547770700637,10.745222929936306,0.0580718303257824,-0.0358459693171667,5.794299726452804,3.551623368516653,validation
2024,300,0.6,gap_binary,GAP_DOWN,173,-0.0002655424885333,-0.0173504861474823,0.9888767424402372,0.3699421965317919,0.2196531791907514,0.5953757225433526,0.1849710982658959,9.433526011560694,0.0433605406254744,-0.0366693480748637,4.084042880954716,4.129981731470983,validation
2024,300,0.6,gap_binary,NO_GAP_DOWN,161,-0.0033494507347921,-0.0232194314277875,0.8644399556555282,0.3540372670807453,0.2298136645962732,0.6211180124223602,0.1490683229813664,8.77639751552795,0.040868751142896,-0.037956347841634,3.438765813654892,3.978027381956428,validation
2024,300,0.6,gap_four_state,GAP_DOWN_CONTINUED,67,-0.0112663596515291,-0.029806123733589,0.6409647378812262,0.3134328358208955,0.2238805970149253,0.6716417910447762,0.1044776119402985,8.597014925373134,0.0424576263321258,-0.0428773643844412,1.3475827628358374,2.102428859488291,validation
2024,300,0.6,gap_four_state,GAP_DOWN_REJECTED,106,0.0066878042088319,-0.0121756811018317,1.3496368730660837,0.4056603773584906,0.2169811320754717,0.5471698113207547,0.2358490566037736,9.962264150943396,0.0439312506033456,-0.0327454132376779,2.7364601181188783,2.0275528719826923,validation
2024,300,0.6,gap_four_state,NO_GAP_DOWN_RISING,67,0.0086725462922501,-0.0029449357593813,1.4261019389060352,0.4925373134328358,0.2985074626865671,0.4925373134328358,0.208955223880597,9.880597014925373,0.0490135499770598,-0.0353567331451243,1.9447263081310893,1.3636657065503268,validation
2024,300,0.6,gap_four_state,NO_GAP_DOWN_SELLING,94,-0.0119183209561946,-0.0281809491882927,0.5714739163974801,0.2553191489361702,0.1808510638297872,0.7127659574468085,0.1063829787234042,7.98936170212766,0.0350634158036516,-0.0398092646997846,1.4940395055238025,2.614361675406102,validation
2024,300,0.8,gap_binary,GAP_DOWN,173,0.0006160552075551,-0.019193926590081,1.02492261597011,0.3526011560693641,0.1387283236994219,0.6127167630057804,0.2485549132947976,10.658959537572256,0.0469096148793164,-0.0373551606671493,4.382916400523319,4.276338849616271,validation
2024,300,0.8,gap_binary,NO_GAP_DOWN,162,-0.0039206534428913,-0.0254286149320779,0.8514334970010506,0.3148148148148148,0.1604938271604938,0.654320987654321,0.1851851851851851,9.74074074074074,0.0468627214153848,-0.0399683864869638,3.640016072615433,4.275161930363824,validation
2024,300,0.8,gap_four_state,GAP_DOWN_CONTINUED,67,-0.0097859449529454,-0.029806123733589,0.6881424506287811,0.3134328358208955,0.1492537313432835,0.6716417910447762,0.1791044776119403,10.0,0.0450392953948824,-0.0432085352776953,1.4467705476409456,2.102428859488291,validation
2024,300,0.8,gap_four_state,GAP_DOWN_REJECTED,106,0.0071909043656074,-0.0153856055306941,1.3506289893398575,0.3773584905660377,0.1320754716981132,0.5754716981132075,0.2924528301886792,11.075471698113208,0.0480917979496663,-0.0336553861491626,2.9361458528823734,2.1739099901279806,validation
2024,300,0.8,gap_four_state,NO_GAP_DOWN_RISING,68,0.0116612155683637,-0.0062679116751117,1.5538203591402513,0.4705882352941176,0.25,0.5147058823529411,0.2352941176470588,10.764705882352942,0.0559357782412273,-0.0359677015926374,2.2247674768748684,1.431804818226131,validation
2024,300,0.8,gap_four_state,NO_GAP_DOWN_SELLING,94,-0.0151926437914588,-0.029612040246485,0.4977386026184208,0.202127659574468,0.0957446808510638,0.7553191489361702,0.1489361702127659,9.0,0.0402992334988178,-0.0428624989637106,1.4152485957405645,2.843357112137693,validation
2024,500,0.6,gap_binary,GAP_DOWN,315,0.0153212242716845,-0.0154118765934601,1.7019188576537263,0.3936507936507936,0.2761904761904762,0.5682539682539682,0.1555555555555555,8.961904761904762,0.0560588279255574,-0.0341689514682428,11.7018887171763,6.875703071595655,validation
2024,500,0.6,gap_binary,NO_GAP_DOWN,274,-0.0024119216723814,-0.020792960097564,0.9052624884270548,0.3722627737226277,0.2810218978102189,0.5912408759124088,0.1277372262773722,8.978102189781023,0.0427954373940944,-0.0382486528839986,6.31489762593043,6.975764164162955,validation
2024,500,0.6,gap_four_state,GAP_DOWN_CONTINUED,127,0.0317750202294595,-0.0141663408038469,2.350787248077073,0.4251968503937008,0.3307086614173228,0.5511811023622047,0.1181102362204724,8.700787401574804,0.074373036299006,-0.0360397595880276,7.022891046373646,2.987463477232285,validation
2024,500,0.6,gap_four_state,GAP_DOWN_REJECTED,188,0.0042061599810599,-0.015455404655829,1.203371746325923,0.3723404255319149,0.2393617021276596,0.5797872340425532,0.1808510638297872,9.138297872340424,0.0436869956732809,-0.0329051608766861,4.678997670802649,3.8882395943633705,validation
2024,500,0.6,gap_four_state,NO_GAP_DOWN_RISING,123,0.0076091170038232,-0.0065928523568717,1.3594904546398572,0.4715447154471545,0.3333333333333333,0.5040650406504065,0.1626016260162601,9.959349593495936,0.0491297934205793,-0.0345559067044576,3.539387990904392,2.6034665994341326,validation
2024,500,0.6,gap_four_state,NO_GAP_DOWN_SELLING,151,-0.0105747545013429,-0.0258889314862542,0.6347943144162882,0.2913907284768212,0.23841059602649,0.6622516556291391,0.0993377483443708,8.178807947019868,0.037635663942057,-0.0412566514275981,2.7755096350260398,4.372297564728823,validation
2024,500,0.8,gap_binary,GAP_DOWN,316,0.0147967532171402,-0.0161399685786747,1.6457140039461682,0.3734177215189873,0.1455696202531645,0.5854430379746836,0.2689873417721519,10.768987341772153,0.0610434679394779,-0.0354446939504636,11.91702012254111,7.241246105924807,validation
2024,500,0.8,gap_binary,NO_GAP_DOWN,275,-0.0030295728037044,-0.0228399363927628,0.8872282018735803,0.3381818181818182,0.1563636363636363,0.6181818181818182,0.2254545454545454,10.436363636363636,0.048977779308065,-0.0399135442693271,6.554641149884072,7.387773670902799,validation
2024,500,0.8,gap_four_state,GAP_DOWN_CONTINUED,128,0.0301415345186145,-0.0190091755494914,2.203161289258532,0.3984375,0.1875,0.5703125,0.2421875,10.78125,0.0796079471145771,-0.0381919239657482,7.064765811798813,3.2066493934161486,validation
2024,500,0.8,gap_four_state,GAP_DOWN_REJECTED,188,0.0043492425437959,-0.0158974055702184,1.202661543766845,0.3563829787234042,0.1170212765957446,0.5957446808510638,0.2872340425531915,10.76063829787234,0.0484038225436657,-0.033574239471972,4.852254310742302,4.034596712508659,validation
2024,500,0.8,gap_four_state,NO_GAP_DOWN_RISING,124,0.0089506449381364,-0.0083028515954815,1.4148106384634345,0.4516129032258064,0.2096774193548387,0.5161290322580645,0.2741935483870967,11.556451612903226,0.0559687257183843,-0.0351494542292544,3.7855104152708057,2.6756304429418822,validation
2024,500,0.8,gap_four_state,NO_GAP_DOWN_SELLING,151,-0.0128676324062758,-0.0283257459242836,0.5876584391963716,0.2450331125827814,0.1125827814569536,0.7019867549668874,0.1854304635761589,9.516556291390728,0.0432368696731008,-0.0438257771499167,2.769130734613265,4.712143227960918,validation
2025,300,0.6,gap_binary,GAP_DOWN,142,0.0296620312351286,-0.0062119332199352,2.56381590192252,0.4718309859154929,0.3661971830985915,0.4647887323943662,0.1690140845070422,9.683098591549296,0.0682552666460686,-0.0333865195558324,6.905425499513342,2.6934170641250788,validation
2025,300,0.6,gap_binary,NO_GAP_DOWN,129,0.0083643582204927,-0.0023894143868817,1.474162887407738,0.4883720930232558,0.4031007751937984,0.4728682170542636,0.1240310077519379,8.813953488372093,0.0427912180990186,-0.0294539701115055,3.354596186898596,2.2755939764550246,validation
2025,300,0.6,gap_four_state,GAP_DOWN_CONTINUED,72,0.0149369540917167,-0.0098438454851945,1.7657747635347365,0.4861111111111111,0.375,0.4861111111111111,0.1388888888888889,10.055555555555555,0.0521763239506063,-0.0360379470927422,2.479869335127861,1.404408640524257,validation
2025,300,0.6,gap_four_state,GAP_DOWN_REJECTED,70,0.0448078248683522,-0.005686564442267,3.433302749118405,0.4571428571428571,0.3571428571428571,0.4428571428571428,0.2,9.3,0.0847936077042584,-0.0306593369464395,4.425556164385482,1.2890084236008217,validation
2025,300,0.6,gap_four_state,NO_GAP_DOWN_RISING,59,0.0078319001869436,-0.0023894143868817,1.4397230491132578,0.4745762711864407,0.3898305084745763,0.4576271186440678,0.1525423728813559,8.610169491525424,0.0427341478783244,-0.0272370382754313,1.5129301663260797,1.0508480552964063,validation
2025,300,0.6,gap_four_state,NO_GAP_DOWN_SELLING,70,0.0088131442773413,0.0004778043519409,1.503712720129157,0.5,0.4142857142857143,0.4857142857142857,0.1,8.985714285714286,0.0428393201421751,-0.0313225269447681,1.841666020572516,1.2247459211586182,validation
2025,300,0.8,gap_binary,GAP_DOWN,143,0.0316161048398428,-0.0069431247532383,2.65370190507176,0.4545454545454545,0.1818181818181818,0.4615384615384615,0.3566433566433566,12.398601398601398,0.0751066004274315,-0.033883018698334,7.255031627138517,2.733928635040993,validation
2025,300,0.8,gap_binary,NO_GAP_DOWN,129,0.0116559085470146,-0.0078305209401707,1.6242286662766612,0.4573643410852713,0.2015503875968992,0.4961240310077519,0.3023255813953488,11.573643410852712,0.0518857361270801,-0.0306259301633256,3.912364449611629,2.408752247046735,validation
2025,300,0.8,gap_four_state,GAP_DOWN_CONTINUED,73,0.017947335994474,-0.0069431247532383,1.9285946924754116,0.4794520547945205,0.1917808219178082,0.4794520547945205,0.3287671232876712,12.657534246575343,0.0600675076112052,-0.0362126428299279,2.721056901697768,1.4109013741011631,validation
2025,300,0.8,gap_four_state,GAP_DOWN_REJECTED,70,0.0458706780642988,-0.0076471052767758,3.4269699947225445,0.4285714285714285,0.1714285714285714,0.4428571428571428,0.3857142857142857,12.128571428571428,0.0907902257929246,-0.0314535535325289,4.533974725440749,1.3230272609398297,validation
2025,300,0.8,gap_four_state,NO_GAP_DOWN_RISING,59,0.0128024483276842,-0.0078305209401707,1.695387691915873,0.4406779661016949,0.1864406779661017,0.4745762711864407,0.3389830508474576,11.728813559322036,0.0532745978771807,-0.0279698413165986,1.8415650734618851,1.086220622128514,validation
2025,300,0.8,gap_four_state,NO_GAP_DOWN_SELLING,70,0.0106895393033074,-0.0077329851993384,1.5657843919443453,0.4714285714285714,0.2142857142857142,0.5142857142857142,0.2714285714285714,11.442857142857145,0.0507151240805667,-0.0328646336198526,2.070799376149744,1.3225316249182208,validation
2025,500,0.6,gap_binary,GAP_DOWN,282,0.0331017002101681,0.0002722857508885,2.8253437274298303,0.5035460992907801,0.3829787234042553,0.4609929078014184,0.1560283687943262,9.177304964539006,0.07008269738297,-0.0317273605507617,14.44860913672661,5.113929677459202,validation
2025,500,0.6,gap_binary,NO_GAP_DOWN,251,0.0070345663565397,0.0007834713903211,1.3834889501021073,0.50199203187251,0.3944223107569721,0.4581673306772908,0.147410358565737,9.115537848605578,0.0417748565471276,-0.0308071993023503,6.369918741937212,4.604242586445729,validation
2025,500,0.6,gap_four_state,GAP_DOWN_CONTINUED,133,0.011518469964205,-0.0048194568382352,1.605043074680782,0.4962406015037593,0.3759398496240601,0.4812030075187969,0.1428571428571428,9.593984962406015,0.0474915418915866,-0.034065658255619,4.063935746630513,2.531979241391242,validation
2025,500,0.6,gap_four_state,GAP_DOWN_REJECTED,149,0.0523672681478398,0.0013033935141621,4.022026621824262,0.5100671140939598,0.3892617449664429,0.4429530201342282,0.1677852348993288,8.805369127516778,0.0902479569826613,-0.0296401552168958,10.384673390096095,2.5819504360679604,validation
2025,500,0.6,gap_four_state,NO_GAP_DOWN_RISING,101,0.0071184953943901,-2.7437624749993006e-06,1.4103194630850024,0.495049504950495,0.3663366336633663,0.4554455445544554,0.1782178217821782,9.178217821782178,0.0414007075395006,-0.0274567955330801,2.4711833195479525,1.7522152847145454,validation
2025,500,0.6,gap_four_state,NO_GAP_DOWN_SELLING,150,0.0069780541377205,0.0055929313842884,1.3670049441752266,0.5066666666666667,0.4133333333333333,0.46,0.1266666666666666,9.073333333333334,0.0420267835455965,-0.0330631378403256,3.89873542238926,2.8520273017311832,validation
2025,500,0.8,gap_binary,GAP_DOWN,283,0.0330050988028757,-0.0069431247532383,2.6745336619836086,0.4593639575971731,0.1802120141342756,0.4805653710247349,0.3392226148409894,11.71024734982332,0.0768891660882922,-0.0336632944905305,14.918379776260814,5.57793681504699,validation
2025,500,0.8,gap_binary,NO_GAP_DOWN,252,0.0088591882669749,-0.0075268980230382,1.4456055975253317,0.4642857142857143,0.2182539682539682,0.4801587301587302,0.3015873015873015,11.484126984126984,0.0498984390944192,-0.0319873250283617,7.24258590845122,5.010070465173546,validation
2025,500,0.8,gap_four_state,GAP_DOWN_CONTINUED,134,0.015977520441659,-0.0052251108107168,1.843083905259535,0.4850746268656716,0.2014925373134328,0.4776119402985074,0.3208955223880597,11.940298507462687,0.0554372753385615,-0.0343601773596213,4.680459464150461,2.5394717249681484,validation
2025,500,0.8,gap_four_state,GAP_DOWN_REJECTED,149,0.0483184914230302,-0.0126191740600485,3.3694381895448062,0.436241610738255,0.1610738255033557,0.4832214765100671,0.3557046979865771,11.503355704697986,0.0961814705209359,-0.0330365676149723,10.23792031211035,3.038465090078842,validation
2025,500,0.8,gap_four_state,NO_GAP_DOWN_RISING,101,0.0105870660207078,-0.0060822837761446,1.5771616262640442,0.4554455445544554,0.1881188118811881,0.4752475247524752,0.3366336633663366,11.554455445544557,0.0495587332163805,-0.0279442242534949,2.921969971284073,1.852676303192584,validation
2025,500,0.8,gap_four_state,NO_GAP_DOWN_SELLING,151,0.0077034554648091,-0.0086970811628457,1.368411961101612,0.4701986754966887,0.23841059602649,0.4834437086092715,0.2781456953642384,11.437086092715232,0.0501256595823788,-0.0346916507122131,4.320615937167148,3.157394161980961,validation
2026,300,0.6,gap_binary,GAP_DOWN,46,0.008146856671722,-0.0061220601291078,1.4154401649236168,0.4347826086956521,0.4130434782608695,0.5652173913043478,0.0217391304347826,6.8478260869565215,0.0499982935403252,-0.0315052267044278,1.2768237155041726,0.90206830860496,validation
2026,300,0.6,gap_binary,NO_GAP_DOWN,41,-0.004611197797509,-0.0148497202307472,0.8178188436423248,0.2926829268292683,0.2439024390243902,0.6829268292682927,0.073170731707317,7.097560975609756,0.0457697119508117,-0.0363220341400186,0.8486942643486266,1.0377533740464964,validation
2026,300,0.6,gap_four_state,GAP_DOWN_CONTINUED,19,0.0153506213650206,0.0062088086494196,1.8524489033586036,0.5263157894736842,0.5263157894736842,0.4736842105263157,0.0,5.842105263157895,0.0584554720334966,-0.0318674409763924,0.6338075988225202,0.3421457928871281,validation
2026,300,0.6,gap_four_state,GAP_DOWN_REJECTED,27,0.0030775407764377,-0.0098666161242602,1.1484019638990457,0.3703703703703703,0.3333333333333333,0.6296296296296297,0.037037037037037,7.555555555555555,0.0440469457117972,-0.031250335179712,0.6430161166816524,0.5599225157178319,validation
2026,300,0.6,gap_four_state,NO_GAP_DOWN_RISING,19,-0.0008968820120527,-0.0148497202307472,0.9698811180751236,0.3157894736842105,0.2631578947368421,0.6842105263157895,0.0526315789473684,5.684210526315789,0.0536939770647628,-0.0428688998406878,0.5487424694321503,0.5657832276611521,validation
2026,300,0.6,gap_four_state,NO_GAP_DOWN_SELLING,22,-0.0078190159758576,-0.015698068469913,0.6355312877598361,0.2727272727272727,0.2272727272727272,0.6818181818181818,0.0909090909090909,8.318181818181818,0.0389260284433084,-0.0306679228530769,0.2999517949164763,0.4719701463853444,validation
2026,300,0.8,gap_binary,GAP_DOWN,46,0.0172085791836623,-0.0071110490870112,1.858430626008492,0.4130434782608695,0.391304347826087,0.5652173913043478,0.0434782608695652,8.195652173913043,0.0604058606587877,-0.0319870621185989,1.713736302432345,0.9221416599838764,validation
2026,300,0.8,gap_binary,NO_GAP_DOWN,42,-0.0014563419727432,-0.0142784549050017,0.9410588639025956,0.3095238095238095,0.2142857142857142,0.6666666666666666,0.119047619047619,8.571428571428571,0.0510061392188546,-0.0370333330419886,0.9765870111912812,1.0377533740464964,validation
2026,300,0.8,gap_four_state,GAP_DOWN_CONTINUED,19,0.0272365681284246,0.0097281049664732,2.5124979035202863,0.5263157894736842,0.5263157894736842,0.4736842105263157,0.0,7.894736842105263,0.0705683702432967,-0.0330339898738592,0.8596405873271955,0.3421457928871281,validation
2026,300,0.8,gap_four_state,GAP_DOWN_REJECTED,27,0.0101518462225333,-0.0152094713529812,1.4725893123694953,0.3333333333333333,0.2962962962962963,0.6296296296296297,0.074074074074074,8.407407407407407,0.0532544650252443,-0.031250335179712,0.8540957151051496,0.5799958670967482,validation
2026,300,0.8,gap_four_state,NO_GAP_DOWN_RISING,20,-0.0023852882645049,-0.0142784549050017,0.915681902612586,0.35,0.2,0.65,0.15,7.25,0.0577085023568549,-0.0414694139011472,0.5180774623710536,0.5657832276611521,validation
2026,300,0.8,gap_four_state,NO_GAP_DOWN_SELLING,22,-0.0006118453438689,-0.015698068469913,0.9714799809517471,0.2727272727272727,0.2272727272727272,0.6818181818181818,0.0909090909090909,9.772727272727272,0.0449130818206726,-0.0330005322609353,0.4585095488202277,0.4719701463853444,validation
2026,500,0.6,gap_binary,GAP_DOWN,93,0.0010483524969312,-0.0122318092887958,1.0477673478480871,0.4086021505376344,0.3440860215053763,0.5806451612903226,0.075268817204301,7.139784946236559,0.0433619434188648,-0.0344916014590247,2.1385726762473825,2.041075894032773,validation
2026,500,0.6,gap_binary,NO_GAP_DOWN,82,-0.0059039788754773,-0.0143221077982182,0.7549277907653134,0.3292682926829268,0.2439024390243902,0.6585365853658537,0.0975609756097561,7.792682926829267,0.0395795919232014,-0.038851363899919,1.4913170895012506,1.975443357290394,validation
2026,500,0.6,gap_four_state,GAP_DOWN_CONTINUED,41,0.0121759416098514,0.0062088086494196,1.717512095967466,0.5121951219512195,0.4390243902439024,0.4634146341463415,0.0975609756097561,7.048780487804878,0.0532249771993739,-0.029339801948347,1.194969968592872,0.6957563625889641,validation
2026,500,0.6,gap_four_state,GAP_DOWN_REJECTED,52,-0.0077253235344095,-0.0152357122968954,0.7013967207045804,0.3269230769230769,0.2692307692307692,0.6730769230769231,0.0576923076923076,7.211538461538462,0.0355853206303864,-0.038553597227059,0.9436027076545102,1.3453195314438091,validation
2026,500,0.6,gap_four_state,NO_GAP_DOWN_RISING,36,-0.0063955128791909,-0.0194791942967056,0.7775696855804822,0.2777777777777778,0.25,0.7222222222222222,0.0277777777777777,5.916666666666667,0.0426519254000582,-0.0435796527847013,0.804865336169456,1.0351037998203294,validation
2026,500,0.6,gap_four_state,NO_GAP_DOWN_SELLING,46,-0.0055193000899623,-0.0064818942325823,0.7300041223179614,0.3695652173913043,0.2391304347826087,0.6086956521739131,0.1521739130434782,9.26086956521739,0.03717515702827,-0.0351509639031329,0.6864517533317946,0.9403395574700644,validation
2026,500,0.8,gap_binary,GAP_DOWN,93,0.0008308905170075,-0.0152619532408097,1.033142911451766,0.3548387096774194,0.2580645161290322,0.6236559139784946,0.1182795698924731,8.494623655913978,0.0513926977088363,-0.0376801875644784,2.4087764397282925,2.331503621646588,validation
2026,500,0.8,gap_binary,NO_GAP_DOWN,83,-0.0048548655215031,-0.0148497202307472,0.8004595041151641,0.3253012048192771,0.180722891566265,0.6626506024096386,0.1566265060240964,9.301204819277109,0.0456368716697333,-0.039660195496682,1.6164549864648985,2.0194088247496587,validation
2026,500,0.8,gap_four_state,GAP_DOWN_CONTINUED,41,0.0107291610180172,-0.0065376552994407,1.4969819312310388,0.4634146341463415,0.3658536585365853,0.5121951219512195,0.1219512195121951,8.853658536585366,0.0642093191657854,-0.0346090082535366,1.325029595743425,0.8851339940047177,validation
2026,500,0.8,gap_four_state,GAP_DOWN_REJECTED,52,-0.0069735150703269,-0.0183063642747853,0.7492876117371083,0.2692307692307692,0.173076923076923,0.7115384615384616,0.1153846153846153,8.211538461538462,0.0412872846370111,-0.0401016943288749,1.0837468439848674,1.4463696276418705,validation
2026,500,0.8,gap_four_state,NO_GAP_DOWN_RISING,37,-0.0088221090103507,-0.016930309542181,0.6846518837631184,0.2972972972972973,0.1621621621621621,0.7027027027027027,0.1351351351351351,7.648648648648648,0.0478879617260473,-0.0428039643594357,0.7086857664373503,1.0351037998203294,validation
2026,500,0.8,gap_four_state,NO_GAP_DOWN_SELLING,46,-0.0016638218456908,-0.0081905136214258,0.9222438136925328,0.3478260869565217,0.1956521739130435,0.6304347826086957,0.1739130434782608,10.630434782608695,0.0438262122766112,-0.0371315118462062,0.9077692200275482,0.9843050249293294,validation
