signal_date,symbol,scale,lower,upper,close,liquidity_rank,adv20_prior,detected_at,ord,box_age_sessions,box_width_pct,direct_entry_date,direct_entry_price,signal_low,entry_fraction,entry_date,entry_price,entry_weight,cost_basis,shares,target,last,entry_i,hold_sessions,opening_exposure,exit_date,exit_price,exit_reason,net_return
2023-01-05,MRO,large,25.36,33.42,25.87,280,233898055.96525,2022-12-28,1,5,0.3063473964272141,2023-01-06,26.31,25.26,0.11786600496277903,2023-01-06,26.31,0.18034192722120432,0.18770236104280882,0.007130692127034871,30.196,28.09,1011,12,0.8196580727787958,2023-01-24,32.54,target_gap,0.23555561136450032
2023-01-03,COP,large,106.83,138.49,113.09,105,504615202.2134999,2022-12-27,1,4,0.2846610321884554,2023-01-04,111.22,111.95,0.13866077068856597,2023-01-04,111.22,0.3091659026122331,0.3091659026122331,0.002778379065464188,125.82600000000001,124.59,1009,17,0.0,2023-01-27,125.82600000000001,target60,0.13019425873493984
2023-01-04,FANG,large,129.49,168.95,130.62,206,306213442.108,2022-12-28,1,4,0.3011524078455314,2023-01-05,131.03,128.08,0.039026862645717,2023-01-05,131.03,0.5,0.5031317363449581,0.0038379010186734767,153.166,143.28,1010,20,0.31346598963684136,2023-02-02,137.6,time_h20,0.04909131038693437
2023-02-02,HAL,small,38.285,43.42,38.54,212,339834348.68850005,2023-02-02,0,0,0.1340731070496085,2023-02-03,38.3,38.285,0.0029211295034080923,2023-02-03,38.3,0.5,0.5545826830805725,0.014472725632872904,41.366,38.3,1030,1,0.0,2023-02-03,38.285,stop,-0.0013910033616187922
2023-02-03,HAL,small,38.285,43.42,38.55,214,351784159.5285,2023-02-02,0,1,0.13351534061362466,2023-02-06,38.46,37.92,0.03407984420642728,2023-02-06,38.46,0.5,0.5541969698923421,0.014402492756302546,41.366,38.46,1031,1,0.0,2023-02-06,38.285,stop,-0.005545382962818479
2023-02-06,HAL,small,38.285,43.42,38.3,213,362385616.49100006,2023-02-02,0,2,0.1326188016528927,2023-02-07,38.72,37.54,0.0847127555988319,2023-02-07,38.72,0.5,0.5526603526748988,0.014266116283537226,41.366,38.72,1032,1,0.0,2023-02-07,38.285,stop,-0.012223022436725017
2023-02-09,FSLR,small,161.15,185.28,164.0,235,333919523.73025,2023-02-08,0,1,0.1483827327511991,2023-02-10,162.62,161.84,0.06092001657687522,2023-02-10,162.62,0.5,0.549282762729582,0.003376018456205984,175.62800000000001,167.27,1035,3,0.0,2023-02-14,161.15,stop,-0.010030191320255843
2023-02-23,COF,small,107.29,123.07,109.51,201,366908357.293,2023-02-23,0,0,0.14670881368538477,2023-02-24,107.56,107.29,0.01711026615969558,2023-02-24,107.56,0.5,0.5446838280040376,0.005061467888527665,116.758,108.59,1044,5,0.2592260960480541,2023-03-02,106.68,stop_gap,-0.009173050669393668
2023-03-01,GM,small,38.35,43.63,38.73,104,596143884.43825,2023-02-28,0,1,0.13748209868506708,2023-03-02,38.405,38.64,0.01041666666666661,2023-03-02,38.405,0.4970796271064511,0.5396874156509572,0.01404550376105017,41.518,38.405,1048,1,0.502920372893549,2023-03-02,38.35,stop,-0.002430423447467467
2023-02-24,TSM,small,86.66,98.99,88.11,33,1183347231.0455,2023-02-22,0,2,0.13900789177001124,2023-02-27,88.7,87.24,0.16545012165450174,2023-02-27,88.7,0.23700649435150756,0.26229130337604467,0.002955582386971327,94.05799999999999,88.28,1045,13,0.7629935056484924,2023-03-15,86.66,stop,-0.023975629481397753
2023-02-22,GOLD,large,15.375,20.19,16.21,236,326368604.736,2023-02-17,1,2,0.2985120892746436,2023-02-23,16.13,16.1,0.15680166147455843,2023-02-23,16.13,0.2617257971917065,0.2860809828799852,0.017727088802761637,18.264,17.4,1043,17,0.0,2023-03-17,18.264,target60,0.13116804500929957
2023-03-02,LLY,small,309.2,353.75,315.13,47,977845268.708,2023-03-02,0,0,0.14081613300881882,2023-03-03,316.37,310.53,0.16094276094276125,2023-03-03,316.37,0.4921132492425515,0.538375746701656,0.0017008773234766417,335.93,332.53,1049,16,0.5078867507574486,2023-03-24,335.93,target60,0.06076478168758115
2023-04-04,BX,large,77.11,102.04,81.2,163,396747618.2335,2023-04-04,1,0,0.3104994395316977,2023-04-05,80.29,80.98,0.12755716004813503,2023-04-05,80.29,0.3081372364746672,0.3592708838111429,0.004472428052923618,92.068,87.22,1072,9,0.21669332160073307,2023-04-18,92.068,target60,0.14554683045211103
2023-03-27,ZM,large,64.48,85.13,68.56,261,255449353.6735,2023-03-24,1,1,0.3011521073355694,2023-03-28,68.57,67.85,0.19806295399515694,2023-03-28,68.57,0.2063150257727316,0.23740637042497156,0.0034605172413556817,76.87,65.68,1066,18,0.0,2023-04-21,64.48,stop,-0.060587193816537765
2023-04-20,SE,small,77.99,88.8,78.79,216,286281205.69200003,2023-04-20,0,0,0.13777721131786902,2023-04-21,78.46,77.99,0.043478260869565105,2023-04-21,78.46,0.34694389538091086,0.41156162222358345,0.00524287332924384,84.476,78.46,1083,1,0.6530561046190891,2023-04-21,77.99,stop,-0.0069840747196023845
2023-04-21,SE,small,77.99,88.8,79.16,222,280209963.388,2023-04-20,0,1,0.13655886811520973,2023-04-24,79.16,77.67,0.10823311748381143,2023-04-24,79.16,0.3116440809877384,0.3680479485835416,0.004647093539783349,84.476,78.71,1084,2,0.4651005932767388,2023-04-25,76.84,stop_gap,-0.030278180773117502
2023-04-21,SNAP,large,9.68,12.67,10.0,257,238784512.03275,2023-04-21,1,0,0.2984031936127745,2023-04-24,10.02,9.98,0.11371237458193974,2023-04-24,10.02,0.22325532573552273,0.26366188116546463,0.02630040421406007,11.474,10.475,1084,5,0.4651005932767388,2023-04-28,8.64,stop_gap,-0.13858661077844292
2023-04-27,SLB,small,47.435,53.81,47.96,163,380570472.0935,2023-04-26,0,1,0.13300646776549135,2023-04-28,47.93,46.99,0.07764705882352901,2023-04-28,47.93,0.20045171373301107,0.2271218746632743,0.004736246896013826,51.260000000000005,47.93,1088,1,0.7995482862669888,2023-04-28,47.435,stop,-0.011316986047360533
2023-04-10,SPXS,large,16.98,22.06,17.755,105,540753227.54,2023-04-06,1,1,0.28733031674208137,2023-04-11,17.68,17.75,0.13779527559055108,2023-04-11,17.68,0.25824262630997014,0.29941218303988204,0.016926610687124553,20.028,17.025,1075,15,0.5221574662500957,2023-05-01,16.98,stop,-0.040552927319004395
2023-04-10,SPXU,large,12.85,16.71,13.51,175,374377865.7585,2023-04-05,1,2,0.2863501483679526,2023-04-11,13.48,13.51,0.16321243523316079,2023-04-11,13.48,0.21959990743993416,0.25460896452867365,0.018878461427775172,15.166,12.97,1075,15,0.5221574662500957,2023-05-01,12.85,stop,-0.047688930823442055
2023-04-25,UBER,large,28.8,37.58,29.6,114,486672106.2057501,2023-04-20,1,3,0.29562289562289557,2023-04-26,29.7,29.555,0.10250569476081992,2023-04-26,29.7,0.2973366268219487,0.3569041262631541,0.01201096546128022,34.068,32.73,1086,5,0.7026633731780512,2023-05-02,35.02,target_gap,0.17794574932659968
2023-05-02,NUE,large,139.03,182.65,146.56,270,234311177.0505,2023-04-24,1,6,0.296110243703754,2023-05-03,147.31,143.25,0.18982118294360387,2023-05-03,147.31,0.2187176190792779,0.25692809363876545,0.0017432599931569213,165.202,146.19,1091,2,0.0,2023-05-04,139.03,stop,-0.057151552796822935
2023-05-03,UPS,small,172.13,197.75,175.93,93,556226608.387,2023-05-01,0,2,0.14677742767115443,2023-05-04,174.55,175.5,0.09445745511319342,2023-05-04,174.55,0.5,0.5852385953848034,0.0033511657180584986,187.502,173.02,1092,5,0.21589738834797048,2023-05-10,172.13,stop,-0.01485011152964777
2023-05-10,XOM,small,105.91,119.92,107.74,24,1441968448.02,2023-05-05,0,3,0.13156164898112505,2023-05-11,106.49,106.71,0.04139900071377574,2023-05-11,106.49,0.49808086811124475,0.5765477369718847,0.005411395089711698,114.316,106.49,1097,1,0.5019191318887553,2023-05-11,105.91,stop,-0.006440825640905201
2023-05-09,BAX,small,42.35,48.23,43.09,294,228434955.79375,2023-05-08,0,1,0.13573407202216056,2023-05-10,43.32,42.44,0.16496598639455776,2023-05-10,43.32,0.49679417416518595,0.5747798809069585,0.01326159951446226,45.878,43.38,1096,3,0.5032058258348141,2023-05-12,42.35,stop,-0.023368869171283335
2023-05-11,INTC,small,28.51,32.64,28.87,38,935080388.3695,2023-05-10,0,1,0.14221763085399447,2023-05-12,29.04,28.825,0.1283292978208227,2023-05-12,29.04,0.4986433615219194,0.5728342935243903,0.019715835963416948,30.988,28.98,1098,10,0.5013566384780805,2023-05-25,28.25,stop_gap,-0.028176409693525972
2023-05-23,BABA,large,79.48,104.52,82.89,19,1693981106.4945,2023-05-17,1,4,0.304752631899227,2023-05-24,82.165,82.705,0.10722843450479246,2023-05-24,82.165,0.37152638365260277,0.42317669439127986,0.005147752766312715,94.50399999999999,81.22,1106,2,0.5071667052191664,2023-05-25,79.48,stop,-0.033645227651676435
2023-05-26,BABA,large,79.48,104.52,80.99,19,1596751400.319,2023-05-17,1,7,0.31253120319520705,2023-05-30,80.12,78.4,0.025559105431309934,2023-05-30,80.12,0.5,0.5596491658260677,0.006981644299090798,94.50399999999999,80.12,1109,1,0.25648774615565145,2023-05-30,79.48,stop,-0.00897978195207172
2023-05-25,ROKU,large,51.65,68.35,54.58,198,324567851.5445,2023-05-22,1,3,0.3072111846946283,2023-05-26,54.36,54.44,0.1622754491017965,2023-05-26,54.36,0.24605085767126825,0.2715919033407267,0.004993673793028998,61.669999999999995,60.15,1108,6,0.0,2023-06-05,61.669999999999995,target60,0.13333968759197945
2023-06-21,CRWD,small,142.39,162.25,143.85,86,714195950.987,2023-06-16,0,2,0.1393097643097644,2023-06-22,142.56,143.27,0.008559919436053161,2023-06-22,142.56,0.25078412100924075,0.2864935733309646,0.002008630236702435,154.30599999999998,142.56,1125,1,0.4984317579815185,2023-06-22,142.39,stop,-0.0021910381769079113
2023-06-21,DDOG,small,91.0,103.8,91.91,192,355315340.412,2023-06-15,0,3,0.1395399542134525,2023-06-22,91.73,91.85,0.057031250000000325,2023-06-22,91.73,0.25078412100924075,0.2864935733309646,0.0031216649574217718,98.67999999999999,91.73,1125,1,0.4984317579815185,2023-06-22,91.0,stop,-0.00894993186525661
2023-06-22,CRWD,small,142.39,162.25,145.84,82,732253867.2575,2023-06-16,0,3,0.13825269752871572,2023-06-23,143.65,141.5,0.06344410876133023,2023-06-23,143.65,0.49921019366296104,0.5697953303441763,0.0039645696671006215,154.30599999999998,143.65,1126,1,0.500789806337039,2023-06-23,142.39,stop,-0.009762300052210127
2023-06-02,T,small,15.0,17.19,15.21,117,512016037.71425,2023-06-01,0,1,0.14257812500000008,2023-06-05,15.36,14.85,0.16438356164383527,2023-06-05,15.36,0.5,0.5620052340348825,0.03657058798293392,16.314,15.94,1113,20,0.26407580595523455,2023-07-03,16.11,time_h20,0.04777955908203135
2023-06-23,TFC,small,29.44,33.75,30.02,228,306561249.079,2023-06-20,0,3,0.14323695579926882,2023-06-26,30.09,29.85,0.15081206496519692,2023-06-26,30.09,0.4994916525707998,0.5642328173610083,0.01874213030748846,32.026,30.82,1127,9,0.5005083474292001,2023-07-07,32.026,target60,0.06327623816882721
2023-07-06,KWEB,small,26.445,30.17,26.49,148,435943320.1865,2023-06-30,0,3,0.1391483003361973,2023-07-07,26.77,26.37,0.08724832214765078,2023-07-07,26.77,0.5,0.5837135794555159,0.021793863379371992,28.68,27.93,1135,4,0.4955937149276659,2023-07-12,28.91,target_gap,0.07886056135599562
2023-07-14,SPXS,small,13.31,15.17,13.49,222,287216792.95325,2023-07-14,0,0,0.13747228381374718,2023-07-17,13.53,13.31,0.11827956989247254,2023-07-17,13.53,0.5,0.6174124621804271,0.04561003369913799,14.426,13.53,1141,1,0.0,2023-07-17,13.31,stop,-0.017243656504064564
2023-07-17,SPXS,small,13.31,15.17,13.36,233,277938608.84275,2023-07-14,0,1,0.1388059701492537,2023-07-18,13.4,13.26,0.048387096774193485,2023-07-18,13.4,0.5,0.6120892379708431,0.04565546219043714,14.426,13.4,1142,1,0.0,2023-07-18,13.31,stop,-0.007709453171641845
2023-08-07,RBLX,large,35.7,46.25,37.59,224,331845948.4075,2023-08-02,1,3,0.283221476510067,2023-08-08,37.25,36.7,0.14691943127962062,2023-08-08,37.25,0.2529137287259795,0.30841807513051006,0.0082755400293408,42.03,37.73,1157,2,0.0,2023-08-09,32.44,stop_gap,-0.12999817154362436
2023-08-07,SHOP,large,55.42,71.43,57.57,70,804644600.2737501,2023-08-01,1,4,0.28361381753764403,2023-08-08,56.45,56.51,0.0643347907557777,2023-08-08,56.45,0.43064782538185536,0.5251576260113416,0.00929840650484209,65.02600000000001,56.18,1157,2,0.0,2023-08-09,55.42,stop,-0.01922774393268356
2023-08-09,NVDA,small,420.67,480.88,425.84,3,17980750856.6755,2023-08-07,0,2,0.1428164804668042,2023-08-10,421.59,421.34,0.015279853844875593,2023-08-10,421.59,0.35224967024329384,0.41295541749394876,0.0009790292459147558,456.796,421.59,1159,1,0.33177564373092516,2023-08-10,420.67,stop,-0.003179783278777548
2023-08-09,TNA,small,36.54,41.64,37.18,150,486786760.664,2023-08-08,0,1,0.13581890812250338,2023-08-10,37.55,36.68,0.19803921568627406,2023-08-10,37.55,0.3159746860257809,0.37042890145269025,0.009860018295658161,39.6,37.55,1159,1,0.33177564373092516,2023-08-10,36.54,stop,-0.027870329294274132
2023-08-07,ALB,large,187.5,247.44,196.82,212,349779162.1255,2023-08-03,1,2,0.3091124748594709,2023-08-08,193.91,194.72,0.10694027360694022,2023-08-08,193.91,0.3164384458921652,0.3858839014828323,0.0019890204710024803,223.464,191.7,1157,4,0.0,2023-08-11,187.5,stop,-0.03402327432829633
2023-08-10,SHOP,large,55.42,71.43,56.47,66,797489842.59125,2023-08-01,1,7,0.2880014391077533,2023-08-11,55.59,55.38,0.010618363522798354,2023-08-11,55.59,0.5,0.5751587504987553,0.010341269493137361,65.02600000000001,55.59,1160,1,0.32910067517674096,2023-08-11,55.42,stop,-0.004054796636085545
2023-08-15,PYPL,large,58.95,76.53,59.495,45,1003511264.5919998,2023-08-04,1,7,0.29576043068640645,2023-08-16,59.44,59.4,0.027872582480090724,2023-08-16,59.44,0.4969166768708834,0.5710849753143399,0.009602951427097625,69.498,59.68,1163,2,0.5030833231291167,2023-08-17,58.95,stop,-0.009235115452556952
2023-08-11,MU,small,63.13,72.34,64.4,82,718300644.3634999,2023-08-08,0,3,0.14332399626517273,2023-08-14,64.26,64.07,0.12269272529858875,2023-08-14,64.26,0.5,0.5710849753143399,0.008882655350555286,68.656,63.54,1161,5,0.0,2023-08-18,62.38,stop_gap,-0.030226648070339257
2023-08-30,SPXU,small,10.115,11.635,10.31,229,282049829.34344995,2023-08-30,0,0,0.14771622934888237,2023-08-31,10.29,10.27,0.11513157894736775,2023-08-31,10.29,0.5,0.5598169651906731,0.05437677907755859,11.027,10.81,1174,13,0.0,2023-09-19,11.027,target60,0.07055157985908656
2023-09-01,SPXS,small,13.35,15.29,13.58,213,289451883.7895,2023-09-01,0,0,0.1423330887747615,2023-09-05,13.63,13.35,0.14432989690721712,2023-09-05,13.63,0.4981889210820818,0.5598169651906731,0.041051875033608055,14.514,14.15,1176,12,0.5018110789179182,2023-09-20,14.514,target60,0.0637923425165079
2023-09-22,MRVL,small,51.79,59.28,52.33,100,509062963.458,2023-09-22,0,0,0.1438724548597772,2023-09-25,52.06,52.035,0.03604806408544767,2023-09-25,52.06,0.5,0.5974209686487315,0.011469885865624418,56.284,52.06,1190,1,0.0,2023-09-25,51.79,stop,-0.0061808884460238245
2023-09-25,MRVL,small,51.79,59.28,52.64,117,463070291.40550005,2023-09-22,0,1,0.14406616657049437,2023-09-26,51.99,51.67,0.02670226969292427,2023-09-26,51.99,0.5,0.5955746724674649,0.011449834297580903,56.284,51.99,1191,1,0.0,2023-09-26,51.79,stop,-0.004842797701480994
2023-10-04,WFC,small,38.39,43.74,38.95,101,531042522.51725006,2023-10-04,0,0,0.1380288957688339,2023-10-05,38.76,38.39,0.0691588785046724,2023-10-05,38.76,0.4960916172809804,0.594132548640022,0.015320832878372085,41.6,39.76,1198,7,0.5039083827190197,2023-10-13,41.6,target60,0.07219841073271427
2023-09-27,MRVL,small,51.79,59.28,52.55,158,379868293.502,2023-09-22,0,3,0.1433218522770762,2023-09-28,52.26,51.56,0.062750333778371,2023-09-28,52.26,0.5,0.594132548640022,0.011363097634246115,56.284,53.2,1193,15,0.0,2023-10-18,51.79,stop,-0.00998425282242632
2023-10-19,DKNG,small,27.2,31.1,27.71,254,262658801.65675,2023-10-18,0,1,0.1418181818181819,2023-10-20,27.5,27.51,0.07692307692307707,2023-10-20,27.5,0.5,0.612614276740388,0.022265744349164285,29.54,27.5,1209,1,0.0,2023-10-20,27.2,stop,-0.011897934545454514
2023-10-19,TSLA,large,212.36,280.93,220.1,2,27227718987.4255,2023-10-12,1,5,0.3159762222939035,2023-10-20,217.01,216.785,0.06781391278984947,2023-10-20,217.01,0.5,0.612614276740388,0.0028215656863831984,253.502,217.01,1209,1,0.0,2023-10-20,212.36,stop,-0.022405911755218444
2023-10-20,SNOW,large,141.79,183.75,147.64,133,457656999.325,2023-10-12,1,6,0.287673111202523,2023-10-23,145.86,147.35,0.09699714013346093,2023-10-23,145.86,0.43289923644195133,0.5213031165634361,0.0035722094131712214,166.966,151.15,1210,3,0.0,2023-10-25,141.79,stop,-0.02887532258672687
2023-10-25,KRE,small,37.66,42.915,38.56,74,694574254.2985,2023-10-25,0,0,0.13610463610463616,2023-10-26,38.61,37.66,0.18078020932445335,2023-10-26,38.61,0.4859661490399027,0.5870539680887027,0.015197110621721275,40.812999999999995,39.84,1213,6,0.5140338509600973,2023-11-02,40.812999999999995,target60,0.05600096356513862
2023-10-20,TFC,large,26.57,34.49,27.17,291,237036155.45150003,2023-10-12,1,6,0.2931162102146559,2023-10-23,27.02,26.955,0.05681818181818172,2023-10-23,27.02,0.5,0.602106763744938,0.022272602159995023,31.322000000000003,29.97,1210,10,0.0,2023-11-03,31.322000000000003,target60,0.15805647041080695
2023-11-06,MRO,small,25.875,29.56,26.61,281,264868428.313,2023-11-06,0,0,0.14113366526235155,2023-11-07,26.11,26.565,0.06377204884667557,2023-11-07,26.11,0.5,0.6586015947996724,0.0252115011107726,28.086,26.11,1221,1,0.0,2023-11-07,25.875,stop,-0.009991134862121775
2023-12-04,MRVL,small,50.52,58.12,52.01,152,424685776.6205,2023-12-04,0,0,0.1483795392424833,2023-12-05,51.22,50.63,0.09210526315789425,2023-12-05,51.22,0.5,0.6553115061226464,0.012787658148566677,55.08,51.22,1240,1,0.0,2023-12-05,50.52,stop,-0.014652623389300845
2023-12-05,MRVL,small,50.52,58.12,50.71,149,433425174.0405,2023-12-04,0,1,0.147401086113266,2023-12-06,51.56,50.49,0.13684210526315788,2023-12-06,51.56,0.5,0.6505104897717011,0.012610264440008054,55.08,51.56,1241,1,0.0,2023-12-06,50.52,stop,-0.021150259309542285
2023-12-15,SE,small,35.2,40.28,35.745,220,323950835.942,2023-12-13,0,2,0.14170153417015335,2023-12-18,35.85,35.74,0.12795275590551158,2023-12-18,35.85,0.5,0.6436312570005767,0.017944475352080234,38.248000000000005,36.95,1249,3,0.0,2023-12-20,35.2,stop,-0.01911272524407237
2024-01-03,AAL,small,12.93,14.67,12.96,164,425582411.6745,2024-01-02,0,1,0.1337432744043044,2024-01-04,13.01,12.89,0.04597701149425291,2024-01-04,13.01,0.3333333333333333,0.42498698887586805,0.03264984591709686,13.974,13.59,1260,3,0.0,2024-01-08,14.03,target_gap,0.0773230981936972
2024-01-03,SHOP,small,70.04,79.99,71.82,89,663906573.3935,2023-12-29,0,2,0.13890827865419503,2024-01-04,71.63,71.18,0.15979899497487346,2024-01-04,71.63,0.3333333333333333,0.42498698887586805,0.005930119996948627,76.01,74.51,1260,3,0.0,2024-01-08,76.01,target60,0.0600866815929082
2024-01-03,ARKK,small,47.405,54.52,48.52,54,926717266.60175,2024-01-02,0,1,0.1469434118133003,2024-01-04,48.42,48.37,0.14265635980323266,2024-01-04,48.42,0.3333333333333333,0.42498698887586805,0.008772707463474394,51.674,49.37,1260,6,0.0,2024-01-11,47.405,stop,-0.021941205054729296
2024-02-05,CCL,small,15.69,17.825,15.82,153,492902470.91375005,2024-01-31,0,3,0.1354695431472081,2024-02-06,15.76,15.645,0.03278688524590177,2024-02-06,15.76,0.4919426079082581,0.6620168042563462,0.0419851393308514,16.971,15.76,1282,1,0.5080573920917419,2024-02-06,15.69,stop,-0.005436933851522885
2024-02-20,WDC,small,53.29,60.55,54.13,216,392852858.634,2024-02-20,0,0,0.1347438752783964,2024-02-21,53.88,53.29,0.08126721763085448,2024-02-21,53.88,0.4903222768268443,0.6584174626830079,0.01221396165463375,57.646,53.88,1292,1,0.5096777231731556,2024-02-21,53.29,stop,-0.011939062314402338
2024-01-25,DHI,small,138.83,157.9,141.57,224,313344632.9605,2024-01-25,0,0,0.135584784927124,2024-01-26,140.65,139.03,0.09543786051389584,2024-01-26,140.65,0.5,0.6620168042563462,0.004704484862098955,150.27200000000002,145.11,1275,20,0.0,2024-02-23,146.06,time_h20,0.03742606836118023
2024-02-21,WDC,small,53.29,60.55,53.38,230,365673665.5965,2024-02-20,0,1,0.13282107574094398,2024-02-22,54.66,52.89,0.1887052341597793,2024-02-22,54.66,0.4800587264523635,0.6405454336853679,0.011712864269457102,57.646,56.05,1293,3,0.512438392769221,2024-02-26,57.646,target60,0.0535742482894257
2024-02-29,SNOW,large,180.68,237.72,188.27,52,1057657798.95725,2024-02-29,1,0,0.29823277214263305,2024-03-01,191.26,180.68,0.1854838709677417,2024-03-01,191.26,0.22217648525864414,0.3047521099254163,0.001592595074090001,214.904,186.66,1299,2,0.0,2024-03-04,180.68,stop,-0.05626181548677167
2024-03-06,ZS,large,197.59,259.61,202.41,95,693455360.5090001,2024-03-06,1,0,0.3061506565307533,2024-03-07,202.58,200.92,0.08045791680103206,2024-03-07,202.58,0.48814540127955786,0.6612031478439095,0.003262279328018499,234.80200000000002,202.58,1303,1,0.0,2024-03-07,197.59,stop,-0.025607367965742034
2024-03-07,ZS,large,197.59,259.61,201.18,93,717611774.2195,2024-03-06,1,1,0.3083424480461371,2024-03-08,201.14,197.08,0.05723960012899036,2024-03-08,201.14,0.5,0.6687946134079914,0.0033233579402470294,234.80200000000002,198.69,1304,2,0.0,2024-03-11,196.96,stop_gap,-0.021760518842597
2024-03-11,ZS,large,197.59,259.61,200.78,95,733376433.431,2024-03-06,1,3,0.3050664043285785,2024-03-12,203.3,195.7,0.09206707513705267,2024-03-12,203.3,0.4301741450939826,0.5691358410952293,0.00279808791527143,234.80200000000002,201.4,1306,3,0.0,2024-03-14,197.59,stop,-0.029058242019183278
2024-03-14,ZS,large,197.59,259.61,198.74,98,701078715.5860001,2024-03-06,1,6,0.3119875245233664,2024-03-15,198.79,197.19,0.01934859722670088,2024-03-15,198.79,0.5,0.6532489110083771,0.0032844825522052065,234.80200000000002,198.79,1309,1,0.0,2024-03-15,197.59,stop,-0.007030235939936458
2024-03-19,NXPI,small,229.7,264.24,236.34,171,429474548.6145,2024-03-19,0,0,0.146616860514475,2024-03-20,235.58,233.54,0.1702374059061963,2024-03-20,235.58,0.481988531142027,0.6275034367503204,0.0026623214408351527,250.424,247.77,1312,8,0.0,2024-04-01,250.424,target60,0.06194769762288832
2024-04-04,AAL,small,13.78,15.61,13.83,209,359939688.06625,2024-04-02,0,2,0.13232104121475055,2024-04-05,13.83,13.76,0.027322404371585087,2024-04-05,13.83,0.5,0.6802647255909662,0.04916302192539196,14.878,13.83,1323,1,0.4993837947117798,2024-04-05,13.78,stop,-0.004611464569775681
2024-03-26,CPNG,small,17.32,19.78,17.6,267,299177753.05300003,2024-03-26,0,0,0.1387478849407784,2024-03-27,17.73,17.6,0.16666666666666666,2024-03-27,17.73,0.5,0.6596746301684271,0.03718808758338087,18.796,18.245,1317,8,0.4888374810455033,2024-04-08,18.796,target60,0.05906422442188375
2024-04-11,BA,small,171.38,196.18,173.36,38,1324717916.507,2024-04-11,0,0,0.14401858304297335,2024-04-12,172.2,171.38,0.03306451612903197,2024-04-12,172.2,0.5,0.6883019374617756,0.003995109096939865,186.26,172.2,1328,1,0.0,2024-04-12,171.38,stop,-0.005756894047618921
2024-04-12,ANET,small,270.8,307.61,271.36,118,557342273.0569999,2024-04-09,0,3,0.13370868143843082,2024-04-15,275.3,268.33,0.12224938875305623,2024-04-15,275.3,0.5,0.6863206967984065,0.0024917455010897466,292.886,275.3,1329,1,0.0,2024-04-15,270.8,stop,-0.017329212858699594
2024-04-12,EL,small,138.375,157.49,138.83,287,257542784.8735,2024-04-11,0,1,0.13591439135381123,2024-04-15,140.64,138.12,0.11849332984567017,2024-04-15,140.64,0.5,0.6863206967984065,0.004877542210253181,149.844,140.64,1329,1,0.0,2024-04-15,138.375,stop,-0.017088597882892298
2024-04-16,DG,small,143.02,164.1,145.0,274,265825609.203,2024-04-16,0,0,0.1441564658414825,2024-04-17,146.23,143.02,0.1522770398481965,2024-04-17,146.23,0.5,0.6745098688731839,0.004610357751068504,155.668,144.75,1331,4,0.0,2024-04-22,143.02,stop,-0.022929523661355256
2024-04-18,MPC,small,193.0,221.09,194.99,198,389367362.759,2024-04-16,0,2,0.14308272208638959,2024-04-19,196.32,193.77,0.11819152723389081,2024-04-19,196.32,0.5,0.6732578073344645,0.003427675114256303,209.854,200.55,1333,8,0.4990701470335142,2024-04-30,193.0,stop,-0.017894008506519787
2024-04-30,DHI,small,140.0,160.85,142.48,279,291851215.836,2024-04-29,0,1,0.14652143359100486,2024-05-01,142.3,142.21,0.11031175059952096,2024-05-01,142.3,0.5,0.6607531334083494,0.004641059429667219,152.51,145.49,1341,3,0.0,2024-05-03,152.51,target60,0.07067834242796911
2024-05-07,F,small,11.945,13.59,12.165,117,601556641.6797501,2024-05-02,0,3,0.13617549668874168,2024-05-08,12.08,12.085,0.08206686930091174,2024-05-08,12.08,0.12662581715758153,0.17560143135329032,0.014529274059405106,12.932,12.14,1346,3,0.7467483656848369,2024-05-10,11.945,stop,-0.012164073985927004
2024-04-30,ORCL,small,112.89,127.99,113.74,122,577943253.6405,2024-04-26,0,2,0.1325607936089895,2024-05-01,113.91,113.69,0.06754966887417195,2024-05-01,113.91,0.5,0.6607531334083494,0.005797759255918228,121.95,116.375,1341,10,0.0,2024-05-14,121.95,target60,0.0695117240584675
2024-05-07,CCL,small,13.795,15.71,14.12,243,346559759.23475003,2024-05-02,0,3,0.13659058487874473,2024-05-08,14.02,14.115,0.11749347258485615,2024-05-08,14.02,0.12662581715758153,0.17560143135329032,0.012518803897119379,14.944,14.51,1346,6,0.7467483656848369,2024-05-15,14.944,target60,0.0648402094151217
2024-05-29,ZS,small,160.77,183.25,164.37,297,253681401.96475,2024-05-29,0,0,0.13833846153846147,2024-05-30,162.5,160.77,0.07695729537366507,2024-05-30,162.5,0.5,0.6994596894200753,0.004302215135848402,174.258,162.5,1361,1,0.4891480643982558,2024-05-30,160.77,stop,-0.011635260353845878
2024-05-03,DASH,large,109.0,143.34,113.88,181,430078432.8115,2024-05-03,1,0,0.30006990562740304,2024-05-06,114.44,112.9,0.15841584158415833,2024-05-06,114.44,0.25779672786091656,0.35625120692515766,0.003111439018889331,129.604,110.5,1344,19,0.4880597153983369,2024-05-31,109.0,stop,-0.04848805269136669
2024-05-24,MPC,large,169.15,221.09,177.79,194,358175131.542,2024-05-24,1,0,0.29189614476789927,2024-05-28,177.94,176.21,0.16923373122834023,2024-05-28,177.94,0.2482680819921142,0.3524954179434248,0.0019799885929777067,200.314,174.47,1359,12,0.24839922195977743,2024-06-12,169.15,stop,-0.05034903738619734
2024-06-06,ANET,small,289.41,329.0,296.44,90,716519359.429,2024-06-06,0,0,0.13338948787061986,2024-06-07,296.8,293.69,0.1866632988128313,2024-06-07,296.8,0.4831191295706654,0.6729023125429139,0.0022660574844563424,313.164,311.21,1367,5,0.24938410243072534,2024-06-13,320.0,target_gap,0.07708921832884097
2024-06-18,AMD,small,153.34,174.54,154.62,6,7807778106.233,2024-06-18,0,0,0.13605005615273538,2024-06-20,155.825,153.34,0.11721698113207484,2024-06-20,155.825,0.5,0.7160503413613981,0.004592923575746623,166.06,155.825,1375,1,0.0,2024-06-20,166.06,target60,0.06461724059040619
2024-07-02,BBY,small,82.15,93.72,82.17,268,261644726.388,2024-07-01,0,1,0.13956574185765974,2024-07-03,82.9,80.54,0.06482281763180643,2024-07-03,82.9,0.5,0.7385930315130711,0.008904990771982082,89.092,82.42,1384,2,0.21301114152502038,2024-07-05,82.15,stop,-0.010037749849215793
2024-07-10,LULU,large,283.7,368.36,288.08,136,450130492.3965,2024-07-10,1,0,0.2925362819626815,2024-07-11,289.4,283.7,0.06732813607370644,2024-07-11,289.4,0.5,0.7373287360059133,0.002546510268271978,334.496,291.06,1389,3,0.21668917472102497,2024-07-15,283.7,stop,-0.020675981599861615
2024-06-28,SQ,large,60.9,80.56,64.47,192,359909212.9205,2024-06-28,1,0,0.3042401733209533,2024-07-01,64.62,63.13,0.1892166836215669,2024-07-01,64.62,0.2136413293468263,0.3158409064092951,0.004885221076386419,72.696,72.08,1382,11,0.0,2024-07-16,72.696,target60,0.12385209182915502
2024-07-15,LULU,large,283.7,368.36,283.71,147,428617720.1375,2024-07-10,1,3,0.2974283305227657,2024-07-16,284.64,282.58,0.011103236475312986,2024-07-16,284.64,0.5,0.7462427116601276,0.0026203962559875546,334.496,284.64,1392,1,0.23626043630572074,2024-07-16,283.7,stop,-0.004298865496767723
2024-07-16,LULU,large,283.7,368.36,291.76,146,427182393.765,2024-07-10,1,4,0.29197634115638643,2024-07-17,289.955,282.35,0.07388377037562005,2024-07-17,289.955,0.5,0.745810316167308,0.0025708727595979528,334.496,285.02,1393,3,0.0,2024-07-19,283.7,stop,-0.02255049602524517
2024-07-18,CEG,large,178.5,236.3,187.22,128,478873943.64525,2024-07-17,1,1,0.30695698353690926,2024-07-19,188.3,178.07,0.16955017301038078,2024-07-19,188.3,0.23588425536390412,0.34993347804245345,0.0018574535916273617,213.18,189.83,1395,4,0.49726184514846455,2024-07-24,178.5,stop,-0.05299232806691434
2024-07-25,RCL,small,151.93,173.28,152.01,275,256461986.15750003,2024-07-25,0,0,0.13805366957646295,2024-07-26,154.65,151.93,0.12740046838407493,2024-07-26,154.65,0.2494232371688502,0.3640646125235691,0.002352942646086695,164.74,153.55,1400,2,0.5011535256622996,2024-07-29,151.93,stop,-0.018570268461040818
2024-07-25,CCL,small,17.015,19.48,17.1,141,453931999.28325,2024-07-24,0,1,0.14182968929804374,2024-07-26,17.38,17.075,0.1480730223123726,2024-07-26,17.38,0.2494232371688502,0.3640646125235691,0.020936857319753012,18.494,17.13,1400,4,0.5011535256622996,2024-07-31,17.015,stop,-0.021979904847525655
2024-07-24,ALNY,small,231.01,263.73,236.6,243,288817094.5455,2024-07-24,0,0,0.1386499427941863,2024-07-25,235.99,233.11,0.15220048899755545,2024-07-25,235.99,0.5,0.7281292250471382,0.003083881352746365,250.642,237.46,1399,6,0.0,2024-08-01,250.642,target60,0.061025554729014164
2024-07-31,BKNG,small,3648.25,4144.32,3708.02,181,391928265.11325,2024-07-26,0,3,0.1334874321557061,2024-08-01,3716.23,3702.505,0.13703711169794597,2024-08-01,3716.23,0.4805960477009487,0.7133663419137913,0.0001918637056217819,3945.892,3716.23,1404,1,0.5194039522990512,2024-08-01,3648.25,stop,-0.019274193991625888
2024-08-05,DE,small,340.8,390.34,344.85,150,492420658.3065,2024-08-05,0,0,0.1425652536763647,2024-08-06,347.49,340.8,0.13504238998788862,2024-08-06,347.49,0.5,0.7360902477863477,0.002117247122686853,370.524,350.82,1407,8,0.0,2024-08-15,370.524,target60,0.06522077939221282
2024-08-29,DXCM,small,68.11,77.77,69.6,213,350052143.60300004,2024-08-28,0,1,0.13799999999999996,2024-08-30,70.0,69.45,0.1956521739130436,2024-08-30,70.0,0.4468672395619327,0.6793226062896172,0.009699756356949606,73.90599999999999,69.81,1425,4,0.0,2024-09-05,68.11,stop,-0.027972756749999994
2024-09-05,CDNS,small,250.09,287.47,250.95,171,365464435.8455,2024-09-03,0,2,0.14842167957117341,2024-09-06,251.85,248.63,0.047084002140181644,2024-09-06,251.85,0.25,0.3752965873039531,0.0014894140917621646,272.51800000000003,251.85,1429,1,0.0,2024-09-06,250.09,stop,-0.007981050138971546
2024-09-05,FBTC,small,48.72,55.92,48.975,246,268758924.85975003,2024-09-05,0,0,0.14510278113663852,2024-09-06,49.62,48.72,0.12499999999999975,2024-09-06,49.62,0.25,0.3752965873039531,0.0075596319832789425,53.04,49.62,1429,1,0.0,2024-09-06,48.72,stop,-0.01911946432889955
2024-09-05,IBIT,small,31.71,36.44,31.87,69,750505663.648,2024-09-05,0,0,0.14648497986992867,2024-09-06,32.29,31.71,0.12262156448202932,2024-09-06,32.29,0.25,0.3752965873039531,0.01161687640168167,34.548,32.29,1429,1,0.0,2024-09-06,31.71,stop,-0.01894400967791876
2024-09-05,ON,small,68.5,78.6,70.3,199,318100274.7355,2024-09-05,0,0,0.14424450157097965,2024-09-06,70.02,69.41,0.15049504950495018,2024-09-06,70.02,0.25,0.3752965873039531,0.005357168509144547,74.56,70.02,1429,1,0.0,2024-09-06,68.5,stop,-0.022686130748357458
2024-09-06,ANET,small,313.29,358.58,314.22,170,364724166.1135,2024-09-03,0,3,0.141566641660415,2024-09-09,319.92,313.02,0.14638993155221905,2024-09-09,319.92,0.3459902973864659,0.5104713061127557,0.0015948239261681027,340.464,326.75,1430,3,0.0,2024-09-11,340.464,target60,0.06315210401350368
2024-09-06,PINS,small,28.71,32.72,29.25,289,228678187.82625,2024-09-06,0,0,0.13588614029142657,2024-09-09,29.51,29.04,0.1995012468827933,2024-09-09,29.51,0.30801940522706805,0.4544493567653616,0.015392142734224972,31.116,29.12,1430,3,0.0,2024-09-11,28.71,stop,-0.028082101745171117
2024-09-11,GM,small,43.445,49.86,44.66,145,399743285.9185,2024-09-11,0,0,0.14354441709554708,2024-09-12,44.69,43.8,0.19407638347622722,2024-09-12,44.69,0.4335725728094189,0.6486013877577291,0.014506088320963312,47.294,46.31,1433,3,0.3419576942715005,2024-09-16,47.294,target60,0.057210065417319544
2024-09-13,SPXS,small,7.08,8.105,7.18,224,298868148.73875,2024-09-11,0,2,0.14236111111111116,2024-09-16,7.2,7.14,0.11707317073170738,2024-09-16,7.2,0.21892788481708636,0.33579471906521774,0.04661483634801183,7.695,7.16,1435,2,0.7810721151829135,2024-09-17,7.08,stop_gap,-0.017649754166666587
2024-09-06,MCK,small,503.34,577.28,503.98,122,464624638.4475001,2024-09-06,0,0,0.14539376659128894,2024-09-09,508.55,503.34,0.07046253719231858,2024-09-09,508.55,0.3459902973864659,0.5104713061127557,0.0010032761192797157,547.704,505.205,1430,12,0.0,2024-09-24,486.17,stop_gap,-0.044963225754596214
2024-10-02,TMF,small,56.6,64.98,57.47,132,505418188.151,2024-09-30,0,2,0.1473795286669012,2024-10-03,56.86,56.345,0.03102625298329331,2024-10-03,56.86,0.5,0.7515474049695645,0.01321089748974815,61.628,56.86,1448,1,0.0,2024-10-03,56.6,stop,-0.005567813049595416
2024-10-14,DKNG,small,36.83,42.31,37.91,265,278200448.51525,2024-10-09,0,3,0.1448585778482687,2024-10-15,37.83,37.465,0.18248175182481738,2024-10-15,37.83,0.4560857562202982,0.6836316534124514,0.018062115717307564,40.118,37.21,1456,3,0.0,2024-10-17,36.83,stop,-0.02740736961406287
2024-10-18,AMD,small,152.47,174.05,155.99,6,5191435874.820001,2024-10-16,0,2,0.1385020216930878,2024-10-21,155.81,155.56,0.1547729379054681,2024-10-21,155.81,0.5,0.744236978772019,0.004774179194420339,165.418,157.95,1460,2,0.40905080489813384,2024-10-22,152.47,stop,-0.02241468379757383
2024-10-23,INTC,small,21.65,24.66,21.98,47,1101735433.6775,2024-10-18,0,3,0.13626075147125402,2024-10-24,22.09,21.575,0.14617940199335583,2024-10-24,22.09,0.49294045241093665,0.7275551422223825,0.03291948232916574,23.456,22.28,1463,6,0.5070595475890635,2024-10-31,21.65,stop,-0.020898351629696776
2024-10-31,FANG,small,175.16,200.47,176.77,237,307415377.688,2024-10-29,0,2,0.14267192784667418,2024-11-01,177.4,175.79,0.08850256815487985,2024-11-01,177.4,0.24652177955629132,0.35617521951511255,0.0020067482069073,190.346,177.4,1469,1,0.5069564408874173,2024-11-01,175.16,stop,-0.013613958342728272
2024-10-31,MU,small,99.4,114.14,99.62,32,1588785174.5974998,2024-10-30,0,1,0.14716453674121402,2024-11-01,100.16,99.08,0.05156037991858827,2024-11-01,100.16,0.24652177955629132,0.35617521951511255,0.003554284463911292,108.244,100.16,1469,1,0.5069564408874173,2024-11-01,99.4,stop,-0.008580023462459785
2024-11-01,FANG,small,175.16,200.47,175.84,250,297168734.3,2024-10-29,0,3,0.1420393961501768,2024-11-04,178.19,175.12,0.1197155274595022,2024-11-04,178.19,0.2448563389780268,0.3522227463444239,0.001975681210905504,190.346,179.7,1470,2,0.5102873220439464,2024-11-05,174.9,stop_gap,-0.019444729081317558
2024-11-01,MU,small,99.4,114.14,99.73,32,1566196889.0595,2024-10-30,0,2,0.14523598384077244,2024-11-04,101.49,99.37,0.14179104477611873,2024-11-04,101.49,0.2448563389780268,0.3522227463444239,0.003468781505283789,108.244,105.48,1470,3,0.5102873220439464,2024-11-06,108.38,target_gap,0.06682084042762848
2024-10-21,MCHP,large,71.765,93.23,75.18,266,280155067.013,2024-10-11,1,6,0.28773458445040223,2024-10-22,74.6,74.55,0.1320754716981129,2024-10-22,74.6,0.09112565502549615,0.1353755083687196,0.0018137777562270139,84.644,72.88,1461,15,0.9088743449745037,2024-11-11,71.765,stop,-0.03896443778485237
2024-11-08,SLV,small,27.92,31.8,28.49,101,667692746.926,2024-11-06,0,2,0.13872005720414726,2024-11-11,27.97,28.435,0.0128865979381436,2024-11-11,27.97,0.4917663099329871,0.7211324367383647,0.025769462657132484,30.248,27.97,1475,1,0.5082336900670129,2024-11-11,27.92,stop,-0.0027855924204504
2024-11-11,SLV,small,27.92,31.8,27.98,102,671923815.018,2024-11-06,0,3,0.13857142857142854,2024-11-12,28.0,27.72,0.020618556701030494,2024-11-12,28.0,0.5,0.7229812478950024,0.02580784847396625,30.248,28.0,1476,1,0.41269269710915724,2024-11-12,27.92,stop,-0.0038540364285711837
2024-10-17,KLAC,large,648.0,839.48,670.15,150,464136814.7155,2024-10-17,1,0,0.2866767475633675,2024-10-18,667.93,669.68,0.10408397743889675,2024-10-18,667.93,0.40573701978316323,0.6005613019446635,0.000898688517200442,762.888,664.9,1459,19,0.0,2024-11-14,648.0,stop,-0.03080837512913015
2024-11-15,TTD,small,115.36,132.65,118.13,223,386857712.2235,2024-11-14,0,1,0.14656268542849882,2024-11-18,117.97,117.81,0.1509543088490456,2024-11-18,117.97,0.5,0.7142484607417459,0.006051465088678266,125.73400000000001,123.89,1480,4,0.0,2024-11-21,125.73400000000001,target60,0.06474779548614085
2024-11-20,KLAC,small,609.72,700.35,616.82,166,473416545.5705,2024-11-20,0,0,0.1443612615482638,2024-11-21,627.8,610.0,0.1994924417963139,2024-11-21,627.8,0.4198900755985982,0.6185155774250497,0.000984718572214618,664.0980000000001,648.0,1483,7,0.5151199886903802,2024-12-02,664.0980000000001,target60,0.05676022303998107
2024-12-10,INTC,large,19.965,26.43,20.17,36,1297566990.179,2024-12-10,1,0,0.3208436724565757,2024-12-11,20.15,19.965,0.028615622583139787,2024-12-11,20.15,0.5,0.7549250084371188,0.03744652833413897,23.844,20.15,1496,1,0.0,2024-12-11,19.965,stop,-0.010171712593052051
2024-12-11,INTC,large,19.965,26.43,20.1,36,1304295831.1775,2024-12-10,1,1,0.3229270729270729,2024-12-12,20.02,19.88,0.00850734725444698,2024-12-12,20.02,0.5,0.7505801353151457,0.03747276949288152,23.844,20.02,1497,1,0.2267794626819981,2024-12-12,19.965,stop,-0.0037442561813186837
2024-12-12,FCX,large,40.28,52.61,42.08,231,350121172.2735,2024-12-04,1,6,0.295470884255931,2024-12-13,41.73,41.98,0.11759935117599318,2024-12-13,41.73,0.350022845329159,0.5273669739600887,0.012631279426626138,47.678,40.74,1498,3,0.23146949205778664,2024-12-17,40.15,stop_gap,-0.03882434609393692
2024-12-12,INTC,large,19.965,26.43,20.785,37,1305482029.5635,2024-12-10,1,2,0.3139873725109276,2024-12-13,20.59,19.92,0.09667440061871617,2024-12-13,20.59,0.399058835152319,0.6012477560669225,0.029186359018401605,23.844,20.43,1498,4,0.23146949205778664,2024-12-18,19.965,stop,-0.031323944086935285
2024-12-10,DELL,large,111.4,147.66,116.82,59,985424624.82,2024-12-09,1,1,0.3078098471986417,2024-12-11,117.8,116.57,0.1765030336458906,2024-12-11,117.8,0.22614377705461675,0.34144318560191694,0.0028970497793643123,133.156,112.67,1496,7,0.0,2024-12-19,111.4,stop,-0.0552748060271645
2024-12-17,CEG,large,221.41,288.64,234.15,181,451477686.3635,2024-12-16,1,1,0.28691532946398085,2024-12-18,234.32,228.86,0.192027368734196,2024-12-18,234.32,0.22305484947516224,0.3302016995949105,0.0014084866795199432,261.748,225.17,1501,3,0.6377943262081931,2024-12-20,221.41,stop,-0.056040263944605595
2024-12-20,KWEB,large,29.67,39.17,29.97,198,441269094.0695,2024-12-19,1,1,0.31868500503186853,2024-12-23,29.81,29.475,0.014736842105262844,2024-12-23,29.81,0.5,0.7113374235426029,0.023850444643771607,35.370000000000005,30.12,1504,4,0.0,2024-12-27,29.67,stop,-0.005691465363971693
2024-12-20,CEG,large,221.41,288.64,226.94,193,448752865.334,2024-12-16,1,4,0.29593274055814767,2024-12-23,227.18,220.0,0.08582478060389724,2024-12-23,227.18,0.4739789875206344,0.6743179835925192,0.00296672605247259,261.748,252.48,1504,9,0.0,2025-01-06,261.748,target60,0.15100940856149325
2025-01-02,FERG,large,172.0,223.22,173.41,294,274029905.5455,2024-12-24,1,5,0.29318832283915286,2025-01-03,174.7,172.66,0.05271378367825046,2025-01-03,174.7,0.1703327713079489,0.2533654302439961,0.001449563523347877,202.732,174.18,1511,3,0.4996156451592359,2025-01-07,172.0,stop,-0.01643936462507145
2025-01-07,SHOP,small,104.51,120.08,106.78,129,564066501.159,2025-01-07,0,0,0.1462246431254695,2025-01-08,106.48,106.1,0.12652536929993577,2025-01-08,106.48,0.5,0.7637793832101489,0.007169397948145604,113.852,107.68,1514,2,0.32876781596243104,2025-01-10,103.94,stop_gap,-0.024830146647257578
2025-01-08,MCHP,small,55.27,62.7,56.39,258,316562981.89250004,2025-01-03,0,3,0.13392213410237924,2025-01-10,55.48,56.01,0.02826379542395609,2025-01-10,55.48,0.5,0.7606287061027565,0.013703107277391947,59.728,55.48,1515,1,0.33845393628700676,2025-01-10,55.27,stop,-0.004781113599495068
2025-01-10,WDAY,small,246.89,283.0,249.64,104,631824418.5195,2025-01-08,0,1,0.1455637521667272,2025-01-13,248.07,249.5,0.03267792855164792,2025-01-13,248.07,0.5,0.7602553171862448,0.0030631482626986405,268.556,248.07,1516,1,0.34052075794807773,2025-01-13,246.89,stop,-0.005751716360301584
2025-01-02,DKNG,large,35.11,45.87,36.28,297,271971295.90975004,2024-12-26,1,4,0.29839156960621177,2025-01-03,36.06,36.03,0.0882899628252791,2025-01-03,36.06,0.1558787632023445,0.23186548073747526,0.006426776150779438,41.565999999999995,40.02,1511,8,0.4996156451592359,2025-01-15,41.565999999999995,target60,0.15153755938713265
2025-01-02,GDX,large,33.83,44.22,35.33,159,485295739.949,2024-12-27,1,3,0.29491910303718427,2025-01-03,35.23,34.46,0.13474494706448495,2025-01-03,35.23,0.10463050519936246,0.15563507106072672,0.004415476966369469,40.064,38.95,1511,20,0.4996156451592359,2025-02-03,39.54,time_h20,0.12121685736588161
2025-01-02,UNH,large,475.82,630.73,504.37,16,2900259720.2105,2024-12-26,1,4,0.3059346301965044,2025-01-03,506.35,503.3,0.1970821767477892,2025-01-03,506.35,0.06954231513110819,0.10344232914229896,0.00020418802799985746,568.766,542.63,1511,20,0.4996156451592359,2025-02-03,548.2,time_h20,0.08156796099535923
2025-02-07,HUM,small,267.12,306.89,274.33,292,345090604.73050004,2025-02-07,0,0,0.14581652856200036,2025-02-10,272.74,273.21,0.1413125471460902,2025-02-10,272.74,0.5,0.7759343548849352,0.0028435373898492806,290.98199999999997,272.74,1535,1,0.3518909896380459,2025-02-10,267.12,stop,-0.02158485451345593
2025-02-05,SQQQ,large,27.235,35.415,28.285,41,1490793431.78075,2025-02-05,1,0,0.28996809641970933,2025-02-06,28.21,28.26,0.11919315403423,2025-02-06,28.21,0.35184341879233905,0.5459747181175845,0.0193442655355734,32.143,28.07,1533,6,0.0,2025-02-13,27.235,stop,-0.03552740841013835
2025-02-11,FBTC,small,82.46,93.78,83.12,270,369149130.4075,2025-02-11,0,0,0.13688029020556236,2025-02-12,82.7,82.74,0.021201413427562626,2025-02-12,82.7,0.31891990562662886,0.49451583176922487,0.005976645391213304,89.252,85.0,1537,4,0.36216018874674216,2025-02-18,82.46,stop,-0.0038989042926239614
2025-02-11,IBIT,small,53.69,61.08,54.13,22,2310350957.6969995,2025-02-11,0,0,0.13728404235556382,2025-02-12,53.83,53.87,0.018944519621109684,2025-02-12,53.83,0.31891990562662886,0.49451583176922487,0.009182028122856034,58.123999999999995,55.345,1537,4,0.36216018874674216,2025-02-18,53.69,stop,-0.0035979301040309775
2025-02-28,DELL,large,98.365,129.65,102.72,109,810690635.071,2025-02-26,1,2,0.30186221536086466,2025-03-03,103.64,99.0,0.16861115550583358,2025-03-03,103.64,0.24109879971223996,0.3645177602712194,0.003515394648698223,117.136,103.64,1549,1,0.0,2025-03-03,98.365,stop,-0.05184620232294468
2025-03-03,NEM,small,42.04,48.225,42.37,256,398968114.485,2025-02-27,0,2,0.14471221338324758,2025-03-04,42.74,42.16,0.11317704122877972,2025-03-04,42.74,0.5,0.7465015750086172,0.017457377730957253,45.751,42.74,1550,1,0.0,2025-03-04,42.04,stop,-0.01736147613476835
2025-03-04,DE,small,447.73,515.05,458.16,160,590571028.6025,2025-03-04,0,0,0.14622385368926333,2025-03-05,460.39,447.73,0.18805704099821718,2025-03-05,460.39,0.43905186017907694,0.6498155360277009,0.0014107400861436761,488.12199999999996,482.91,1551,3,0.0,2025-03-07,488.12199999999996,target60,0.05917591613740525
2025-03-04,NEM,small,42.04,48.225,42.495,258,404775776.533,2025-02-27,0,3,0.14434072345390903,2025-03-05,42.85,41.94,0.13096200485044496,2025-03-05,42.85,0.5,0.7400213903690778,0.017261409093906492,45.751,43.86,1551,4,0.0,2025-03-10,42.04,stop,-0.01988400210035013
2025-03-05,SNPS,large,429.77,558.87,448.18,216,460724599.95375,2025-03-05,1,0,0.2933357569698485,2025-03-06,440.11,433.91,0.0800929512006199,2025-03-06,440.11,0.05996780918478967,0.09020585434137685,0.0002048595837727072,507.23,450.88,1552,3,0.9400321908152104,2025-03-10,429.77,stop,-0.024470388215446004
2025-03-10,LULU,large,321.83,423.32,333.77,215,482795209.468,2025-02-28,1,6,0.30399880185712147,2025-03-11,333.85,330.74,0.11843531382402245,2025-03-11,333.85,0.33813294977097147,0.5077317308744453,0.001520077474940866,382.724,333.85,1555,1,0.0,2025-03-11,321.83,stop,-0.03696794830762318
2025-03-10,SNPS,large,429.77,558.87,429.85,210,493334995.27925,2025-03-05,1,3,0.2995151149571956,2025-03-11,431.03,427.435,0.009759876065065768,2025-03-11,431.03,0.5,0.7507871256237357,0.0017409733245039186,507.23,431.03,1555,1,0.0,2025-03-11,429.77,stop,-0.003920057902001894
2025-03-11,SNPS,large,429.77,558.87,430.68,206,510142689.88225,2025-03-05,1,4,0.29192953892770734,2025-03-12,442.23,427.73,0.09651432997676246,2025-03-12,442.23,0.4288646818781007,0.6346602550239845,0.0014344185715498099,507.23,432.42,1556,2,0.0,2025-03-13,429.77,stop,-0.02914696551002882
2025-03-19,GILD,small,105.8,119.96,107.51,129,755220308.206,2025-03-19,0,0,0.13255324128247128,2025-03-20,106.825,105.8,0.07238700564971794,2025-03-20,106.825,0.3679745637904028,0.53757443056051,0.00502977433508289,114.29599999999999,106.825,1562,1,0.6320254362095973,2025-03-20,105.8,stop,-0.010585289492160088
2025-03-11,MCHP,large,50.21,66.23,52.17,204,515327361.0630001,2025-03-04,1,5,0.30467858501331313,2025-03-12,52.58,51.07,0.14794007490636685,2025-03-12,52.58,0.27157015893730807,0.4018861743831953,0.0076395061106124705,59.822,51.0,1556,8,0.0,2025-03-21,50.21,stop,-0.046028859785089304
2025-03-14,SNPS,large,429.77,558.87,446.26,194,558474309.65975,2025-03-05,1,7,0.29011235955056186,2025-03-17,445.0,433.05,0.11797056545313722,2025-03-17,445.0,0.3552144311255521,0.5219022963543668,0.0011722277420363812,507.23,437.96,1559,11,0.2789044511383073,2025-03-31,429.02,stop_gap,-0.036873961224718976
2025-03-28,ETN,small,267.63,304.54,274.12,88,963793505.167,2025-03-28,0,0,0.137723880597015,2025-03-31,268.0,271.65,0.010024383635871154,2025-03-31,268.0,0.26522576885580285,0.3804609948362754,0.0014189207624584225,289.776,268.0,1569,1,0.5172151554377727,2025-03-31,267.63,stop,-0.002378966763059709
2025-03-28,MU,large,83.54,110.66,88.45,37,1781917240.9080002,2025-03-20,1,6,0.31505576208178426,2025-03-31,86.08,87.605,0.09365781710914428,2025-03-31,86.08,0.21755907570642438,0.3120840887218934,0.0036236994270159445,99.812,88.58,1569,4,0.5172151554377727,2025-04-03,82.915,stop_gap,-0.03773111374593374
2025-03-31,ETN,small,267.63,304.54,271.83,86,956716113.167,2025-03-28,0,1,0.1357933850851699,2025-04-01,271.81,262.68,0.11324844215659724,2025-04-01,271.81,0.2603287194457165,0.37955589077491925,0.0013957032957931342,289.776,283.77,1570,3,0.7396712805542833,2025-04-03,260.03,stop_gap,-0.04429551890107064
2025-03-21,GILD,small,105.8,119.96,106.99,116,791493491.4885,2025-03-19,0,2,0.13212652794625357,2025-03-24,107.17,105.0,0.09675141242937887,2025-03-24,107.17,0.5,0.7253844693597244,0.0067651560802934095,114.29599999999999,111.88,1564,9,0.3691125876941694,2025-04-03,114.29599999999999,target60,0.06542626270411533
2025-04-08,ADP,small,272.98,309.5,276.92,298,379031178.74350005,2025-04-08,0,0,0.13272277947376065,2025-04-09,275.16,273.54,0.059693318729463526,2025-04-09,275.16,0.5,0.7179478691633283,0.0026078968426687986,294.892,275.16,1576,1,0.0,2025-04-09,294.892,target60,0.0706395614297135
2025-04-08,MCK,small,635.15,727.94,652.92,205,529332787.185,2025-04-07,0,1,0.143548886138614,2025-04-09,646.4,646.73,0.12124151309408332,2025-04-09,646.4,0.5,0.7179478691633283,0.0011101313354405116,690.8240000000001,671.93,1576,2,0.0,2025-04-10,690.8240000000001,target60,0.06765678945854003
2025-05-23,BABA,small,117.29,134.51,120.7,41,1462741737.0820005,2025-05-20,0,3,0.1437035800717682,2025-05-27,119.83,119.38,0.14750290360046425,2025-05-27,119.83,0.5,0.7675926543799712,0.006402477326652601,127.622,119.53,1608,2,0.0,2025-05-28,117.29,stop,-0.02217525392222308
2025-06-18,TEAM,small,193.5,220.43,196.18,254,376158623.709,2025-06-18,0,0,0.13729288809584506,2025-06-20,196.15,193.5,0.09840326773115503,2025-06-20,196.15,0.5,0.7590818733701166,0.0038679700863289905,209.65800000000002,196.15,1625,1,0.0,2025-06-20,193.5,stop,-0.014496312133571165
2025-07-09,BABA,large,102.19,134.51,103.83,75,1085667721.44425,2025-07-09,1,0,0.3073996575993912,2025-07-10,105.14,103.71,0.09127475247524763,2025-07-10,105.14,0.4305996646652484,0.6489825298689418,0.006169469646224153,121.582,117.22,1638,7,0.0,2025-07-18,121.582,target60,0.1552258740298651
2025-07-21,LULU,small,220.0,252.16,223.14,140,697649180.773,2025-07-16,0,3,0.14501510574018125,2025-07-22,221.77,222.705,0.055037313432836146,2025-07-22,221.77,0.5,0.8090446269913223,0.0036463006929603942,239.296,224.05,1646,3,0.4907931198670598,2025-07-24,220.0,stop,-0.008973012580601458
2025-07-16,OXY,small,41.655,47.315,42.635,190,523984015.87175,2025-07-15,0,1,0.13294186729301224,2025-07-17,42.575,42.055,0.16254416961130783,2025-07-17,42.575,0.5,0.7839565586008044,0.01840433541565482,45.051,44.72,1643,8,0.45266270197952924,2025-07-28,45.1,target_gap,0.05824806283029971
2025-07-29,CRWD,small,454.56,517.69,465.67,73,1110746227.096,2025-07-25,0,2,0.13627336700772796,2025-07-30,463.26,458.0,0.1378108664660222,2025-07-30,463.26,0.5,0.8231515613316438,0.001775978900727406,492.43800000000005,463.26,1652,1,0.0,2025-07-30,454.56,stop,-0.019760925527781303
2025-07-30,CRWD,small,454.56,517.69,463.32,76,1116922906.053,2025-07-25,0,3,0.13554190999656487,2025-07-31,465.76,453.71,0.17741169016315506,2025-07-31,465.76,0.46243093459710766,0.7639927897113274,0.0016394941457327204,492.43800000000005,465.76,1653,1,0.2779103974600728,2025-07-31,454.56,stop,-0.025022428632772042
2025-07-29,SPOT,large,594.26,784.25,620.0,79,1064142538.461,2025-07-28,1,1,0.3049598715890851,2025-07-30,623.0,615.805,0.15127111953260702,2025-07-30,623.0,0.2654772556674723,0.4370560350014397,0.0007011837993321653,708.254,687.13,1652,8,0.0,2025-08-08,708.254,target60,0.13570774167496014
2025-08-07,DDOG,small,134.17,152.2,136.33,187,607226159.841,2025-08-04,0,3,0.1320008785416209,2025-08-08,136.59,131.26,0.13422074320576904,2025-08-08,136.59,0.4509913366327195,0.7448758346548233,0.0054506435078519365,144.988,136.59,1659,1,0.5490086633672804,2025-08-08,134.17,stop,-0.018699293194962996
2025-07-30,LUV,large,29.17,37.96,30.72,283,388070358.18825,2025-07-29,1,1,0.2881967213114754,2025-07-31,30.5,30.45,0.15130830489192246,2025-07-31,30.5,0.2596586679428196,0.42898806124896893,0.014058149744863753,34.444,29.595,1653,8,0.2779103974600728,2025-08-11,29.17,stop,-0.04456271172131143
2025-08-19,PWR,small,369.11,424.23,379.02,273,427615546.3655,2025-08-15,0,2,0.14659964360754277,2025-08-20,375.99,377.4,0.12481857764876624,2025-08-20,375.99,0.5,0.8185931477346572,0.00217607875518176,402.182,375.99,1667,1,0.0,2025-08-20,369.11,stop,-0.019279815214500284
2025-08-19,XYZ,small,72.4,82.5,74.33,157,688228399.146,2025-08-15,0,2,0.13726556129382977,2025-08-20,73.58,74.04,0.11683168316831617,2025-08-20,73.58,0.5,0.8185931477346572,0.01111965005654784,78.46000000000001,73.58,1667,1,0.0,2025-08-20,72.4,stop,-0.017020683609676235
2025-08-20,XYZ,small,72.4,82.5,74.13,189,580170214.3255,2025-08-15,0,3,0.13700488334237648,2025-08-21,73.72,71.455,0.1306930693069301,2025-08-21,73.72,0.5,0.8037354779362468,0.010897091836642413,78.46000000000001,74.1,1668,2,0.0,2025-08-22,78.46000000000001,target60,0.0632333100244169
2025-08-20,PWR,small,369.11,424.23,375.74,277,419369932.4865,2025-08-15,0,3,0.1463971740458421,2025-08-21,376.51,367.9,0.13425253991291686,2025-08-21,376.51,0.5,0.8037354779362468,0.002133631537534936,402.182,378.1,1668,8,0.0,2025-09-02,369.11,stop,-0.02063429317282406
2025-08-27,APO,small,132.33,151.53,135.75,273,403537428.67,2025-08-27,0,0,0.14126995806048112,2025-08-28,135.91,133.82,0.18645833333333262,2025-08-28,135.91,0.457638535507743,0.7655990864130162,0.005630316289234124,143.85,136.27,1673,3,0.4891858796948079,2025-09-02,132.33,stop,-0.027314376554337105
2025-09-02,APO,small,132.33,151.53,135.84,256,396802215.432,2025-08-27,0,3,0.14215904042647703,2025-09-03,135.06,132.28,0.14218749999999955,2025-09-03,135.06,0.5,0.8103987176526906,0.005997286526683431,143.85,135.06,1676,1,0.0,2025-09-03,132.33,stop,-0.02119278037538852
2025-09-04,TXN,small,183.4,209.03,187.26,117,800396423.1735001,2025-09-03,0,1,0.1370002138122728,2025-09-05,187.08,181.69,0.14358174014826405,2025-09-05,187.08,0.5,0.8080138667899172,0.004316922492284168,198.778,187.9,1678,2,0.2560182697435946,2025-09-08,183.4,stop,-0.020650813288432657
2025-09-02,ARM,large,127.03,168.3,132.37,219,475718698.39375,2025-08-28,1,2,0.3087916199027311,2025-09-03,133.65,130.42,0.16040707535740253,2025-09-03,133.65,0.24761127772823305,0.4013277238946086,0.0030013248038358495,151.792,140.78,1676,6,0.0,2025-09-10,151.792,target60,0.13460715262252143
2025-09-08,TXN,small,183.4,209.03,185.79,108,854198314.4765,2025-09-03,0,3,0.13920269389528567,2025-09-09,184.12,183.08,0.028092079594225477,2025-09-09,184.12,0.5,0.8018017356518692,0.004352600666869668,198.778,185.05,1680,2,0.2606595164641213,2025-09-10,183.4,stop,-0.0049063336411036
2025-09-10,SQQQ,small,16.71,19.0,17.05,48,1589534608.6727,2025-09-10,0,0,0.13598574821852727,2025-09-11,16.84,16.785,0.05676855895196465,2025-09-11,16.84,0.5,0.8185121825604675,0.04858093387584248,18.084,16.84,1682,1,0.0,2025-09-11,16.71,stop,-0.008711747179334761
2025-09-11,SQQQ,small,16.71,19.0,16.765,50,1578307705.4667,2025-09-10,0,1,0.13696172248803823,2025-09-12,16.72,16.7,0.004366812227073368,2025-09-12,16.72,0.5,0.8149468469616314,0.04871646970921954,18.084,16.72,1683,1,0.0,2025-09-12,16.71,stop,-0.0015972381877987774
2025-09-22,DHR,small,187.04,212.57,190.48,206,525409083.0055,2025-09-18,0,2,0.13436842105263158,2025-09-23,190.0,190.23,0.11594202898550755,2025-09-23,190.0,0.5,0.8142960148491347,0.00428362561495637,202.358,189.65,1690,2,0.0,2025-09-24,187.04,stop,-0.01656312231578938
2025-10-20,VST,small,190.7,217.1,194.22,150,806039521.6700001,2025-10-20,0,0,0.13687266694317715,2025-10-21,192.88,192.95,0.08257575757575782,2025-10-21,192.88,0.5,0.8075523726015317,0.00418471897768162,206.54,192.88,1710,1,0.0,2025-10-21,190.7,stop,-0.012290814625674051
2025-10-30,ETHA,large,27.78,36.8,27.85,61,1546413065.9745,2025-10-30,1,0,0.3094339622641508,2025-10-31,29.15,27.78,0.15188470066518825,2025-10-31,29.15,0.1751878181744627,0.2812078538608374,0.009642101198418766,33.192,29.36,1718,2,0.0,2025-11-03,27.78,stop,-0.04795104819897056
2025-10-30,NVO,large,47.92,62.32,50.04,247,516902366.1615,2025-10-30,1,0,0.29538461538461536,2025-10-31,48.75,49.435,0.057638888888888774,2025-10-31,48.75,0.3360159126520434,0.5393657769393105,0.011058381416427506,56.56,49.12,1718,3,0.0,2025-11-04,47.92,stop_gap,-0.018008369641025368
2025-10-30,UAL,small,92.9,106.44,93.37,213,607875901.33275,2025-10-29,0,1,0.1448283238849074,2025-10-31,93.49,92.36,0.04357459379615876,2025-10-31,93.49,0.3360159126520434,0.5393657769393105,0.005766350348174574,101.024,96.105,1718,3,0.0,2025-11-04,92.9,stop,-0.007304276125788545
2025-11-03,NFLX,small,1087.4,1248.1,1099.96,19,4223047707.035501,2025-10-31,0,1,0.14609622168078823,2025-11-04,1099.96,1075.16,0.0781580584940881,2025-11-04,1099.96,0.2523939627116404,0.3986881605814478,0.0003622757341186562,1183.82,1099.96,1720,1,0.4952120745767192,2025-11-04,1087.4,stop,-0.0124069312975017
2025-11-05,NFLX,small,1087.4,1248.1,1098.46,18,4364432025.436999,2025-10-31,0,3,0.14681430320305489,2025-11-06,1094.58,1073.51,0.044679527069071835,2025-11-06,1094.58,0.5,0.7893986499332016,0.0007208280350529291,1183.82,1094.58,1722,1,0.411471146793602,2025-11-06,1087.4,stop,-0.007552785680352225
2025-11-03,PM,small,142.33,161.51,144.64,120,987308944.243,2025-10-31,0,1,0.13160422670509112,2025-11-04,145.74,142.17,0.17778936392075081,2025-11-04,145.74,0.2523939627116404,0.3986881605814478,0.002734244658303534,153.838,153.4,1720,5,0.4952120745767192,2025-11-10,153.838,target60,0.05450940345478239
2025-11-10,TTD,large,43.1,57.0,43.245,289,446315532.91925,2025-10-31,1,6,0.32116451016635855,2025-11-11,43.28,42.02,0.012949640287769765,2025-11-11,43.28,0.5,0.7956743616383177,0.018375150749942205,51.44,43.28,1725,1,0.15566839609542832,2025-11-11,43.1,stop,-0.005154556954713341
2025-11-11,BABA,small,160.0,182.5,160.79,49,1936416788.486,2025-11-07,0,2,0.13976891539321656,2025-11-12,160.98,160.17,0.0435555555555551,2025-11-12,160.98,0.3515344494610692,0.555292076412533,0.0034477228871557138,173.5,160.98,1726,1,0.43324861119305513,2025-11-12,160.0,stop,-0.0070813765685175944
2025-11-11,TTD,large,43.1,57.0,44.2,271,469293442.78374994,2025-10-31,1,7,0.30964580084651366,2025-11-12,44.89,43.05,0.12877697841726615,2025-11-12,44.89,0.21521693934587574,0.33996173436696564,0.007569430908883542,51.44,43.81,1726,2,0.43324861119305513,2025-11-13,43.1,stop,-0.0408351353308084
2025-11-10,SPXU,large,12.22,15.87,12.7,276,461372473.8015,2025-11-06,1,2,0.28560250391236297,2025-11-11,12.78,12.645,0.15342465753424628,2025-11-11,12.78,0.27917882096069957,0.44427086030168567,0.03474559662531572,14.41,13.82,1725,8,0.15566839609542832,2025-11-20,52.71,target_gap,3.120289763497653
2025-11-18,TNA,large,38.5,50.96,39.34,226,576545088.78775,2025-11-17,1,1,0.3153631991900785,2025-11-19,39.51,38.1,0.08105939004815393,2025-11-19,39.51,0.4710386866602189,0.7543594096695193,0.019083326498726516,45.976,39.34,1731,2,0.45210757529760753,2025-11-20,38.5,stop,-0.026537341812199355
2025-11-20,F,small,12.195,13.97,12.405,72,1360477043.108,2025-11-18,0,2,0.14188649080735416,2025-11-21,12.51,12.385,0.17746478873239405,2025-11-21,12.51,0.4779349096157831,1.3995937495815467,0.11182205856968475,13.26,13.155,1733,4,0.08211733813079025,2025-11-26,13.26,target60,0.05889235131894521
2025-10-30,LULU,large,159.3,208.115,168.01,199,641197791.7745,2025-10-23,1,5,0.289875296912114,2025-10-31,168.4,167.0,0.18641810918774956,2025-10-31,168.4,0.15278035652145064,0.2452398609514363,0.0014555655642574856,188.589,181.94,1718,20,0.0,2025-11-28,184.94,time_h20,0.09712058334323048
2025-12-09,LLY,small,966.0,1111.24,981.86,28,3126049260.99875,2025-12-09,0,0,0.1474517766497462,2025-12-10,985.0,979.42,0.13081795648581657,2025-12-10,985.0,0.5,1.5197141227893134,0.0015420855489623542,1053.144,1027.78,1745,4,0.0,2025-12-15,1053.144,target60,0.06811281145786818
2025-12-12,BABA,large,147.86,192.67,155.68,46,1846025777.8655,2025-12-04,1,6,0.2925316620968793,2025-12-15,153.18,153.83,0.11872349921892426,2025-12-15,153.18,0.350187436477705,1.090002803811861,0.007112271852787276,174.746,150.1,1748,2,0.5117583266965512,2025-12-16,147.86,stop,-0.035695410856508736
2025-12-18,VLO,small,159.92,182.91,161.95,298,404245437.6895,2025-12-18,0,0,0.1420451034908867,2025-12-19,161.85,160.73,0.08394954327968708,2025-12-19,161.85,0.5,1.5520160745886118,0.009584430438994858,173.714,165.31,1752,10,0.0,2026-01-05,179.69,target_gap,0.1091155694933581
2025-12-22,VST,small,158.65,180.73,161.54,175,657579333.834,2025-12-19,0,1,0.13665903323636805,2025-12-23,161.57,160.85,0.13224637681159374,2025-12-23,161.57,0.4965821890926067,1.5520160745886118,0.009601040208895944,171.898,162.98,1754,9,0.5034178109073933,2026-01-06,171.898,target60,0.06285910116048798
2026-01-02,TSLA,small,435.26,498.82,438.1,2,31177410207.9605,2026-01-02,0,0,0.1419383653416704,2026-01-05,447.8,435.31,0.1972938955317813,2026-01-05,447.8,0.1566218816281046,0.524290710755929,0.0011702290428775148,473.396,451.69,1761,2,0.48577487665416835,2026-01-06,435.26,stop,-0.028975326451540773
2026-01-06,TZA,small,6.61,7.555,6.67,151,678692741.3735,2026-01-02,0,2,0.14231927710843364,2026-01-07,6.64,6.66,0.03174603174603109,2026-01-07,6.64,0.5,1.7087057967161878,0.25720654274364907,7.177,6.725,1763,2,0.3683308061491006,2026-01-08,6.61,stop,-0.005513305346385389
2026-01-08,GLW,small,84.85,96.605,85.32,274,379492720.7987501,2026-01-05,0,3,0.137759287472167,2026-01-09,85.33,83.98,0.04083368779242906,2026-01-09,85.33,0.5,1.70911152010768,0.020019418309476462,91.903,85.2,1765,2,0.3712367554165507,2026-01-12,84.8,stop_gap,-0.007204720496894246
2026-01-02,LEN,large,102.15,133.76,104.22,286,364779653.199,2026-01-02,1,0,0.304322711081159,2026-01-05,103.87,102.15,0.05441316039228091,2026-01-05,103.87,0.18152528514766167,0.6076546889931014,0.0058472211576836896,121.116,119.25,1761,6,0.48577487665416835,2026-01-12,121.116,target60,0.16486872320207957
2026-01-02,SNOW,large,211.96,280.67,216.68,68,1170600481.97825,2025-12-24,1,5,0.3161260639521509,2026-01-05,217.35,213.96,0.07844564110027631,2026-01-05,217.35,0.17607795657006542,0.589419792681164,0.0027104903739812443,253.186,220.17,1761,7,0.48577487665416835,2026-01-13,211.96,stop,-0.02577366924315605
2026-01-14,DASH,small,208.11,238.9,213.1,171,628413687.3575,2026-01-13,0,1,0.14401983254595627,2026-01-15,213.79,207.9,0.1844754790516395,2026-01-15,213.79,0.4538675744149974,1.5517757614678078,0.0072547821394222094,226.584,213.79,1769,1,0.0,2026-01-15,208.11,stop,-0.027541316116282077
2026-01-14,RCL,small,277.02,314.285,279.32,234,463857665.5675,2026-01-13,0,1,0.13214539007092213,2026-01-15,282.0,274.485,0.13363746142492988,2026-01-15,282.0,0.5,1.709502781144847,0.00605903556650452,299.379,282.0,1769,1,0.0,2026-01-15,277.02,stop,-0.018641669308510633
2026-01-15,DASH,small,208.11,238.9,210.11,174,629809950.42,2026-01-13,0,2,0.14576527955309376,2026-01-16,211.23,207.745,0.10133160116921003,2026-01-16,211.23,0.5,1.6721998149867217,0.007912530015051027,226.584,211.23,1770,1,0.0,2026-01-16,208.11,stop,-0.015755612235477723
2026-01-22,WFC,small,86.035,97.76,88.05,101,1037972871.242,2026-01-22,0,0,0.1340000000000001,2026-01-23,87.5,86.43,0.12494669509594902,2026-01-23,87.5,0.5,1.6590265490541376,0.018950823266052692,93.07000000000001,87.5,1774,1,0.0,2026-01-23,86.035,stop,-0.01772586847142854
2026-01-23,WFC,small,86.035,97.76,86.97,97,1082346374.1179998,2026-01-22,0,1,0.13461538461538472,2026-01-26,87.1,86.03,0.09083155650319803,2026-01-26,87.1,0.5,1.6443227058545666,0.018869122210122154,93.07000000000001,92.29,1775,7,0.0,2026-02-03,93.07000000000001,target60,0.06747363108496018
2026-01-30,VST,large,149.26,196.55,158.34,149,877214772.125,2026-01-28,1,2,0.29996828417380283,2026-02-02,157.65,156.86,0.17741594417424425,2026-02-02,157.65,0.2307743544619832,0.7720700872478068,0.004894919455782955,177.63400000000001,153.05,1780,3,0.5085063943825949,2026-02-04,149.26,stop,-0.054165700507453285
2026-02-05,DASH,large,182.04,238.9,183.76,215,692705084.7055,2026-02-03,1,2,0.30440601745275453,2026-02-06,186.79,182.8,0.08353851565247976,2026-02-06,186.79,0.473418315545006,1.5896317670339923,0.008506006484022033,216.156,186.79,1784,1,0.0,2026-02-06,182.04,stop,-0.02640395358423886
2026-02-09,DASH,large,182.04,238.9,186.12,206,749830900.5139999,2026-02-03,1,4,0.30632474948820176,2026-02-10,185.62,178.24,0.0629616602180797,2026-02-10,185.62,0.5,1.6579007774195813,0.008927226737586853,216.156,185.59,1786,2,0.0,2026-02-11,182.04,stop,-0.020267182900549408
2026-02-12,DELL,large,110.22,143.785,112.85,201,791151464.23225,2026-02-06,1,4,0.29068156231055686,2026-02-13,115.47,111.2,0.15641293013555788,2026-02-13,115.47,0.26927809539526176,0.8838247199592163,0.007650323093437574,130.359,121.47,1789,10,0.0,2026-02-27,137.37,target_gap,0.1884702896206809
2026-02-23,AAL,large,12.805,16.5,12.93,227,679423000.79425,2026-02-20,1,1,0.28554868624420404,2026-02-24,12.94,12.84,0.03653585926928275,2026-02-24,12.94,0.5,1.660119894676124,0.12822950809341468,15.022,13.085,1795,5,0.2776498058108857,2026-03-02,12.28,stop_gap,-0.05195339489953621
2026-03-06,MCHP,large,63.25,83.35,64.78,298,491540465.6318264,2026-03-03,1,3,0.3162366268093139,2026-03-09,63.56,64.21,0.015422885572139422,2026-03-09,63.56,0.2825427455566036,0.9636594959207355,0.015153833640226167,75.31,63.56,1804,1,0.7174572544433965,2026-03-09,63.25,stop,-0.00587215524701068
2026-03-12,B,large,42.045,54.69,44.49,243,611255844.5014814,2026-03-11,1,1,0.2860859728506786,2026-03-13,44.2,44.055,0.17042309213127732,2026-03-13,44.2,0.2514765441871418,0.8870682710462701,0.02005938318802595,49.632,42.32,1808,2,0.7284146860812449,2026-03-16,42.0,stop_gap,-0.050723744343891264
2026-02-27,NVDL,large,72.75,94.68,76.49,162,919416557.9937828,2026-02-19,1,6,0.2940860936033258,2026-03-02,74.57,75.82,0.08299133606931111,2026-03-02,74.57,0.4924807317575541,1.6606109551905504,0.02225802131839822,85.908,78.51,1799,11,0.2217306359124235,2026-03-16,85.908,target60,0.1508933012873812
2026-03-16,B,large,42.045,54.69,43.09,255,582759904.1519815,2026-03-11,1,3,0.29089026915113864,2026-03-17,43.47,41.67,0.11269276393831536,2026-03-17,43.47,0.37039271643987554,1.3235694532537814,0.030432658581254993,49.632,42.815,1810,2,0.20966754042922792,2026-03-18,41.13,stop_gap,-0.0547761609730848
2026-02-24,MA,small,490.0,561.58,498.28,76,1801934516.5596557,2026-02-24,0,0,0.14235710592259665,2026-02-25,502.82,491.26,0.17910030734842114,2026-02-25,502.82,0.2211414153813658,0.7382559619168962,0.0014674969848771683,532.948,506.78,1796,16,0.7788585846186341,2026-03-18,490.0,stop,-0.026470461596595163
2026-03-18,SMCI,small,29.685,33.855,30.36,207,705883403.7284979,2026-03-18,0,0,0.13899999999999993,2026-03-19,30.0,30.325,0.07553956834532408,2026-03-19,30.0,0.5,1.7352026351652894,0.05781116779492356,32.187,30.795,1812,2,0.0,2026-03-20,22.52,stop_gap,-0.2500838123333333
2026-03-19,PDD,large,96.89,125.35,97.43,285,505798579.6987993,2026-03-19,1,0,0.29340206185567,2026-03-20,97.0,96.89,0.003865073787772293,2026-03-20,97.0,0.5,1.5182295900787985,0.01564402551838927,113.966,97.0,1813,1,0.0,2026-03-20,96.89,stop,-0.0021326368814430507
2026-03-19,DHR,small,185.32,212.56,190.11,251,581433672.0542175,2026-03-16,0,3,0.1437618746041799,2026-03-20,189.48,187.44,0.15271659324522743,2026-03-20,189.48,0.5,1.5182295900787985,0.00800860499938653,201.664,190.08,1813,4,0.0,2026-03-25,185.32,stop,-0.022932624393075418
2026-03-30,KWEB,small,27.665,31.475,27.77,200,722449692.6257501,2026-03-30,0,0,0.13729729729729737,2026-03-31,27.75,27.665,0.02230971128608945,2026-03-31,27.75,0.033877710397760705,0.10205822263045777,0.0036759349015907223,29.951,27.75,1820,1,0.8986889405945339,2026-03-31,27.665,stop,-0.004059750765765813
