year,rank_cap,sleeve,variant,baseline_candidate_count,confirmed_candidate_count,confirmation_rate,avg_entry_vs_baseline_next_open,total_return,max_drawdown,sharpe,avg_exposure,trades,profit_factor,mean_trade
2021,300,all,baseline_next_open,3915,3915,1.0,0.0,0.121716340180086,-0.0711104249250276,1.0920225326453192,0.9126368388093828,1495,1.1080945790686214,0.0015371582461962
2021,300,all,hold_then_enter,3915,1967,0.50242656449553,0.0090206998545394,0.0072000329560171,-0.0878318060272775,0.1221146388456709,0.9392894397176184,757,1.1643319452806171,0.0033897633430352
2021,300,all,no_new_low_green,3915,1388,0.3545338441890166,0.0112954080960589,0.088275350237698,-0.0706757872444711,0.8501301612824906,0.9205035417673954,649,1.1180689411813378,0.0024843815202816
2021,300,all,lower_touch_reclaim,3915,331,0.0845466155810983,0.0166859986893558,0.1937774883209555,-0.0792224690423114,1.442285653034741,0.8632622792365556,202,1.038895215177847,0.0008100764681796
2021,300,all,failed_break_reclaim,3915,200,0.0510855683269476,0.0108357253376911,-0.1128518943294922,-0.1703466361909448,-0.581202626707827,0.7255101138484704,144,0.4901593599126388,-0.0082724759858782
2021,300,fresh,baseline_next_open,1579,1579,1.0,0.0,0.1694500945624846,-0.082201864324315,1.3984933850206127,0.897954366924108,808,1.1257156565313522,0.0019384154939318
2021,300,fresh,hold_then_enter,1579,776,0.4914502849905003,0.0092279760903415,0.0956871558338803,-0.0797013395502284,0.8613459501481868,0.92229849203229,366,1.2101007691166883,0.004535359800281
2021,300,fresh,no_new_low_green,1579,550,0.3483217226092464,0.0117100820777499,0.1132006322520249,-0.08408504771942,0.9662087388104244,0.9135679876303492,245,1.1359208045697842,0.0030233793078388
2021,300,fresh,lower_touch_reclaim,1579,147,0.0930968967701076,0.0173018903448143,0.2143203793171848,-0.1307452061626887,1.290769228776009,0.7992013512392855,99,1.3683743339296974,0.0072842773238645
2021,300,fresh,failed_break_reclaim,1579,77,0.0487650411652944,0.0109644292801252,-0.0073232329271222,-0.1666686471084383,0.0560170912818954,0.5842767928550409,49,0.7400208963135346,-0.0045137771180384
2021,300,wide_fresh,baseline_next_open,802,802,1.0,0.0,0.2410654390849085,-0.0999155736672051,1.3828531496924608,0.87206269055085,378,1.3071255557496748,0.0058406755415709
2021,300,wide_fresh,hold_then_enter,802,375,0.4675810473815461,0.0115132269502944,0.3078037646964877,-0.0960486161492195,1.7127473942440383,0.8765258473236539,150,1.5715066313692023,0.0141849788372712
2021,300,wide_fresh,no_new_low_green,802,260,0.3241895261845386,0.0143075588277642,0.2105736421945265,-0.1501798483091142,1.2354877650901852,0.8194865502493738,112,1.3247020118317825,0.0078911840149838
2021,300,wide_fresh,lower_touch_reclaim,802,65,0.0810473815461346,0.0233314529516142,0.1395304681769948,-0.1499069899366427,0.7560217943705304,0.5973755806385778,55,1.5067549740409134,0.0117818750795682
2021,300,wide_fresh,failed_break_reclaim,802,45,0.0561097256857855,0.0144842094255668,-0.0766918600912649,-0.2471421359491868,-0.3221364941042531,0.3877942961473147,30,0.6389405259553212,-0.0074932233712912
2022,300,all,baseline_next_open,4225,4225,1.0,0.0,-0.250923207194893,-0.3189339032768032,-1.364045155533446,0.8552602842103695,1818,0.5153889429450055,-0.0081870689308686
2022,300,all,hold_then_enter,4225,1823,0.4314792899408284,0.0101135616197993,-0.1821206084070584,-0.2513980608957997,-0.7642574388768847,0.8942360133435192,637,0.6091590060717391,-0.010407710633771
2022,300,all,no_new_low_green,4225,1325,0.3136094674556213,0.0121756619787651,-0.2692430862061745,-0.3204717218784807,-1.016477598431434,0.9197581022011936,267,0.8208801142030054,-0.0044529773629206
2022,300,all,lower_touch_reclaim,4225,383,0.0906508875739645,0.019218901697866,-0.1097855670129828,-0.2228050712984453,-0.5047977946320497,0.8280901105575604,177,0.4908234707383094,-0.015279239837866
2022,300,all,failed_break_reclaim,4225,261,0.061775147928994,0.0133230612637554,0.0100167807266235,-0.1426564314816394,0.15435694736145,0.6728191325464793,196,0.5552363589064748,-0.0080535358532249
2022,300,fresh,baseline_next_open,2698,2698,1.0,0.0,-0.3520500087659848,-0.4036880966592964,-1.8189917106606333,0.8156364906524474,1380,0.4555093983548907,-0.0094786864945099
2022,300,fresh,hold_then_enter,2698,1096,0.4062268346923647,0.0109739213464307,-0.2475003326993557,-0.3081665975839663,-1.0745487790347386,0.866297540681457,412,0.5739288119017061,-0.0117121001245295
2022,300,fresh,no_new_low_green,2698,815,0.3020756115641215,0.0131234485010527,-0.2421520735393336,-0.310492775708281,-1.0098882714808537,0.8423868325447851,263,0.7257726524482045,-0.0069419484660063
2022,300,fresh,lower_touch_reclaim,2698,277,0.1026686434395848,0.0199828292158596,-0.2418227158803177,-0.3072908794644611,-1.182697722932396,0.7571357796123479,139,0.3413798269720169,-0.0197532911042397
2022,300,fresh,failed_break_reclaim,2698,193,0.0715344699777613,0.0133040682586814,-0.1770276004915844,-0.2389698692904064,-0.707195983691346,0.5070103503440165,132,0.4449930013838626,-0.0119173078516702
2022,300,wide_fresh,baseline_next_open,1459,1459,1.0,0.0,-0.3888440237250817,-0.4361464115089187,-1.7364245854290572,0.8003976808348541,740,0.4977633801607278,-0.010132036571011
2022,300,wide_fresh,hold_then_enter,1459,578,0.3961617546264565,0.0138191425992662,-0.1736621426061672,-0.2571112720766073,-0.5388722512665634,0.8476065950319489,189,0.7176754085283981,-0.0086695718980023
2022,300,wide_fresh,no_new_low_green,1459,430,0.2947224126113776,0.0163551536596585,-0.227239078881888,-0.3083507997992796,-0.7615774022254985,0.8119194632618247,160,0.7839469804610351,-0.0064124162728823
2022,300,wide_fresh,lower_touch_reclaim,1459,145,0.0993831391363948,0.0234738351440958,-0.2462110881339297,-0.2989504489239215,-0.8013786919690427,0.6937645176455234,82,0.4337259526373265,-0.0196988067022944
2022,300,wide_fresh,failed_break_reclaim,1459,104,0.0712816997943797,0.0163446220226381,-0.1531201202423585,-0.2439923516523361,-0.5306043228988667,0.4411049146763898,78,0.7072607892462602,-0.0066228434974553
2023,300,all,baseline_next_open,5560,5560,1.0,0.0,0.0904167560625133,-0.1377521677621772,0.8079360316558393,0.9128470566538482,1893,1.0544009058934325,0.0007886006920671
2023,300,all,hold_then_enter,5560,2683,0.4825539568345324,0.0086247218153106,0.1054948770037991,-0.1137006129913907,0.992936061629302,0.9346121473876016,1044,1.010243472107055,0.0002288531331125
2023,300,all,no_new_low_green,5560,1885,0.3390287769784172,0.0114099564508158,0.0574423405718873,-0.1116126127146036,0.5420388346016214,0.9285584447800026,864,1.025673431681516,0.0005788415697768
2023,300,all,lower_touch_reclaim,5560,393,0.07068345323741,0.0166967432749353,-0.1389167460915384,-0.2625718450680336,-0.733717432617794,0.8473593521015748,219,1.113747515171572,0.0025291053513442
2023,300,all,failed_break_reclaim,5560,262,0.0471223021582733,0.010475497747044,0.2237601343187552,-0.1470072329919626,1.3660822205709235,0.7991056177997933,163,1.433648822556216,0.0060258730152422
2023,300,fresh,baseline_next_open,2025,2025,1.0,0.0,0.167439448035547,-0.1357584755842903,1.173398094955304,0.8895016982637886,979,1.0597234676747165,0.0009199822995868
2023,300,fresh,hold_then_enter,2025,971,0.4795061728395062,0.009886285404581,0.2562905373047117,-0.1256519463547273,1.576655548958702,0.906793303639628,469,1.020365174213258,0.0004819343736907
2023,300,fresh,no_new_low_green,2025,683,0.3372839506172839,0.0126925058810966,0.18158104441258,-0.1825055733584017,1.066859077040239,0.894792742468712,364,1.12881424538771,0.0029898487874801
2023,300,fresh,lower_touch_reclaim,2025,205,0.1012345679012345,0.0172146984543807,-0.0680992643553839,-0.2046538856795537,-0.3203629910650609,0.7598747779159831,111,1.116750425230563,0.0026122752688475
2023,300,fresh,failed_break_reclaim,2025,120,0.0592592592592592,0.010711765640258,0.3728520054543063,-0.0895043509830094,1.9411112300125315,0.6266541360738423,65,1.3885493219310143,0.0055296809554658
2023,300,wide_fresh,baseline_next_open,976,976,1.0,0.0,0.2111142635016829,-0.1972336749113111,1.1014863459279007,0.8807142469942636,405,1.0385154771094145,0.0007310776406621
2023,300,wide_fresh,hold_then_enter,976,451,0.4620901639344262,0.012022094844934,0.1474452508119799,-0.1962436015676277,0.8193567293548978,0.8951934865009329,183,1.322052840051232,0.0087278420550086
2023,300,wide_fresh,no_new_low_green,976,308,0.3155737704918033,0.0154892071387525,0.4192500324752921,-0.1681014242094147,1.7028743896938925,0.9066845852740344,148,1.4327349402044856,0.0111014776911592
2023,300,wide_fresh,lower_touch_reclaim,976,92,0.0942622950819672,0.0222550626174286,0.2512804881829089,-0.1959614769160182,1.1438918917063128,0.6641019620601826,50,1.09335997905371,0.0025726939717077
2023,300,wide_fresh,failed_break_reclaim,976,60,0.0614754098360655,0.013373931086051,0.159918406561339,-0.1540026847833677,0.8981163505722327,0.5782209943138752,41,1.1317574165644655,0.0023579008571048
2024,300,all,baseline_next_open,4754,4754,1.0,0.0,0.0163187983719199,-0.0716681231808241,0.2072712074841211,0.9005655914140283,1780,1.0068119817620391,9.699897915236757e-05
2024,300,all,hold_then_enter,4754,2369,0.4983172065628944,0.0079880587867768,-0.0209092275122041,-0.1239662933279657,-0.127560913082178,0.921264432253925,968,1.0153755510335427,0.0003243632717599
2024,300,all,no_new_low_green,4754,1655,0.34812789230122,0.0108994765559883,0.0194917205006994,-0.1099909640441386,0.2095571652075133,0.9205765545006552,826,0.9701770284835624,-0.00065466412467
2024,300,all,lower_touch_reclaim,4754,391,0.0822465292385359,0.0146987011420898,-0.0120208744802067,-0.1844116569324876,0.016992867820861,0.7918594894030133,231,1.0145517478682828,0.00028560765864
2024,300,all,failed_break_reclaim,4754,237,0.0498527555742532,0.0096136648666668,-0.1240939432736842,-0.2115142707720073,-0.7390944690574343,0.732152555795817,186,1.0130259477214256,0.0001724636171746
2024,300,fresh,baseline_next_open,2319,2319,1.0,0.0,0.1050690300505228,-0.0898533711104374,0.8404901923860173,0.8939250053568869,1060,1.0421546217691686,0.0006408393789009
2024,300,fresh,hold_then_enter,2319,1120,0.4829667960327727,0.0085331272400554,0.1566197566296296,-0.1001794338505034,1.0124953109203791,0.909734348018706,548,1.035970289271965,0.0007940150048403
2024,300,fresh,no_new_low_green,2319,782,0.3372143165157395,0.0114715293825882,0.2256814207109125,-0.0680866756062447,1.4703980683624644,0.9097000866324574,399,1.0321335517774732,0.0007487863633868
2024,300,fresh,lower_touch_reclaim,2319,223,0.0961621388529538,0.015259541773095,-0.0431091495248142,-0.1307921747003445,-0.1342877531005893,0.8546908186796977,140,0.946595716956432,-0.0010442090664404
2024,300,fresh,failed_break_reclaim,2319,113,0.0487278999568779,0.0103684823458124,-0.0987764998230131,-0.2351246372872285,-0.6858615197782765,0.5785919220904686,76,0.7927762557666592,-0.0029629195476754
2024,300,wide_fresh,baseline_next_open,1080,1080,1.0,0.0,0.1963393187682967,-0.1109121501214861,1.1062581576555874,0.8991543562110094,428,0.9547832248321292,-0.000910366085506
2024,300,wide_fresh,hold_then_enter,1080,527,0.487962962962963,0.0096713640189214,0.3687374556417051,-0.0967584886921029,1.6622322479110536,0.8918282472175385,148,1.1913231588750666,0.005146062216476
2024,300,wide_fresh,no_new_low_green,1080,350,0.324074074074074,0.0132228609596494,0.3959553449502833,-0.1163884824894717,1.811004001943892,0.9055756998669248,96,1.0219527380959537,0.0006973669758204
2024,300,wide_fresh,lower_touch_reclaim,1080,85,0.0787037037037037,0.0192198557970316,-0.0189565683169119,-0.1590696809051819,0.0191655564688621,0.6323820812507233,61,1.042216863456327,0.0011375057164235
2024,300,wide_fresh,failed_break_reclaim,1080,39,0.0361111111111111,0.0144946920342538,-0.2151231403162701,-0.2709039692118458,-1.7724915198815012,0.3338820318193455,31,0.3619797537061367,-0.0136097947035401
2025,300,all,baseline_next_open,3800,3800,1.0,0.0,0.0479440840770659,-0.1138157407088344,0.4709913572271904,0.9073498529152444,1422,1.0828813815274083,0.001303857302481
2025,300,all,hold_then_enter,3800,1944,0.511578947368421,0.0089884386780617,0.4292686044638061,-0.1120568107648735,1.0522767308943437,0.921265017709906,728,1.0757573601601111,0.0017875186696756
2025,300,all,no_new_low_green,3800,1379,0.3628947368421052,0.010860322167226,0.3803563249460473,-0.1108940211863208,1.013821048403923,0.926781261253446,604,0.9748571485768918,-0.0006361422330697
2025,300,all,lower_touch_reclaim,3800,336,0.0884210526315789,0.0174772953163872,0.0340452395461032,-0.1640755540086006,0.2576747040555632,0.8674676848432092,171,0.8605790655633234,-0.0033079299075419
2025,300,all,failed_break_reclaim,3800,197,0.0518421052631579,0.0106258551893142,0.0843147722202894,-0.2143661372815573,0.4633239751066715,0.7769337072301196,142,0.8328752510747265,-0.003514708418247
2025,300,fresh,baseline_next_open,1663,1663,1.0,0.0,0.1376642248223758,-0.1167755077639194,0.9113485712411968,0.8873335388138366,773,1.264836128039334,0.0045134758682601
2025,300,fresh,hold_then_enter,1663,860,0.5171377029464823,0.0105592913301084,0.6545349255724617,-0.0950032547285624,1.3297639366427043,0.9125638037873296,386,1.4551658832270444,0.0110187520615075
2025,300,fresh,no_new_low_green,1663,633,0.380637402285027,0.0125197701664881,0.4222667783405198,-0.1297889799517237,0.9596627573067884,0.914511074344151,335,1.1816882311828207,0.0049541443138993
2025,300,fresh,lower_touch_reclaim,1663,167,0.100420926037282,0.0193960233008861,-0.0498868018971581,-0.183742494336165,-0.1504414734200018,0.853536327672992,84,1.0595167408136716,0.001629007434406
2025,300,fresh,failed_break_reclaim,1663,92,0.0553217077570655,0.0129934826298341,0.1110956973953669,-0.1255499150535126,0.5680291903194474,0.7092491290888336,45,1.3429089809880037,0.0067987411580219
2025,300,wide_fresh,baseline_next_open,807,807,1.0,0.0,0.3414108062740835,-0.1595624999177375,1.5425049895685918,0.8795605295537238,316,1.014595475016259,0.0003446181557182
2025,300,wide_fresh,hold_then_enter,807,408,0.5055762081784386,0.0124790451870762,0.2152855446200718,-0.1152693641331465,1.1367835999502822,0.8974838097936612,159,1.4643121283262095,0.0174626066314229
2025,300,wide_fresh,no_new_low_green,807,299,0.3705080545229244,0.0142586980460975,-0.1092062437050321,-0.2619675999410132,-0.2538936168361756,0.8765270971632729,132,0.6216425466743307,-0.0152996195036612
2025,300,wide_fresh,lower_touch_reclaim,807,85,0.1053283767038413,0.0233290130990471,0.1914877536844599,-0.1481252056483376,0.7562400862476504,0.8325032271616357,30,1.003111098283549,9.137424504013224e-05
2025,300,wide_fresh,failed_break_reclaim,807,43,0.0532837670384138,0.0155247168170828,-0.189952081222621,-0.2040938919948632,-0.7251100454924164,0.3962789964654795,21,0.5160610592729742,-0.0123936019764797
2026,300,all,baseline_next_open,1060,1060,1.0,0.0,-0.0492954378723996,-0.1095577523681834,-1.4121258452280685,0.8500237442189185,439,0.5354347588442794,-0.0068879396034104
2026,300,all,hold_then_enter,1060,497,0.4688679245283019,0.0074717563022623,-0.049126567958956,-0.1258006300558377,-0.9947102769815946,0.8579945280318014,203,0.5315629651736904,-0.0104719383115374
2026,300,all,no_new_low_green,1060,322,0.3037735849056603,0.0105277519156723,-0.0065292461115713,-0.08307792851603,-0.1609829489161844,0.8605077454280042,158,0.5975022128025452,-0.0091671334770225
2026,300,all,lower_touch_reclaim,1060,100,0.0943396226415094,0.0191639093454168,-0.0926750030965215,-0.1405056501284751,-2.765156753258556,0.7910169431266935,58,0.3967259588157355,-0.0173464742207737
2026,300,all,failed_break_reclaim,1060,72,0.0679245283018867,0.0116981521297381,-0.1284116901522329,-0.1532113668535355,-4.574534436171384,0.5845687951974078,52,0.1564605072055039,-0.0153915406579084
2026,300,fresh,baseline_next_open,537,537,1.0,0.0,-0.0601157465028604,-0.1318376504005892,-1.1121532470371318,0.8626831541357356,240,0.7068276314743323,-0.0049877567609525
2026,300,fresh,hold_then_enter,537,259,0.4823091247672253,0.0108348690465638,-0.0282991079229895,-0.0949560299840577,-0.5624267013775023,0.866115684554329,109,0.7355406257773777,-0.0060373694569617
2026,300,fresh,no_new_low_green,537,177,0.329608938547486,0.0134278575185694,0.0305381792005206,-0.0845884929038042,0.7198277903802951,0.7950574602390266,80,0.9079827241737428,-0.0021861262287361
2026,300,fresh,lower_touch_reclaim,537,58,0.1080074487895716,0.0205627421322119,-0.1259122601267767,-0.1625499465943762,-2.785854617605056,0.7536926325274904,30,0.2416441749637959,-0.0236502746449736
2026,300,fresh,failed_break_reclaim,537,29,0.0540037243947858,0.0109496553994287,-0.0770090528880333,-0.1072258305674559,-2.5503675370034045,0.493579810723833,18,0.51308599610814,-0.0078266218292096
2026,300,wide_fresh,baseline_next_open,277,277,1.0,0.0,-0.1219055595766894,-0.192474347393683,-1.7755413306739558,0.8510369442919721,117,0.5507743568578974,-0.0097917825496762
2026,300,wide_fresh,hold_then_enter,277,121,0.4368231046931408,0.0145662009000478,-0.1407283728371653,-0.1924134352884536,-2.550527787438928,0.8623723530880438,55,0.3776819119288018,-0.0210118250730337
2026,300,wide_fresh,no_new_low_green,277,88,0.3176895306859206,0.0163637849577438,-0.0675671283833241,-0.1371054517293919,-1.505129817270276,0.7341198921699316,30,0.4505249476055646,-0.0212313322512718
2026,300,wide_fresh,lower_touch_reclaim,277,24,0.0866425992779783,0.0298464460063814,-0.1397674746443025,-0.2690501781033743,-1.2696062021001409,0.8008711453049034,4,0.0,-0.0549022138066067
2026,300,wide_fresh,failed_break_reclaim,277,13,0.0469314079422382,0.0161227752677685,-0.0907355966203826,-0.2074166339363359,-1.033810262221715,0.5654418210238783,5,0.0,-0.0303189490278367
2021,500,all,baseline_next_open,6734,6734,1.0,0.0,0.1353952121208166,-0.0622679437285877,1.2649454489252532,0.9066397944111808,2614,1.1014679353051389,0.0014159490408732
2021,500,all,hold_then_enter,6734,3342,0.4962874962874963,0.0096621532838039,0.147474898489782,-0.0785438480227852,1.394169411687617,0.9361710437612292,1386,1.1111137104703075,0.0023257169865465
2021,500,all,no_new_low_green,6734,2410,0.3578853578853578,0.0118845250692666,0.1688665551560522,-0.0765736859882015,1.4645219014980428,0.9198768096809486,1199,1.128202223233263,0.0027137983909209
2021,500,all,lower_touch_reclaim,6734,603,0.0895455895455895,0.0176283537991802,0.0625499741336066,-0.0654479526032055,0.5906566808690114,0.9084632753898528,381,1.1145507295227437,0.0023523266422867
2021,500,all,failed_break_reclaim,6734,361,0.0536085536085536,0.0113193588180595,-0.1661488959960391,-0.2314533276944789,-1.345358678895832,0.8226247137504263,287,0.6845751791722804,-0.0049416905676505
2021,500,fresh,baseline_next_open,2782,2782,1.0,0.0,0.0890840690279881,-0.0786772325920482,0.8513869606913398,0.9027991546401292,1428,1.1208134725085137,0.0018234663014516
2021,500,fresh,hold_then_enter,2782,1356,0.4874191229331416,0.01025860092428,0.0502266654585559,-0.1022443019714107,0.5178217981762084,0.9379063613887716,715,1.1239519549718495,0.0027719238608122
2021,500,fresh,no_new_low_green,2782,1007,0.3619698058950395,0.0127230634522852,0.1918108042292485,-0.0789795571468111,1.6448255044398132,0.9173404685755314,555,1.1357708767275243,0.003018533355295
2021,500,fresh,lower_touch_reclaim,2782,278,0.0999281092739036,0.0190761729836296,0.049254345520838,-0.1145297928694605,0.4117624630985284,0.8757169925567557,174,1.4064768289285057,0.0083780159055779
2021,500,fresh,failed_break_reclaim,2782,155,0.0557153127246585,0.012111701104762,0.1906443370949273,-0.1898633342781934,1.1518352760533284,0.633396832988676,108,1.0364157871747277,0.0005573637809372
2021,500,wide_fresh,baseline_next_open,1326,1326,1.0,0.0,0.1609223427224766,-0.1221497990584542,1.0232839434417649,0.8803091827221923,637,1.221637650598301,0.0042541118175261
2021,500,wide_fresh,hold_then_enter,1326,625,0.471342383107089,0.0130223485710899,0.1163081376446995,-0.1538354199317754,0.715491867043181,0.8857836981746094,279,1.2470471220471566,0.0069491922953774
2021,500,wide_fresh,no_new_low_green,1326,456,0.3438914027149321,0.0160191920200216,0.0053344542200459,-0.1772052268553903,0.1119299676887343,0.8596273827769446,214,1.207443168938638,0.0058039706888441
2021,500,wide_fresh,lower_touch_reclaim,1326,119,0.0897435897435897,0.0263393249680811,-0.1065459379933004,-0.2389951805447417,-0.4083204328588021,0.6946523550226317,74,1.3920822338827994,0.0105821130561933
2021,500,wide_fresh,failed_break_reclaim,1326,77,0.0580693815987933,0.0162777765186656,0.0509631992553369,-0.2160974754929688,0.361932703550677,0.5136781922005405,62,1.0216710603910069,0.0003997153275213
2022,500,all,baseline_next_open,7131,7131,1.0,0.0,-0.206255645060093,-0.2782427776496471,-1.1030250788437848,0.870245855314541,3171,0.5540499416113239,-0.0074231092230171
2022,500,all,hold_then_enter,7131,3080,0.4319169821904361,0.0104436524145718,-0.173949521073403,-0.2162185081038666,-0.9038981099836936,0.8995537144214639,1389,0.6241852968847534,-0.0100068747277728
2022,500,all,no_new_low_green,7131,2236,0.3135605104473425,0.0123588372490806,-0.1537902104403907,-0.2658631979979799,-0.6141937534283333,0.903452512081066,1002,0.6670834836756013,-0.0086618700304481
2022,500,all,lower_touch_reclaim,7131,696,0.0976020193521245,0.0191989052507395,-0.2484181300967,-0.2553699695668878,-1.3373556909295037,0.8654628956450401,473,0.5076522437495904,-0.015110869356674
2022,500,all,failed_break_reclaim,7131,460,0.0645070817557144,0.0123536490051774,-0.1299588796116413,-0.1830720835116088,-0.5890647562156219,0.7396709859058562,362,0.4286451368809872,-0.0097981616290468
2022,500,fresh,baseline_next_open,4408,4408,1.0,0.0,-0.252312886527646,-0.3098392163188588,-1.3794455631557232,0.8556131454162976,2268,0.4779160830624316,-0.009117311387236
2022,500,fresh,hold_then_enter,4408,1835,0.4162885662431942,0.0111497823313106,-0.1855161737570082,-0.2308715386808028,-0.8706193359671962,0.8756984985546732,910,0.5587091471901616,-0.012318803495668
2022,500,fresh,no_new_low_green,4408,1341,0.3042196007259528,0.0132532510503408,-0.1338059510152183,-0.2778573011912223,-0.5178995417478865,0.8946608016921419,566,0.6753732340949677,-0.0083142086737785
2022,500,fresh,lower_touch_reclaim,4408,480,0.1088929219600726,0.0203049875450183,-0.2369296884369776,-0.2857707783875065,-1.1035483648813411,0.7939611862072867,337,0.4266718134191962,-0.0180955292823785
2022,500,fresh,failed_break_reclaim,4408,309,0.0700998185117967,0.0125311243940498,-0.2154936035844927,-0.2721794207737871,-0.9439852410108034,0.6365982456073418,249,0.4014018837814133,-0.0110939452439084
2022,500,wide_fresh,baseline_next_open,2426,2426,1.0,0.0,-0.252166994497227,-0.3108834151863263,-1.195214250286575,0.8424883979779019,1223,0.5500886291920787,-0.0090596290748862
2022,500,wide_fresh,hold_then_enter,2426,1016,0.4187963726298433,0.0138043631599618,-0.0919499197054307,-0.1769887042409587,-0.2119672118328308,0.8665172202775158,417,0.719495257342588,-0.0089395260207643
2022,500,wide_fresh,no_new_low_green,2426,728,0.3000824402308326,0.0165599780903393,-0.2061183311256448,-0.2915976463483535,-0.7182804326686378,0.8877375077621311,281,0.7943883647780692,-0.0062763689171572
2022,500,wide_fresh,lower_touch_reclaim,2426,267,0.1100577081615828,0.0244708206773456,-0.3239228544686499,-0.331154716545033,-1.302794446217008,0.6805432519128237,166,0.3776233276911076,-0.0226647805096642
2022,500,wide_fresh,failed_break_reclaim,2426,170,0.0700741962077493,0.0151491911379594,-0.1414685546148899,-0.2825739903069997,-0.4178653320095965,0.6132729121148794,124,0.6091638044734272,-0.0080236063344544
2023,500,all,baseline_next_open,9275,9275,1.0,0.0,0.1065972159595631,-0.1290771513926986,0.9516637928167372,0.9189094568737732,3256,1.104737304937046,0.0014913203512231
2023,500,all,hold_then_enter,9275,4517,0.4870080862533693,0.0088543392543444,0.1352162316089533,-0.1240693084083114,1.18096342637368,0.9400697281683892,1815,1.0964179634728948,0.0020631443068822
2023,500,all,no_new_low_green,9275,3211,0.346199460916442,0.0116657651745349,0.1157328208867425,-0.1182992132636698,0.9791768666946694,0.937474944864508,1525,1.138033920055168,0.0029652812090565
2023,500,all,lower_touch_reclaim,9275,707,0.0762264150943396,0.0169471581236546,0.0407823435126748,-0.1106455108254064,0.3576478279314478,0.8963476225333855,503,1.2206957132667844,0.0046847032269449
2023,500,all,failed_break_reclaim,9275,445,0.0479784366576819,0.010256369814078,0.1416938601600845,-0.1042677337504121,1.022592631878568,0.7953035944694907,352,1.0863947850130282,0.0011835287856468
2023,500,fresh,baseline_next_open,3503,3503,1.0,0.0,0.2212734185939984,-0.1233900459106247,1.5422032293942023,0.9072734032728064,1691,1.1500875478843815,0.0022854314680906
2023,500,fresh,hold_then_enter,3503,1698,0.484727376534399,0.009824643057413,0.3856535712725308,-0.146543995577848,2.02192363980408,0.9209812990632974,860,1.2408749894421247,0.0052178355201049
2023,500,fresh,no_new_low_green,3503,1210,0.3454182129603197,0.0129031588341111,0.2620047790148643,-0.1859715825524122,1.5312393348957136,0.9242956934368904,691,1.3419709974014598,0.0074039086106397
2023,500,fresh,lower_touch_reclaim,3503,360,0.1027690550956323,0.0179220652007749,0.4105868666471504,-0.084000798153176,2.1834059363448897,0.8556782113240249,186,1.5432384917342643,0.0110045693432953
2023,500,fresh,failed_break_reclaim,3503,212,0.0605195546674279,0.0105924317840044,0.202448506512312,-0.1334617966078164,1.1918991093835194,0.7074099258192589,146,1.2960434267166083,0.0041569819541817
2023,500,wide_fresh,baseline_next_open,1631,1631,1.0,0.0,0.3321945461103845,-0.1559339085144336,1.6935706647109083,0.9158978868279506,725,1.1729146207249648,0.003392767074599
2023,500,wide_fresh,hold_then_enter,1631,760,0.4659717964438994,0.0120870438960593,0.6298716800239628,-0.1250442556141053,2.404414780421868,0.9306380800051705,328,1.4431960688978025,0.011668774487211
2023,500,wide_fresh,no_new_low_green,1631,528,0.3237277743715512,0.0157607973375079,0.510807579679696,-0.1268317173240647,2.291061049764808,0.9431527148410236,233,1.9147830459372173,0.0218646295457122
2023,500,wide_fresh,lower_touch_reclaim,1631,148,0.0907418761496014,0.0232600702487113,0.7310981351287378,-0.1283501998885465,2.2232680040825468,0.7885845828960073,72,2.0696049884536185,0.0236540232023271
2023,500,wide_fresh,failed_break_reclaim,1631,97,0.0594727161250766,0.013128087843997,0.2621189645200332,-0.1613049378469034,1.2865127796920983,0.577090891075676,68,1.6156178406270425,0.0098202653892948
2024,500,all,baseline_next_open,8205,8205,1.0,0.0,0.0980105462366267,-0.0655101397079813,0.7971771360253854,0.9072355380374136,3111,1.1571525109512484,0.0021270617802948
2024,500,all,hold_then_enter,8205,4064,0.4953077391834247,0.0080869283333168,-0.0859389605124675,-0.1222608600010096,-0.8399306754267196,0.921473045324369,1688,1.067900544008997,0.0013637482441404
2024,500,all,no_new_low_green,8205,2869,0.3496648385131017,0.0107484312196767,-0.0814973903813797,-0.1303883714765944,-0.6597048826417536,0.9242365110865254,1504,1.209134069883048,0.0042773930551298
2024,500,all,lower_touch_reclaim,8205,674,0.0821450335161486,0.0148247904610854,0.0544579506180491,-0.1244899731642231,0.4563176800417995,0.8332858517412157,462,1.0693336812626375,0.0013369592981706
2024,500,all,failed_break_reclaim,8205,418,0.0509445460085313,0.0088404019812725,-0.1833778664764664,-0.2243221077454806,-1.2213782234524744,0.7970632261407005,299,0.6903568349431777,-0.0042307184614594
2024,500,fresh,baseline_next_open,4144,4144,1.0,0.0,0.2384191973489959,-0.0697188281186098,1.2508551049591008,0.8959569186228533,1906,1.2639362489716195,0.0037476175456744
2024,500,fresh,hold_then_enter,4144,1983,0.478523166023166,0.0088691040120556,-0.0561659073291019,-0.0913176607247318,-0.4012303374950877,0.9066784655661037,984,1.0609107602067738,0.0012985208518482
2024,500,fresh,no_new_low_green,4144,1423,0.3433880308880309,0.0115380031986345,0.0540239631632524,-0.1044809207357908,0.464513053751338,0.9121716107201984,834,1.308447400151499,0.006721621202767
2024,500,fresh,lower_touch_reclaim,4144,386,0.0931467181467181,0.0151873678265977,-0.066038186169146,-0.1806414456801799,-0.3773519745624559,0.8068951708017293,258,0.9600312411102664,-0.0008054725459962
2024,500,fresh,failed_break_reclaim,4144,215,0.0518822393822393,0.0090846540868286,-0.2234438380743039,-0.2626164878360241,-1.6262397594014044,0.6888936621120194,152,0.5877067892593711,-0.0060241660172882
2024,500,wide_fresh,baseline_next_open,1869,1869,1.0,0.0,0.7780570515318339,-0.0969911520182055,1.3195484889106834,0.9097030252359132,750,1.4717812683923452,0.0087890388834222
2024,500,wide_fresh,hold_then_enter,1869,914,0.489031567683253,0.0108722763154333,0.1832608723955306,-0.0901342930212304,1.0478841353481452,0.907501381577676,339,1.1950039000588952,0.0051520649153465
2024,500,wide_fresh,no_new_low_green,1869,646,0.3456393793472445,0.0137546904275808,0.2574395704062082,-0.0875768364269549,1.3971953698239528,0.8999714665507598,249,1.3008622294184131,0.0079192395323274
2024,500,wide_fresh,lower_touch_reclaim,1869,133,0.0711610486891385,0.0197914251351875,-0.1549831470195423,-0.291439931474149,-0.5145404580857763,0.7740027701975957,66,0.796122130597562,-0.0065169430195542
2024,500,wide_fresh,failed_break_reclaim,1869,70,0.0374531835205992,0.0123723307962915,-0.1273690075635877,-0.1711214512292675,-0.5869479153041196,0.4840963271324959,43,0.733393263083395,-0.0054725348539554
2025,500,all,baseline_next_open,6864,6864,1.0,0.0,0.1318553847349897,-0.128856003178583,1.0134347791093008,0.9074776666429324,2564,1.128212709738547,0.0019462560032048
2025,500,all,hold_then_enter,6864,3476,0.5064102564102564,0.0090649782481047,0.4434669223541236,-0.1201478480125873,1.4473935848994142,0.931039980167587,1392,1.1164137570861812,0.0027029700501602
2025,500,all,no_new_low_green,6864,2457,0.3579545454545454,0.0111758462840692,0.1888980878019246,-0.13327831334964,0.91576130335971,0.9339578317554612,1162,1.083584376241396,0.0019665270545813
2025,500,all,lower_touch_reclaim,6864,617,0.0898892773892773,0.017331659821223,0.1598133533147907,-0.1147070883952285,0.80453471831133,0.8927781844462623,376,1.0800260023393542,0.0018876366378508
2025,500,all,failed_break_reclaim,6864,370,0.0539044289044289,0.010841402686311,0.0554449394556137,-0.1850599891700445,0.3706228715268391,0.8514804859319264,296,0.9568571962862104,-0.0007431316288627
2025,500,fresh,baseline_next_open,3106,3106,1.0,0.0,0.2110962458085057,-0.1337910828320362,1.1401381149490684,0.887741027538222,1461,1.354999577456175,0.0058732459845348
2025,500,fresh,hold_then_enter,3106,1598,0.5144880875724405,0.0104472631634241,0.1946908758860044,-0.1224444955569533,0.9541784912125004,0.9202357668955692,777,1.3312292424746457,0.0084191580375449
2025,500,fresh,no_new_low_green,3106,1136,0.3657437218287186,0.0127925890194035,0.3204372990587518,-0.1323436516536508,0.9773473758943448,0.9164381292926088,618,1.322995914956197,0.008680316841773
2025,500,fresh,lower_touch_reclaim,3106,314,0.1010946555054732,0.0185536614601374,-0.0574878677258903,-0.1943240737288551,-0.2047952400650215,0.8567558199986682,193,1.0555687498366029,0.0014199034526265
2025,500,fresh,failed_break_reclaim,3106,176,0.0566645202833226,0.0132855678933772,0.1062773377386612,-0.1414480014135281,0.663579101527611,0.7801198289591285,108,1.5966210101781146,0.0094395856722817
2025,500,wide_fresh,baseline_next_open,1427,1427,1.0,0.0,0.1772585577354839,-0.1904789817485915,0.8975187465024503,0.8938794929902835,622,1.1261856148678613,0.0029847065823396
2025,500,wide_fresh,hold_then_enter,1427,732,0.5129642606867554,0.0125823298651467,0.4571748817958494,-0.1407545170355677,1.290894134309557,0.9213978913972308,299,1.1009744505391588,0.0037834393544427
2025,500,wide_fresh,no_new_low_green,1427,517,0.3622985283812193,0.0148923786033925,0.0309165525228214,-0.1972364775618119,0.2560444311289985,0.8959681141950747,240,0.7716026759721785,-0.0091515679475618
2025,500,wide_fresh,lower_touch_reclaim,1427,143,0.1002102312543798,0.0234402890748585,0.0962907349499038,-0.2458420357487388,0.4617626025216594,0.8065674144336439,40,1.3693608831999688,0.0078483256553051
2025,500,wide_fresh,failed_break_reclaim,1427,72,0.0504555010511562,0.0190293902892722,0.0240871215130367,-0.2182160873152805,0.2288692403950722,0.7112102199221918,32,0.7934527312786156,-0.0049445310996296
2026,500,all,baseline_next_open,1770,1770,1.0,0.0,-0.0304859754447858,-0.0887832599524287,-1.0888692125253554,0.8602155905162072,732,0.6306327264207998,-0.0053749457273351
2026,500,all,hold_then_enter,1770,836,0.4723163841807909,0.0087711856709972,-0.0431487603982797,-0.1032752155440042,-1.2756536408780776,0.8746353243366414,369,0.6061389010906688,-0.0093162797200235
2026,500,all,no_new_low_green,1770,552,0.311864406779661,0.0115772016947968,-0.0064576254266855,-0.0594318455052347,-0.2031271688422356,0.8813328245201844,292,0.6375895773345378,-0.0088266653866519
2026,500,all,lower_touch_reclaim,1770,176,0.0994350282485875,0.0200339121910074,-0.0542795655072236,-0.098012588265046,-2.0716839525412936,0.8256692303741137,87,0.4153879559215922,-0.0160827801351944
2026,500,all,failed_break_reclaim,1770,117,0.0661016949152542,0.0111131016499168,-0.1577768236640939,-0.1879303779310642,-4.646218403831569,0.6876410050761416,88,0.1709778393817095,-0.0144323161722631
2026,500,fresh,baseline_next_open,955,955,1.0,0.0,-0.0279437914423976,-0.0988087152530415,-0.7503992037606796,0.8741506159228823,429,0.783312056528837,-0.0035045960354619
2026,500,fresh,hold_then_enter,955,464,0.4858638743455497,0.0114050715416659,-0.0807213165660803,-0.1132611796454454,-1.9880507610577869,0.8564799313339708,228,0.7389797182079554,-0.0064811946165437
2026,500,fresh,no_new_low_green,955,318,0.3329842931937172,0.0133437975848435,-0.0207103408488924,-0.0682503869097899,-0.5630845423649474,0.8407704237586167,167,0.8462045308590511,-0.0038364267337317
2026,500,fresh,lower_touch_reclaim,955,101,0.1057591623036649,0.0220108105150598,-0.1028613334112382,-0.1345942804737477,-2.9355212387266656,0.7977023169484547,65,0.5371132659323474,-0.0125488631237958
2026,500,fresh,failed_break_reclaim,955,51,0.0534031413612565,0.0102824054828818,-0.0471410801364078,-0.0854577376518771,-1.1728695834781664,0.562147457732066,32,0.5737609988200816,-0.0060808539786893
2026,500,wide_fresh,baseline_next_open,481,481,1.0,0.0,-0.117299672196046,-0.1659947275737953,-2.43840112059144,0.8554983015693562,217,0.5210764695601283,-0.0101142646094644
2026,500,wide_fresh,hold_then_enter,481,212,0.4407484407484408,0.0154608675793996,-0.1295685356034868,-0.16623232050373,-2.8357738639247017,0.8761714787123664,93,0.4716891383067235,-0.018392513007842
2026,500,wide_fresh,no_new_low_green,481,142,0.2952182952182952,0.0168487406751086,-0.0638644763607756,-0.1212505897490803,-1.4527738939370634,0.7936027395120686,68,0.4296031465607233,-0.0220284643638365
2026,500,wide_fresh,lower_touch_reclaim,481,41,0.0852390852390852,0.0343208860461211,-0.1582918721999457,-0.2186513286119523,-2.460965336734103,0.7741331703690533,15,0.1588918084474493,-0.040284817310738
2026,500,wide_fresh,failed_break_reclaim,481,22,0.0457380457380457,0.0125125733408854,-0.1821511856719927,-0.1958401878876347,-5.078687363397116,0.4354992703380755,18,0.0,-0.0229371889278945
