rank_cap,lane,large_risk,small_risk,candidate_n,total_return,cagr,max_drawdown,daily_sharpe,avg_exposure,completed_trades,profit_factor,mean_trade,win_rate,avg_initial_weight,avg_planned_risk,small_entries,large_entries
300,fixed20,,,398,1.1422682065091787,0.26518738089185323,-0.07830509829926446,0.8074619822121252,0.20622599793040525,241,2.0940904652901944,0.01857836388361527,0.2572614107883817,0.1989987784524513,0.0042179644829346075,163,82
300,equal_1.00,0.01,0.01,398,1.653251682748702,0.351569744922978,-0.15725683555200842,0.8949711142014309,0.32634393355635843,230,2.1249417084677873,0.019441828487020155,0.2608695652173913,0.3674986889492735,0.006757363842549998,152,82
300,equal_1.25,0.0125,0.0125,398,2.080191724008643,0.4152878112833578,-0.16035675374916558,0.8766812613022511,0.3494504526139319,224,2.1538816963334098,0.020058311237351554,0.26339285714285715,0.3931619090521356,0.007578093326219328,146,82
300,equal_1.50,0.015,0.015,398,2.366718699398262,0.45469253323360337,-0.1634956120818195,0.8412130887515314,0.3594531874388527,224,2.156248689323902,0.0200773935586887,0.26339285714285715,0.4020736640536485,0.007967110590745303,146,82
300,L075_S025,0.0075,0.0025,398,0.8497889955767437,0.2091272275328553,-0.09549253272282188,0.7567745284275739,0.18957787420441527,239,2.1022219654570655,0.018800062999223717,0.2594142259414226,0.2279409663125117,0.003822949819013765,161,82
300,L100_S025,0.01,0.0025,398,1.0705079877098185,0.25194833870083855,-0.12460474228340324,0.7194701247849572,0.21228203830754522,238,2.105237133924087,0.018903586227445573,0.2605042016806723,0.24271964715522548,0.004400016899262865,160,82
300,L100_S050,0.01,0.005,398,1.2106520838009067,0.2775212259258868,-0.1345836323191334,0.7634887497626299,0.2671795486332735,236,2.125751130029035,0.01923023907698266,0.2627118644067797,0.3063501858969513,0.0054756847666116775,158,82
300,L125_S025,0.0125,0.0025,398,1.2162582657982308,0.27852060717081883,-0.14920082304179716,0.6752990503389916,0.2301268762807932,238,2.105237133924088,0.018903586227445583,0.2605042016806723,0.2509796392992698,0.004836077911094434,160,82
300,L125_S050,0.0125,0.005,398,1.4103343640266095,0.3120897356193322,-0.1385650094262424,0.726570284216527,0.2842774548959354,236,2.1257511300290335,0.019230239076982646,0.2627118644067797,0.3130121687342261,0.005886698715528477,158,82
300,L150_S025,0.015,0.0025,398,1.3692084560961169,0.30513666415098784,-0.17396527855595,0.6620816572448601,0.24340611973367945,238,2.1052371339240885,0.01890358622744558,0.2605042016806723,0.2556168211943517,0.00515728599547135,160,82
300,L150_S050,0.015,0.005,398,1.6051154486213153,0.34395121011727237,-0.14277577367000827,0.7051184706152724,0.2954312767740086,235,2.131845985257201,0.01936111479823079,0.26382978723404255,0.32194497119723187,0.0062338697346782275,157,82
300,L150_S075,0.015,0.0075,398,1.9213012216476582,0.39233343245001806,-0.16013573323086328,0.7663019930964412,0.32849179721067373,232,2.1289185000648025,0.019434486335611983,0.2629310344827586,0.3591386739520618,0.00699665328209385,154,82
500,fixed20,,,614,1.766177829687213,0.3690749094345067,-0.09712138071164433,1.0207147670049428,0.3116076702689325,367,2.0468175250791254,0.01627498293750211,0.2561307901907357,0.19087723772566742,0.004029919847159527,249,124
500,equal_1.00,0.01,0.01,614,2.084721961214341,0.41593014967461905,-0.18068445839810165,1.042682626555987,0.4374992195651587,343,2.0094067477403446,0.0160011994984942,0.2478134110787172,0.31821357789877275,0.005897398625205785,229,120
500,equal_1.25,0.0125,0.0125,614,2.340513935283237,0.4511873308223626,-0.17323720451332736,1.0706652657597258,0.45825524082848385,339,2.0037035945462094,0.015881130829335358,0.24778761061946902,0.3312544798121291,0.006373273555033733,226,119
500,equal_1.50,0.015,0.015,614,2.5610690712645248,0.4801180946501069,-0.1757559228230784,1.114404545603763,0.47508447163601875,336,1.9488986634209111,0.015198718129808289,0.24107142857142858,0.3360913567296135,0.006676725729012184,225,117
500,L075_S025,0.0075,0.0025,614,1.364033452237647,0.3042558422462578,-0.10553405760718504,0.993591667021469,0.28820252978545596,367,2.0422902859208865,0.016240518950091983,0.2561307901907357,0.21481485950175355,0.0036367835101321854,249,124
500,L100_S025,0.01,0.0025,614,1.5124898247673877,0.32901305433446537,-0.11804273413274147,0.9175019678967118,0.3162078063673253,365,1.9975195700291066,0.01562808760070469,0.25205479452054796,0.22395296392033018,0.004049565962544596,249,122
500,L100_S050,0.01,0.005,614,1.758059030494925,0.3678330382668924,-0.1502438561757854,0.9691454742958221,0.37965781812243454,353,2.0153917476668832,0.0159700330393758,0.2521246458923513,0.27490453297993295,0.0049400173029468895,238,121
500,L125_S025,0.0125,0.0025,614,1.5275128506642992,0.3314614605750199,-0.14199464533498807,0.8941836301385301,0.33386329790170016,363,1.9681117162010264,0.015201920873344389,0.25068870523415976,0.2283628810299937,0.0043582108037131155,248,121
500,L125_S050,0.0125,0.005,614,1.835277149151711,0.3795438786903984,-0.14798047761391886,0.9612937229321443,0.39603305711060915,351,1.9865197930368739,0.015579107651270808,0.25071225071225073,0.2776198799419418,0.00521073019283052,238,119
500,L150_S025,0.015,0.0025,614,1.5700358084499917,0.33833762639511566,-0.1749199959856781,0.9053223481016779,0.34907449282777353,361,1.9596627735121275,0.015132945069198022,0.24930747922437674,0.23108789288534803,0.004621051574615291,246,121
500,L150_S050,0.015,0.005,614,1.880799296503234,0.3863447454855504,-0.16336955938832476,0.9708412639290557,0.4077206038925926,350,1.9924164161078306,0.01567048983526459,0.25142857142857145,0.2803837562818727,0.005426545524224583,237,119
500,L150_S075,0.015,0.0075,614,2.12783242253833,0.42201036028309047,-0.17372757709277387,1.0247633313524656,0.44212645819762114,346,1.997826850613415,0.01572539537005315,0.24855491329479767,0.30646514856657564,0.005984336785428144,233,119
