rank_cap,target_fraction,gap_method,exhaustion_feature,strength,n,mean_trade,profit_factor_year_avg,mean_entry_fraction,mean_stop_distance,mean_target_upside,mean_rr
300,0.6,EXPANDING,low_progress_box,STRONG,168,-0.011612571632785352,0.7552200987469618,0.2286384380055194,0.04880470393532334,0.08429565981669818,2.28140093316683
300,0.6,EXPANDING,low_progress_box,WEAK,134,-0.00043984000474043113,1.086871136393213,0.17821698934234304,0.041173293801052537,0.10001494267874894,4.415699066253258
300,0.6,EXPANDING,rebound_from_low_box,STRONG,154,-0.011834275643913752,0.7278552995457939,0.23761024247924423,0.04972521272871225,0.08025861988488966,2.1130663710426156
300,0.6,EXPANDING,rebound_from_low_box,WEAK,148,-0.0012660280120300035,1.1671194631480453,0.1736510595607946,0.04093735723144374,0.10272868720192328,4.388964935874333
300,0.6,FIXED_-1PCT,low_progress_box,STRONG,148,-0.011827651704046227,0.754709382805854,0.2294593312763265,0.049492575259916495,0.08435272571746605,2.2884311518537293
300,0.6,FIXED_-1PCT,low_progress_box,WEAK,127,0.0010741931565498876,1.1018228663491896,0.17643718254824037,0.04080397025385021,0.1004375671180291,4.540919335443905
300,0.6,FIXED_-1PCT,rebound_from_low_box,STRONG,139,-0.011006704144917369,0.7455524826775848,0.23791170058166172,0.05051254880087833,0.08086086401015172,2.126102998677666
300,0.6,FIXED_-1PCT,rebound_from_low_box,WEAK,136,-0.0006186620968639233,1.1003552590620276,0.17130718258582264,0.04033647851018034,0.1029420171526734,4.5577665386730315
300,0.8,EXPANDING,low_progress_box,STRONG,169,-0.013707011698104846,0.6647279311812079,0.23188778321127235,0.04948702527150968,0.12792887737715955,3.3553987009345634
300,0.8,EXPANDING,low_progress_box,WEAK,134,-0.001299089252483397,1.1147747220605986,0.17821698934234304,0.041173293801052537,0.14707768817201625,6.220932088337677
300,0.8,EXPANDING,rebound_from_low_box,STRONG,155,-0.015356104776225295,0.6469009779715185,0.24109519431987994,0.05046322432240325,0.12281948340124324,3.130612040533259
300,0.8,EXPANDING,rebound_from_low_box,WEAK,148,-0.000745720922280893,1.2452187851220808,0.1736510595607946,0.04093735723144374,0.15061736867971234,6.185286581165777
300,0.8,FIXED_-1PCT,low_progress_box,STRONG,149,-0.01386964751999822,0.6631801375110619,0.2331393208501618,0.050261866766566785,0.1281337403478119,3.3620513561143666
300,0.8,FIXED_-1PCT,low_progress_box,WEAK,127,-0.00027671763442122383,1.0939583757076963,0.17643718254824037,0.04080397025385021,0.14751807957532237,6.38789244725854
300,0.8,FIXED_-1PCT,rebound_from_low_box,STRONG,140,-0.013506170014140846,0.7027931314569571,0.24176788684734823,0.05132400923623501,0.12379512344102578,3.1457118608345156
300,0.8,FIXED_-1PCT,rebound_from_low_box,WEAK,136,-0.0015504177799376048,1.0931867631113599,0.17130718258582264,0.04033647851018034,0.15070151570695808,6.410355384897376
500,0.6,EXPANDING,low_progress_box,STRONG,289,-0.008177015524540828,0.7931444723418183,0.23907291280031298,0.050565103873004766,0.08019453466895292,2.166481710505354
500,0.6,EXPANDING,low_progress_box,WEAK,240,0.005770000435154332,1.3130271095853019,0.1868072735596054,0.042111992038485604,0.09682016322865757,4.554726046756029
500,0.6,EXPANDING,rebound_from_low_box,STRONG,283,-0.006223421102012137,0.851645321583695,0.2530941387415625,0.05272848069557037,0.07556814213718718,2.018191372697336
500,0.6,EXPANDING,rebound_from_low_box,WEAK,246,0.0031824015842040415,1.1892323003300118,0.17195193573062426,0.03982940273044112,0.10173689215195626,4.667070354000603
500,0.6,FIXED_-1PCT,low_progress_box,STRONG,264,-0.010141283032400637,0.738563532736532,0.23618811357378272,0.05061503015369478,0.08126288149513576,2.2015185813079667
500,0.6,FIXED_-1PCT,low_progress_box,WEAK,221,0.00509086857571446,1.2483616366494796,0.18603742405077114,0.042107363171726746,0.09749701591356116,4.552321828765114
500,0.6,FIXED_-1PCT,rebound_from_low_box,STRONG,262,-0.007536525209386036,0.8089699113958848,0.2502116803789446,0.052828762158389796,0.07672101892793447,2.0508822149093824
500,0.6,FIXED_-1PCT,rebound_from_low_box,WEAK,223,0.0018939589216963144,1.1027933817260414,0.1700110871722672,0.039582778188470426,0.10268759763450236,4.708219234601504
500,0.8,EXPANDING,low_progress_box,STRONG,290,-0.011042813607386013,0.709223607744971,0.24093051578299388,0.050956662169135136,0.12337041869985331,3.2109638754366707
500,0.8,EXPANDING,low_progress_box,WEAK,241,0.007093240693233102,1.3632976822585634,0.18878107209197312,0.042663338708437804,0.14268768414649144,6.380580478844358
500,0.8,EXPANDING,rebound_from_low_box,STRONG,285,-0.008489843698174904,0.7876188872476535,0.25637162021579013,0.05354829328454103,0.11764716369306687,3.0038608532137774
500,0.8,EXPANDING,rebound_from_low_box,WEAK,246,0.0037669126622239327,1.223383029819067,0.17195193573062426,0.03982940273044112,0.1489256571127554,6.5560938053341395
500,0.8,FIXED_-1PCT,low_progress_box,STRONG,265,-0.012411043485094869,0.687564704631594,0.23823184815568463,0.05104333951066502,0.12476734338579017,3.256464573769721
500,0.8,FIXED_-1PCT,low_progress_box,WEAK,222,0.006108034601402411,1.2779981251130803,0.1881836190769398,0.04270591802003862,0.14354662188844627,6.37518795487544
500,0.8,FIXED_-1PCT,rebound_from_low_box,STRONG,264,-0.008806966486085322,0.7896177176584532,0.2537717074125813,0.05371302740434054,0.11915125194874156,3.045496157612914
500,0.8,FIXED_-1PCT,rebound_from_low_box,WEAK,223,0.0017582794183305828,1.0959714549223156,0.1700110871722672,0.039582778188470426,0.15011105624216006,6.610958979468673
