year,rank_cap,target_fraction,gap_method,exhaustion_feature,quartiles_used,matched_weight,standardized_strong_minus_weak,strong_better_quartiles
2021,300,0.6,EXPANDING,low_progress_box,4,13,0.03142641583469355,3
2021,300,0.6,EXPANDING,rebound_from_low_box,4,13,0.02275627387613849,3
2021,300,0.6,FIXED_-1PCT,low_progress_box,4,12,0.036255631320151714,3
2021,300,0.6,FIXED_-1PCT,rebound_from_low_box,4,12,0.028292296944756903,3
2021,300,0.8,EXPANDING,low_progress_box,4,13,0.03970870279414615,3
2021,300,0.8,EXPANDING,rebound_from_low_box,4,13,0.04213057662055954,3
2021,300,0.8,FIXED_-1PCT,low_progress_box,4,12,0.04402571560931388,3
2021,300,0.8,FIXED_-1PCT,rebound_from_low_box,4,12,0.04896123605177958,3
2021,500,0.6,EXPANDING,low_progress_box,4,29,0.00596900950482455,3
2021,500,0.6,EXPANDING,rebound_from_low_box,4,20,0.008619773591459861,3
2021,500,0.6,FIXED_-1PCT,low_progress_box,4,29,0.00596900950482455,3
2021,500,0.6,FIXED_-1PCT,rebound_from_low_box,4,20,0.008619773591459861,3
2021,500,0.8,EXPANDING,low_progress_box,4,29,0.006895492349895194,2
2021,500,0.8,EXPANDING,rebound_from_low_box,4,20,0.022035678849582983,3
2021,500,0.8,FIXED_-1PCT,low_progress_box,4,29,0.006895492349895194,2
2021,500,0.8,FIXED_-1PCT,rebound_from_low_box,4,20,0.022035678849582983,3
2022,300,0.6,EXPANDING,low_progress_box,4,36,-0.023681651358181236,0
2022,300,0.6,EXPANDING,rebound_from_low_box,4,33,-0.015018532693051702,0
2022,300,0.6,FIXED_-1PCT,low_progress_box,4,32,-0.028281607435315305,0
2022,300,0.6,FIXED_-1PCT,rebound_from_low_box,4,27,-0.013103204645426246,0
2022,300,0.8,EXPANDING,low_progress_box,4,36,-0.013886226097609823,2
2022,300,0.8,EXPANDING,rebound_from_low_box,4,33,-0.026491108838858076,0
2022,300,0.8,FIXED_-1PCT,low_progress_box,4,32,-0.017400861571691045,1
2022,300,0.8,FIXED_-1PCT,rebound_from_low_box,4,27,-0.025227572147091773,0
2022,500,0.6,EXPANDING,low_progress_box,4,55,-0.03785924346724281,0
2022,500,0.6,EXPANDING,rebound_from_low_box,4,46,-0.023960450907544263,0
2022,500,0.6,FIXED_-1PCT,low_progress_box,4,52,-0.039154678749723774,0
2022,500,0.6,FIXED_-1PCT,rebound_from_low_box,4,40,-0.0236895078512297,0
2022,500,0.8,EXPANDING,low_progress_box,4,55,-0.03672681181663829,0
2022,500,0.8,EXPANDING,rebound_from_low_box,4,46,-0.03277304485316777,0
2022,500,0.8,FIXED_-1PCT,low_progress_box,4,52,-0.037440735503138714,0
2022,500,0.8,FIXED_-1PCT,rebound_from_low_box,4,40,-0.03143903048363127,0
2023,300,0.6,EXPANDING,low_progress_box,4,23,0.00176522838416803,2
2023,300,0.6,EXPANDING,rebound_from_low_box,4,24,-0.006430851821352459,1
2023,300,0.6,FIXED_-1PCT,low_progress_box,4,22,0.00100074719049802,2
2023,300,0.6,FIXED_-1PCT,rebound_from_low_box,4,23,-0.010859510113502032,1
2023,300,0.8,EXPANDING,low_progress_box,4,23,-0.0010068713183257404,1
2023,300,0.8,EXPANDING,rebound_from_low_box,4,24,0.004358758692224028,2
2023,300,0.8,FIXED_-1PCT,low_progress_box,4,22,-0.00047467942201289174,1
2023,300,0.8,FIXED_-1PCT,rebound_from_low_box,4,23,0.003829270107811634,2
2023,500,0.6,EXPANDING,low_progress_box,4,35,-0.002820827814442293,2
2023,500,0.6,EXPANDING,rebound_from_low_box,4,33,-0.0149104595947595,2
2023,500,0.6,FIXED_-1PCT,low_progress_box,4,33,-0.0017719974896345677,2
2023,500,0.6,FIXED_-1PCT,rebound_from_low_box,4,31,-0.016644709355799023,1
2023,500,0.8,EXPANDING,low_progress_box,4,35,-0.0076711327776130675,1
2023,500,0.8,EXPANDING,rebound_from_low_box,4,33,-0.008186061885611618,3
2023,500,0.8,FIXED_-1PCT,low_progress_box,4,33,-0.0051522119238653135,1
2023,500,0.8,FIXED_-1PCT,rebound_from_low_box,4,31,-0.010237272552683226,2
2024,300,0.6,EXPANDING,low_progress_box,3,16,0.016448809025939853,2
2024,300,0.6,EXPANDING,rebound_from_low_box,4,18,0.01694995987063073,2
2024,300,0.6,FIXED_-1PCT,low_progress_box,3,16,0.01385055346354119,2
2024,300,0.6,FIXED_-1PCT,rebound_from_low_box,4,18,0.014311337986059706,2
2024,300,0.8,EXPANDING,low_progress_box,3,16,0.009892806408851438,2
2024,300,0.8,EXPANDING,rebound_from_low_box,4,18,0.012795092233833606,2
2024,300,0.8,FIXED_-1PCT,low_progress_box,3,16,0.006849940718620764,2
2024,300,0.8,FIXED_-1PCT,rebound_from_low_box,4,18,0.009938442590329073,2
2024,500,0.6,EXPANDING,low_progress_box,4,32,0.018021633182934253,3
2024,500,0.6,EXPANDING,rebound_from_low_box,4,28,0.01751972483296006,3
2024,500,0.6,FIXED_-1PCT,low_progress_box,4,30,0.018087092699415594,3
2024,500,0.6,FIXED_-1PCT,rebound_from_low_box,4,26,0.0184962835597298,3
2024,500,0.8,EXPANDING,low_progress_box,4,33,0.011590043463437262,2
2024,500,0.8,EXPANDING,rebound_from_low_box,4,28,0.01936080688462973,3
2024,500,0.8,FIXED_-1PCT,low_progress_box,4,31,0.010327489885083318,2
2024,500,0.8,FIXED_-1PCT,rebound_from_low_box,4,26,0.019901648015954586,3
2025,300,0.6,EXPANDING,low_progress_box,4,13,-0.03733098972343419,0
2025,300,0.6,EXPANDING,rebound_from_low_box,4,14,-0.056837676640237346,0
2025,300,0.6,FIXED_-1PCT,low_progress_box,4,9,-0.05855252373663619,0
2025,300,0.6,FIXED_-1PCT,rebound_from_low_box,4,11,-0.06412832039914625,0
2025,300,0.8,EXPANDING,low_progress_box,4,13,-0.03928334991244486,1
2025,300,0.8,EXPANDING,rebound_from_low_box,4,14,-0.06654338839899863,0
2025,300,0.8,FIXED_-1PCT,low_progress_box,4,9,-0.0626719082953517,0
2025,300,0.8,FIXED_-1PCT,rebound_from_low_box,4,11,-0.06846625720965821,0
2025,500,0.6,EXPANDING,low_progress_box,4,33,-0.028515059992295286,0
2025,500,0.6,EXPANDING,rebound_from_low_box,4,25,-0.03199345104368627,0
2025,500,0.6,FIXED_-1PCT,low_progress_box,4,25,-0.03467104664042453,0
2025,500,0.6,FIXED_-1PCT,rebound_from_low_box,4,21,-0.03366852507443386,0
2025,500,0.8,EXPANDING,low_progress_box,4,33,-0.04160319610255824,1
2025,500,0.8,EXPANDING,rebound_from_low_box,4,25,-0.042980228747449944,0
2025,500,0.8,FIXED_-1PCT,low_progress_box,4,25,-0.044935562258439754,0
2025,500,0.8,FIXED_-1PCT,rebound_from_low_box,4,21,-0.03762424982961015,0
2026,300,0.6,EXPANDING,low_progress_box,2,2,0.024421554952616643,1
2026,300,0.6,EXPANDING,rebound_from_low_box,2,2,0.024421554952616643,1
2026,300,0.6,FIXED_-1PCT,low_progress_box,2,2,0.01658626018984469,1
2026,300,0.6,FIXED_-1PCT,rebound_from_low_box,2,2,0.01658626018984469,1
2026,300,0.8,EXPANDING,low_progress_box,2,2,0.02681173922847599,1
2026,300,0.8,EXPANDING,rebound_from_low_box,2,2,0.02681173922847599,1
2026,300,0.8,FIXED_-1PCT,low_progress_box,2,2,0.029660789141506293,1
2026,300,0.8,FIXED_-1PCT,rebound_from_low_box,2,2,0.029660789141506293,1
2026,500,0.6,EXPANDING,low_progress_box,2,5,-0.013032470103352322,1
2026,500,0.6,EXPANDING,rebound_from_low_box,4,6,0.02137311777757785,2
2026,500,0.6,FIXED_-1PCT,low_progress_box,2,5,-0.014598483177303539,1
2026,500,0.6,FIXED_-1PCT,rebound_from_low_box,4,6,0.020425371317789414,2
2026,500,0.8,EXPANDING,low_progress_box,2,5,-0.008021998678697462,0
2026,500,0.8,EXPANDING,rebound_from_low_box,4,6,0.01091978567854903,2
2026,500,0.8,FIXED_-1PCT,low_progress_box,2,5,-0.006952728117286022,0
2026,500,0.8,FIXED_-1PCT,rebound_from_low_box,4,6,0.011662023553837664,2
