rank_cap,target_fraction,gap_method,exhaustion_feature,years,aggregate_standardized_diff,strong_better_years,strong_worse_years,yearly_diff,regression_coef_STRONG,regression_coef_entry_fraction,regression_coef_gap_component,negative_effect_survives_geometry_control
300,0.6,EXPANDING,low_progress_box,6,-0.005598782546524439,4,2,"{""2021"": 0.03142641583469355, ""2022"": -0.023681651358181236, ""2023"": 0.00176522838416803, ""2024"": 0.016448809025939853, ""2025"": -0.03733098972343419, ""2026"": 0.024421554952616643}",-0.009575481274717974,-0.0277707748514189,-0.09329353950397536,False
300,0.6,EXPANDING,rebound_from_low_box,6,-0.007652937957500972,3,3,"{""2021"": 0.02275627387613849, ""2022"": -0.015018532693051702, ""2023"": -0.006430851821352459, ""2024"": 0.01694995987063073, ""2025"": -0.056837676640237346, ""2026"": 0.024421554952616643}",-0.010914841611102458,-0.02109725902482563,-0.11896574180272015,False
300,0.6,FIXED_-1PCT,low_progress_box,6,-0.00774321249172785,4,2,"{""2021"": 0.036255631320151714, ""2022"": -0.028281607435315305, ""2023"": 0.00100074719049802, ""2024"": 0.01385055346354119, ""2025"": -0.05855252373663619, ""2026"": 0.01658626018984469}",-0.011632350837982225,-0.04069477900342999,-0.0866096758151483,False
300,0.6,FIXED_-1PCT,rebound_from_low_box,6,-0.007297662526471152,3,3,"{""2021"": 0.028292296944756903, ""2022"": -0.013103204645426246, ""2023"": -0.010859510113502032, ""2024"": 0.014311337986059706, ""2025"": -0.06412832039914625, ""2026"": 0.01658626018984469}",-0.009991983318201128,-0.03853868969231317,-0.09254875499464957,False
300,0.8,EXPANDING,low_progress_box,6,-0.0029672253531529496,3,3,"{""2021"": 0.03970870279414615, ""2022"": -0.013886226097609823, ""2023"": -0.0010068713183257404, ""2024"": 0.009892806408851438, ""2025"": -0.03928334991244486, ""2026"": 0.02681173922847599}",-0.008548897679599737,-0.04436291050648564,-0.12261916016904915,False
300,0.8,EXPANDING,rebound_from_low_box,6,-0.00836126140309317,4,2,"{""2021"": 0.04213057662055954, ""2022"": -0.026491108838858076, ""2023"": 0.004358758692224028, ""2024"": 0.012795092233833606, ""2025"": -0.06654338839899863, ""2026"": 0.02681173922847599}",-0.013462142243156651,-0.032507265824167526,-0.16666802303591474,False
300,0.8,FIXED_-1PCT,low_progress_box,6,-0.004667618012299473,3,3,"{""2021"": 0.04402571560931388, ""2022"": -0.017400861571691045, ""2023"": -0.00047467942201289174, ""2024"": 0.006849940718620764, ""2025"": -0.0626719082953517, ""2026"": 0.029660789141506293}",-0.010680596807586373,-0.05135978880143005,-0.12722396024891083,False
300,0.8,FIXED_-1PCT,rebound_from_low_box,6,-0.005596254701803869,4,2,"{""2021"": 0.04896123605177958, ""2022"": -0.025227572147091773, ""2023"": 0.003829270107811634, ""2024"": 0.009938442590329073, ""2025"": -0.06846625720965821, ""2026"": 0.029660789141506293}",-0.01054751459091166,-0.04719008196132553,-0.140961569625285,False
500,0.6,EXPANDING,low_progress_box,6,-0.012896048449590122,2,4,"{""2021"": 0.00596900950482455, ""2022"": -0.03785924346724281, ""2023"": -0.002820827814442293, ""2024"": 0.018021633182934253, ""2025"": -0.028515059992295286, ""2026"": -0.013032470103352322}",-0.014916646583889477,0.009888300582314491,-0.03263789101932634,True
500,0.6,EXPANDING,rebound_from_low_box,6,-0.010144782978789306,3,3,"{""2021"": 0.008619773591459861, ""2022"": -0.023960450907544263, ""2023"": -0.0149104595947595, ""2024"": 0.01751972483296006, ""2025"": -0.03199345104368627, ""2026"": 0.02137311777757785}",-0.011915168059797244,0.01456663618925226,-0.03619212823541186,False
500,0.6,FIXED_-1PCT,low_progress_box,6,-0.013325136421944416,2,4,"{""2021"": 0.00596900950482455, ""2022"": -0.039154678749723774, ""2023"": -0.0017719974896345677, ""2024"": 0.018087092699415594, ""2025"": -0.03467104664042453, ""2026"": -0.014598483177303539}",-0.01616730075169219,-0.0016264571834395513,-0.07755307497987715,True
500,0.6,FIXED_-1PCT,rebound_from_low_box,6,-0.009685793460785833,3,3,"{""2021"": 0.008619773591459861, ""2022"": -0.0236895078512297, ""2023"": -0.016644709355799023, ""2024"": 0.0184962835597298, ""2025"": -0.03366852507443386, ""2026"": 0.020425371317789414}",-0.011221196307423529,0.0007501533267417109,-0.069692365299806,False
500,0.8,EXPANDING,low_progress_box,6,-0.016415994997205696,2,4,"{""2021"": 0.006895492349895194, ""2022"": -0.03672681181663829, ""2023"": -0.0076711327776130675, ""2024"": 0.011590043463437262, ""2025"": -0.04160319610255824, ""2026"": -0.008021998678697462}",-0.018524584824519165,-0.009407641719581254,-0.14915660632602806,True
500,0.8,EXPANDING,rebound_from_low_box,6,-0.0114169046855985,3,3,"{""2021"": 0.022035678849582983, ""2022"": -0.03277304485316777, ""2023"": -0.008186061885611618, ""2024"": 0.01936080688462973, ""2025"": -0.042980228747449944, ""2026"": 0.01091978567854903}",-0.013676243102222948,-0.004981672447089523,-0.14745720037348725,False
500,0.8,FIXED_-1PCT,low_progress_box,6,-0.015742699840649424,2,4,"{""2021"": 0.006895492349895194, ""2022"": -0.037440735503138714, ""2023"": -0.0051522119238653135, ""2024"": 0.010327489885083318, ""2025"": -0.044935562258439754, ""2026"": -0.006952728117286022}",-0.019639741202645587,-0.006557418806179596,-0.18972415437239987,True
500,0.8,FIXED_-1PCT,rebound_from_low_box,6,-0.009284009362296798,3,3,"{""2021"": 0.022035678849582983, ""2022"": -0.03143903048363127, ""2023"": -0.010237272552683226, ""2024"": 0.019901648015954586, ""2025"": -0.03762424982961015, ""2026"": 0.011662023553837664}",-0.012214532556858334,-0.005388515308844724,-0.172421446382625,False
