rank_cap,test_year,history_start,history_end,history_n,gap_q20_prior,rebound_median_prior,lowprog_median_prior,EXPANDING_entry_q25,EXPANDING_entry_q50,EXPANDING_entry_q75,EXPANDING_hist_extreme_n,FIXED_-1PCT_entry_q25,FIXED_-1PCT_entry_q50,FIXED_-1PCT_entry_q75,FIXED_-1PCT_hist_extreme_n
300,2021,2019,2020,643,-0.0094821298322392,0.1357318070318896,0.0542043085476025,0.1589833894028598,0.21972466124133605,0.3010961369015558,128,0.1592775041050907,0.21874999999999997,0.30886215954652285,117
300,2022,2019,2021,908,-0.0087663031858029,0.13421003764708933,0.054108677444008504,0.1520853161529637,0.22177063085350798,0.31213052731142094,181,0.1543926027054962,0.21874999999999997,0.3100497666419485,155
300,2023,2019,2022,1330,-0.00915286845867626,0.1381474563875457,0.05515132225343535,0.15168029064486838,0.21536735838474502,0.29126213592233025,265,0.15198405977593987,0.21662737788498454,0.29188121076575096,240
300,2024,2019,2023,1652,-0.00915221935131642,0.13759040823260965,0.0535078283316137,0.1520853161529637,0.21096045197740132,0.2859014245947274,329,0.15242810869925819,0.21125287252511274,0.2880579660181476,300
300,2025,2019,2024,1987,-0.00883344651373544,0.1316276721090725,0.0506272401433689,0.1477236479628823,0.20918109391757303,0.27939385116789794,396,0.1484100643251349,0.20947157342350908,0.2787038579760192,346
300,2026,2019,2025,2259,-0.00865495394955172,0.1313387423935093,0.0503952569169965,0.14760523899279865,0.20875912408759167,0.2769067128933036,451,0.1477236479628823,0.20880176991984492,0.27653812436715763,384
500,2021,2019,2020,1080,-0.00984369967968906,0.13701236917221732,0.0533104537683355,0.15533282786178967,0.21484520559069992,0.298263898722705,214,0.15475104160277492,0.21536735838474502,0.29869120077096956,207
500,2022,2019,2021,1573,-0.0091535175660361,0.1373881932021467,0.0530303030303026,0.1520853161529637,0.22185792349726743,0.2974992375724306,313,0.15399003589512078,0.2218142771753877,0.2977767707949815,284
500,2023,2019,2022,2256,-0.00924969128438344,0.14135294166558077,0.0548065254090868,0.14886459209419706,0.2135989967953182,0.2892802188408274,449,0.14886459209419706,0.21536735838474502,0.2899041173152848,417
500,2024,2019,2023,2848,-0.0090481360839667,0.13876608254449815,0.052930263546702105,0.15019430051813465,0.2101307606399217,0.2848961432324356,568,0.15061437317935178,0.2101307606399217,0.2882486126860583,514
500,2025,2019,2024,3439,-0.0087632562858997,0.1332216170925845,0.0501968503937013,0.1478586631064728,0.20949145929518195,0.2828427780008217,686,0.14816753926701567,0.2090163934426231,0.2829076620825144,597
500,2026,2019,2025,3974,-0.008576879166766539,0.1330561965521906,0.05026191214862935,0.14678722585609835,0.20884441575209817,0.2829076620825144,793,0.14727960526315803,0.20873908415788714,0.28253824155607155,674
