year,rank_cap,target_fraction,feature,lane,total_return,max_drawdown,sharpe,avg_exposure,completed_trades,profit_factor,mean_trade,period
2019,300,0.6,ALL,ALL,0.1490017230463298,-0.0609820249771355,1.4084559605722349,0.6073291936512016,221,1.9027957751982685,0.0140337327962955,discovery
2019,300,0.6,gap_component,Q1,0.0338542272411426,-0.0874796053354677,0.5589877843659488,0.2039407737853088,72,1.3505303610718278,0.0071504363779227,discovery
2019,300,0.6,gap_component,Q5,0.1463270321738565,-0.0335816878296153,1.8526566068339616,0.2466743390993489,53,2.818769617001643,0.026386349715343,discovery
2019,300,0.6,intraday_component,Q1,0.0723351436669743,-0.0426548738976825,1.0571754616466094,0.2585894691429821,75,1.786060528067298,0.0144180922973534,discovery
2019,300,0.6,intraday_component,Q5,0.0409568081148659,-0.0441885501851417,0.7501233275826149,0.212061163328809,57,1.3692329583359877,0.0073843297590392,discovery
2019,300,0.6,close_recovery_from_low,Q1,0.0899089117413376,-0.0395861700073253,1.4611906305938285,0.2940876072680951,77,1.8860437309860187,0.0137459177101045,discovery
2019,300,0.6,close_recovery_from_low,Q5,-0.023937007940739,-0.0766636708206314,-0.4440497539073276,0.2038266065798682,58,0.8379540314649817,-0.0039176863808102,discovery
2019,300,0.6,downside_wick_fraction,Q1,0.1411546959142695,-0.0408981064738832,2.0808636705538754,0.3066078709079167,68,2.585754872592589,0.0207329224105568,discovery
2019,300,0.6,downside_wick_fraction,Q5,0.0426577388598252,-0.0590029668662084,0.7766893985101906,0.2478692992679758,61,1.355790650676292,0.0071217215621873,discovery
2019,300,0.6,volume_ratio20,Q1,0.1108156446412356,-0.0360682318150852,1.7111928165045938,0.2486214861978958,67,2.42747240726533,0.0187761974626596,discovery
2019,300,0.6,volume_ratio20,Q5,-0.0429695555340293,-0.0838080499352527,-0.8867101528722362,0.1495721133542176,41,0.5835844050942262,-0.0105263209778639,discovery
2019,300,0.6,gap_share_of_negative_move,Q1,0.0,0.0,,0.0,0,,,discovery
2019,300,0.6,gap_share_of_negative_move,Q5,0.0468324357447955,-0.0396158006192374,1.0901346213088792,0.1239549380318173,38,1.607554190060411,0.0124906297750549,discovery
2019,300,0.8,ALL,ALL,0.1368335124445978,-0.0645586598547446,1.323635809020225,0.6642218663592484,201,1.880208252476269,0.0154267520602449,discovery
2019,300,0.8,gap_component,Q1,0.0804144578307002,-0.0733958670615834,1.1313587705295685,0.2409589770386127,71,1.8006017290170284,0.0163069122938975,discovery
2019,300,0.8,gap_component,Q5,0.1397014643236203,-0.0444244011731046,1.531666036737537,0.2851962745334429,53,2.7257676614646167,0.026182497608788,discovery
2019,300,0.8,intraday_component,Q1,0.0750758131769884,-0.0518543102835126,0.9139429168887506,0.3023825388498622,74,2.0413417392545976,0.0203774030157522,discovery
2019,300,0.8,intraday_component,Q5,0.0693111721634567,-0.0452162938104881,1.1230000135170388,0.2637548596974374,57,1.6109138516819772,0.0122177320126431,discovery
2019,300,0.8,close_recovery_from_low,Q1,0.0882679047853483,-0.0468401453818757,1.2170001635769987,0.3512900838315165,76,2.0748801066744456,0.0179394824662656,discovery
2019,300,0.8,close_recovery_from_low,Q5,-0.0161976628722866,-0.0727857565925925,-0.260085067891689,0.2501280833080036,58,0.8941983396907829,-0.0025579021027663,discovery
2019,300,0.8,downside_wick_fraction,Q1,0.1467411645662641,-0.0431833398145429,2.039033435498081,0.3727578736444928,67,2.572576266364657,0.0231955627208877,discovery
2019,300,0.8,downside_wick_fraction,Q5,0.0345334961671526,-0.060069884578357,0.6151989631011157,0.3052751156866443,61,1.2819753544162007,0.0058833616865402,discovery
2019,300,0.8,volume_ratio20,Q1,0.087425952719379,-0.0379680548542359,1.3151307411505242,0.3073837069043987,67,2.1305431363607776,0.0156047357735566,discovery
2019,300,0.8,volume_ratio20,Q5,-0.0337032743951348,-0.0774482925212247,-0.6492542618436886,0.1776224881544899,41,0.6909868776291965,-0.0081719448963993,discovery
2019,300,0.8,gap_share_of_negative_move,Q1,0.0,0.0,,0.0,0,,,discovery
2019,300,0.8,gap_share_of_negative_move,Q5,0.0234023633062077,-0.0466462455213634,0.5125846334498378,0.1647978071768178,38,1.2987519650633552,0.0064840780123015,discovery
2019,500,0.6,ALL,ALL,0.1196176818236265,-0.0830240426300666,1.0238168912466157,0.730671477939417,328,1.3910411683091894,0.0070857723615066,discovery
2019,500,0.6,gap_component,Q1,0.0194090240917421,-0.1237324509974625,0.2737044176773626,0.3146170888952214,119,1.1600029136815764,0.0034736745190068,discovery
2019,500,0.6,gap_component,Q5,0.148941304005949,-0.0354960583376517,1.7942413024810089,0.3290310197988175,85,2.1553687886540103,0.0193184947761359,discovery
2019,500,0.6,intraday_component,Q1,0.0597758156734702,-0.0833556913427925,0.7365259201168031,0.3513678246131423,123,1.5472778319961629,0.0106707325311494,discovery
2019,500,0.6,intraday_component,Q5,0.0605597333253351,-0.0717209322879398,0.7219054617269285,0.3690414476138358,97,1.3236408226646716,0.0065299802455888,discovery
2019,500,0.6,close_recovery_from_low,Q1,0.1207597470712666,-0.0496176262400811,1.6292498110260156,0.3911049306894227,121,1.9077184562125564,0.014819943592496,discovery
2019,500,0.6,close_recovery_from_low,Q5,-0.0351960885653647,-0.111483027799778,-0.4196733847047629,0.3434076525150553,98,0.8492933165454979,-0.0036271172762764,discovery
2019,500,0.6,downside_wick_fraction,Q1,0.1696793616867022,-0.0438903836796042,1.9730555414123692,0.4238740896297765,111,2.1958751470791773,0.017743811655165,discovery
2019,500,0.6,downside_wick_fraction,Q5,0.0546871986985937,-0.073276042966568,0.7431631705430396,0.4009374935947166,101,1.2892422560868562,0.0056237468515783,discovery
2019,500,0.6,volume_ratio20,Q1,0.0762469406966686,-0.0468518854578482,1.1141829410610835,0.364211838037625,108,1.631062027315869,0.0106207013802573,discovery
2019,500,0.6,volume_ratio20,Q5,-0.0559019463584598,-0.0970932605945517,-0.8201023064083754,0.2443463808321334,76,0.685996550576307,-0.0074311665414683,discovery
2019,500,0.6,gap_share_of_negative_move,Q1,0.0,0.0,,0.0,0,,,discovery
2019,500,0.6,gap_share_of_negative_move,Q5,0.043801792017097,-0.0544650224268464,0.7830447480406189,0.2189138515174331,61,1.3835320836536549,0.0074495288448206,discovery
2019,500,0.8,ALL,ALL,0.1000352249157083,-0.0898296500524629,0.8994643963000526,0.771095056071832,299,1.5069008344406398,0.0097653309563755,discovery
2019,500,0.8,gap_component,Q1,0.059831401314577,-0.0987830269547026,0.7028154094254813,0.3483896027141797,114,1.4112082780632955,0.0092374973595931,discovery
2019,500,0.8,gap_component,Q5,0.1638068689780061,-0.0461534249311281,1.6893227396256936,0.3817105676697154,80,2.354393892407865,0.0238156309395708,discovery
2019,500,0.8,intraday_component,Q1,0.0341957515730066,-0.080164402042702,0.3864738874212199,0.423407812815475,122,1.7086636799097408,0.0147309338468199,discovery
2019,500,0.8,intraday_component,Q5,0.1237330325959724,-0.060020488289607,1.2600808930594485,0.4312679581203081,97,1.6258185786877757,0.0126269081956567,discovery
2019,500,0.8,close_recovery_from_low,Q1,0.1057153645175426,-0.0552065797659162,1.1900430742309571,0.4770019541408279,115,1.947271674218801,0.0170212018632567,discovery
2019,500,0.8,close_recovery_from_low,Q5,0.0100754091940509,-0.0868745830948625,0.1613661044850798,0.3934517458162952,98,1.0480973960835662,0.0011575790288775,discovery
2019,500,0.8,downside_wick_fraction,Q1,0.1357252855013202,-0.0465231481679753,1.44556418954952,0.5010486144235387,110,2.034344138420946,0.0175162801824656,discovery
2019,500,0.8,downside_wick_fraction,Q5,0.0549044995941532,-0.0742703171934212,0.7252313762775223,0.463668411352053,100,1.2963232967840397,0.0059022109690497,discovery
2019,500,0.8,volume_ratio20,Q1,0.0904920916064466,-0.0475643053729036,1.254893792403916,0.4141546994675821,101,1.6094139771417404,0.0105383786459358,discovery
2019,500,0.8,volume_ratio20,Q5,-0.0314660862633502,-0.073757074471129,-0.4166523792087447,0.2854895909801908,75,0.8340510812184181,-0.0040218639383051,discovery
2019,500,0.8,gap_share_of_negative_move,Q1,0.0,0.0,,0.0,0,,,discovery
2019,500,0.8,gap_share_of_negative_move,Q5,0.0238749129296642,-0.0678196974884661,0.4292081223843086,0.2707240823073248,61,1.2088298968574176,0.0042710272098037,discovery
2020,300,0.6,ALL,ALL,-0.094937752527957,-0.2008428831663984,-0.7970554151123117,0.254509524880982,129,0.804684015841263,-0.0058980582703031,discovery
2020,300,0.6,gap_component,Q1,-0.0964294495108872,-0.1462791209780679,-1.0370113202292823,0.116674246148334,55,0.5596668563768448,-0.0177647035137646,discovery
2020,300,0.6,gap_component,Q5,0.0491612688812184,-0.0172642899460739,1.3026811008272732,0.0810155040661763,33,1.7415217709244064,0.0149133881704586,discovery
2020,300,0.6,intraday_component,Q1,-0.0100806936237343,-0.0924842266955549,-0.1464951567120952,0.1069736484450443,45,0.9560496619183592,-0.0015930114707555,discovery
2020,300,0.6,intraday_component,Q5,-0.0152789756018129,-0.0929709064543449,-0.1450183095308453,0.0943355862809212,42,0.9161356234271814,-0.0026994065555441,discovery
2020,300,0.6,close_recovery_from_low,Q1,-0.0834885596840788,-0.1190830766015992,-1.419493276911606,0.1213197203523775,51,0.5651627829237286,-0.016433319910023,discovery
2020,300,0.6,close_recovery_from_low,Q5,-0.0177905005120367,-0.0863482764343108,-0.2012117505777109,0.0862021481736838,32,0.8667026288908628,-0.004588073873302,discovery
2020,300,0.6,downside_wick_fraction,Q1,-0.0920090276516423,-0.1313357331594737,-1.164025832571188,0.1241246429122768,48,0.5137763638978785,-0.019234103324389,discovery
2020,300,0.6,downside_wick_fraction,Q5,0.0511294069250278,-0.0288386350391545,1.4556165595278874,0.0836436302121224,29,2.139093770866432,0.0174788512585989,discovery
2020,300,0.6,volume_ratio20,Q1,0.0345092671662987,-0.021183908164062,1.3261211256920054,0.0628011931908038,20,2.053296941850326,0.0173066806991889,discovery
2020,300,0.6,volume_ratio20,Q5,-0.0869653817590183,-0.1460839459371246,-0.9107536824075813,0.0969788894721562,49,0.5795625454939471,-0.0173009143520644,discovery
2020,300,0.6,gap_share_of_negative_move,Q1,0.0,0.0,,0.0,0,,,discovery
2020,300,0.6,gap_share_of_negative_move,Q5,-0.0129394693198345,-0.0529108983734386,-0.3305427305676487,0.0520062482246164,22,0.824782470698381,-0.0056242334512009,discovery
2020,300,0.8,ALL,ALL,-0.0631851987467903,-0.2112737727282644,-0.4338855695549776,0.3164741526262633,129,0.8090229173236609,-0.0065329729791145,discovery
2020,300,0.8,gap_component,Q1,-0.1154211378127917,-0.1862148473616885,-1.040692257316416,0.1486411773865617,56,0.5283702263490727,-0.0228885599699908,discovery
2020,300,0.8,gap_component,Q5,0.0593236776706531,-0.02897375510142,1.2526794793665303,0.1114140067486491,35,1.7259283739287552,0.0167399615450595,discovery
2020,300,0.8,intraday_component,Q1,0.0157784325869381,-0.1011779252979721,0.2684710375969587,0.1584657408231138,46,1.1149535029180022,0.0042363045031705,discovery
2020,300,0.8,intraday_component,Q5,-0.0121986414831813,-0.106336493547855,-0.0730096688505267,0.1247634065885044,43,0.9608716442609622,-0.0014672659981761,discovery
2020,300,0.8,close_recovery_from_low,Q1,-0.0723463106475572,-0.1382826944694229,-1.0530630737154012,0.157135414509156,52,0.6469949345716007,-0.0136815841316811,discovery
2020,300,0.8,close_recovery_from_low,Q5,-0.0284900757371774,-0.0998144944272887,-0.2735396734581558,0.1049723904547658,32,0.8174007327345549,-0.0075382616030007,discovery
2020,300,0.8,downside_wick_fraction,Q1,-0.0894546152860521,-0.1454678903280852,-1.0322859926143366,0.1547381425217908,49,0.5718981509472127,-0.0181660847413321,discovery
2020,300,0.8,downside_wick_fraction,Q5,0.0258323069743966,-0.0582826608398133,0.5270994952994534,0.1198053739407522,29,1.3672468071722417,0.0094313949937092,discovery
2020,300,0.8,volume_ratio20,Q1,0.0605120624165962,-0.021183908164062,1.7724510027497886,0.0832618631911047,20,2.833126160670949,0.0301200239775976,discovery
2020,300,0.8,volume_ratio20,Q5,-0.1026625217690752,-0.176979904170729,-0.9602531441335844,0.1346725873819658,50,0.5354053317981522,-0.0214964071876162,discovery
2020,300,0.8,gap_share_of_negative_move,Q1,0.0,0.0,,0.0,0,,,discovery
2020,300,0.8,gap_share_of_negative_move,Q5,0.0022415732794673,-0.0665393263731739,0.0730430846006481,0.0671443383010842,23,1.0389015573247906,0.0014292228317914,discovery
2020,500,0.6,ALL,ALL,-0.057820884220136,-0.2001291051994468,-0.4117371888998278,0.4078358235392038,217,0.7964552019199981,-0.0059934918270045,discovery
2020,500,0.6,gap_component,Q1,-0.0728871148421383,-0.1471118952796222,-0.7401352197783714,0.1630868799159794,87,0.5759319105642072,-0.0157277405944497,discovery
2020,500,0.6,gap_component,Q5,0.0506825017288263,-0.0639936495200802,0.853134631508226,0.1757096887045483,68,1.353484229442647,0.0078180048958119,discovery
2020,500,0.6,intraday_component,Q1,0.0264250233894687,-0.1214405193322034,0.373656864738682,0.1994384522069255,77,1.0203145171217722,0.0006341925996206,discovery
2020,500,0.6,intraday_component,Q5,0.0271311945754373,-0.0844649804270424,0.3887770418228287,0.1501163549228612,64,0.9089452616340686,-0.0028320901344913,discovery
2020,500,0.6,close_recovery_from_low,Q1,-0.0370450551479908,-0.1474562875789763,-0.4290552469259088,0.2044722026226623,86,0.7416662278107736,-0.008634612527982,discovery
2020,500,0.6,close_recovery_from_low,Q5,0.0484456620626132,-0.0733657938199423,0.675899192697752,0.135196086706047,50,1.1134178870251206,0.0032696854411175,discovery
2020,500,0.6,downside_wick_fraction,Q1,-0.0786055486927187,-0.1705980459821588,-0.7794783468645158,0.1856498170857055,74,0.630717098471349,-0.0135773475610877,discovery
2020,500,0.6,downside_wick_fraction,Q5,0.0827506053120497,-0.0307455115372827,1.640473544456604,0.1564655347069696,52,2.1110018634293968,0.0155324338233783,discovery
2020,500,0.6,volume_ratio20,Q1,0.0832982818303562,-0.01387856611461,1.9477117091978853,0.1235599352899356,34,2.7380485573393987,0.0240820847705016,discovery
2020,500,0.6,volume_ratio20,Q5,-0.0686608952415342,-0.1712303212425391,-0.6882101315309521,0.1711123415432817,84,0.6201619363637579,-0.0134438301311982,discovery
2020,500,0.6,gap_share_of_negative_move,Q1,0.0,0.0,,0.0,0,,,discovery
2020,500,0.6,gap_share_of_negative_move,Q5,-0.0446202795016403,-0.0847213328930308,-0.882869312272178,0.0827879742801204,37,0.6092057718571298,-0.0120085167345379,discovery
2020,500,0.8,ALL,ALL,0.0055361547865524,-0.2004214855406141,0.1090805931403557,0.4696236794070157,211,0.768217774310762,-0.0079549917107742,discovery
2020,500,0.8,gap_component,Q1,-0.0841770412681299,-0.200145811676265,-0.7047869042187902,0.2110172300005471,88,0.5233346714935303,-0.0221057925137568,discovery
2020,500,0.8,gap_component,Q5,0.0310523686370631,-0.0845437457801742,0.4531707331338306,0.2255059317857778,69,1.1719343004571892,0.004550976417777,discovery
2020,500,0.8,intraday_component,Q1,0.0494169854177064,-0.1419330517390916,0.5597696088143251,0.2705565156422362,77,1.120313169752482,0.0039894542331679,discovery
2020,500,0.8,intraday_component,Q5,0.0246724848617705,-0.1103725933739702,0.3011155794304475,0.2001397822845449,65,0.8722056602956456,-0.0047510768292886,discovery
2020,500,0.8,close_recovery_from_low,Q1,-0.0256198947122366,-0.163812018239367,-0.2355319460567347,0.2625836899335974,85,0.7549734517741828,-0.0086554538694104,discovery
2020,500,0.8,close_recovery_from_low,Q5,0.0232372284416293,-0.1038479298365055,0.2877519211428652,0.1765263886872037,50,0.9149347426742062,-0.00315555128672,discovery
2020,500,0.8,downside_wick_fraction,Q1,-0.1181221559173668,-0.2036526520401794,-1.0653359071638548,0.2439736835840942,75,0.52056951022248,-0.020127990656324,discovery
2020,500,0.8,downside_wick_fraction,Q5,0.0683655053666307,-0.0689086820512022,1.0132671468779528,0.2077830208586728,52,1.618135704586876,0.013235480106189,discovery
2020,500,0.8,volume_ratio20,Q1,0.1032287467596557,-0.0142595987065793,2.0061369775709275,0.1536308048934983,34,3.0245927273986277,0.0314442619472389,discovery
2020,500,0.8,volume_ratio20,Q5,-0.0886989992612234,-0.2091687957527487,-0.7556094546590345,0.2288481955461032,85,0.5218784727716108,-0.019996551302328,discovery
2020,500,0.8,gap_share_of_negative_move,Q1,0.0,0.0,,0.0,0,,,discovery
2020,500,0.8,gap_share_of_negative_move,Q5,-0.0527688724400481,-0.1142011202638443,-0.7631977286951692,0.1106129044706451,39,0.650837091497641,-0.0133222232776209,discovery
2021,300,0.6,ALL,ALL,0.073958124175897,-0.0768558801930935,0.9289909769176534,0.4103155559343598,146,1.3320795810619628,0.0065392955192088,discovery
2021,300,0.6,gap_component,Q1,0.0165351891836449,-0.0339742015043831,0.4256194795692029,0.123061358358921,35,1.1965937871617067,0.0049690009422433,discovery
2021,300,0.6,gap_component,Q5,-0.0028680373631997,-0.0413019550792786,-0.0481464570483432,0.1514286013216214,52,0.9835601164979992,-0.0004212156010618,discovery
2021,300,0.6,intraday_component,Q1,0.0384607810526802,-0.0394821219271149,0.7947847393146659,0.1401381187199665,46,1.4065736018576238,0.0087535404857324,discovery
2021,300,0.6,intraday_component,Q5,0.0172582450426117,-0.0354152358803605,0.5267371172523375,0.0931962249682744,26,1.2605422984421362,0.0068044903198044,discovery
2021,300,0.6,close_recovery_from_low,Q1,-0.0057376738684241,-0.0446184342772358,-0.1378670696313819,0.1360100183919428,40,0.9468635370165548,-0.0012820709332225,discovery
2021,300,0.6,close_recovery_from_low,Q5,0.0021468267180229,-0.0303931291387412,0.0876898750614367,0.103840315152317,34,1.0332848519300708,0.0007207937504856,discovery
2021,300,0.6,downside_wick_fraction,Q1,0.0105483875022651,-0.0314521558822646,0.3567740879258115,0.1232767867446612,35,1.1449905633985555,0.0031079471611348,discovery
2021,300,0.6,downside_wick_fraction,Q5,0.0424690400603182,-0.03430909377577,1.2424199859804674,0.1027608421279049,34,1.6521090585581404,0.0124077491771061,discovery
2021,300,0.6,volume_ratio20,Q1,0.0200641755495523,-0.0228908349279075,0.8612939779395796,0.0802041098319058,29,1.3822587822934576,0.0070410895828336,discovery
2021,300,0.6,volume_ratio20,Q5,0.0618592425014035,-0.0258386554733398,1.655616144374615,0.1379609836260585,47,1.7950001532601412,0.0130363907383005,discovery
2021,300,0.6,gap_share_of_negative_move,Q1,0.0,0.0,,0.0,0,,,discovery
2021,300,0.6,gap_share_of_negative_move,Q5,-0.0095902757669656,-0.0225396068378923,-0.444570972446814,0.0534270173097498,18,0.8039731530527551,-0.0052120688889078,discovery
2021,300,0.8,ALL,ALL,0.0546499558494966,-0.0706412566446242,0.6483572398511593,0.5007915743666963,145,1.3164903668803352,0.00656517400453,discovery
2021,300,0.8,gap_component,Q1,0.0049433291544624,-0.0392242640243144,0.1250096390681949,0.1455506073045436,35,1.0657197343191087,0.001738823387836,discovery
2021,300,0.8,gap_component,Q5,0.0244107779004816,-0.0369350782105378,0.5394105496092398,0.1956010481969958,52,1.1888830476543168,0.0048494222428887,discovery
2021,300,0.8,intraday_component,Q1,0.0631247056137473,-0.0382103100735073,1.1299822229076777,0.1781283397635445,46,1.654354699507676,0.0140882741230591,discovery
2021,300,0.8,intraday_component,Q5,-0.0067559841349966,-0.0416325469816932,-0.1633493377341806,0.1162308745748202,26,0.9158322749244764,-0.0024540614717426,discovery
2021,300,0.8,close_recovery_from_low,Q1,0.010698089311661,-0.0489315270421776,0.2781937472158605,0.1617843826353126,40,1.1218307773449208,0.0029395200515039,discovery
2021,300,0.8,close_recovery_from_low,Q5,-0.0153882729215656,-0.031739716327777,-0.467557000826988,0.1421789949969055,34,0.811411058375824,-0.0044560107055872,discovery
2021,300,0.8,downside_wick_fraction,Q1,0.0135101287354042,-0.0353459526595958,0.3860403332539697,0.1563156016799618,35,1.1858775225524374,0.0039843801209849,discovery
2021,300,0.8,downside_wick_fraction,Q5,0.0167493062292252,-0.0415121545097079,0.4468870254967645,0.1379658478671736,34,1.231880954856149,0.0049619835122042,discovery
2021,300,0.8,volume_ratio20,Q1,-0.0164634413577,-0.0321166521930703,-0.5263365797249014,0.1148375858999334,29,0.7762083762381494,-0.0056072797176139,discovery
2021,300,0.8,volume_ratio20,Q5,0.0845903957282458,-0.0243502584769188,1.8026212388088727,0.1882129830031929,47,2.071990444033078,0.0176579932181291,discovery
2021,300,0.8,gap_share_of_negative_move,Q1,0.0,0.0,,0.0,0,,,discovery
2021,300,0.8,gap_share_of_negative_move,Q5,-0.0418954797911108,-0.042662240545792,-1.607422724692027,0.0652981869878225,18,0.2831821924090507,-0.0236411962299567,discovery
2021,500,0.6,ALL,ALL,0.0446448428305228,-0.1263605448865958,0.4437965060850606,0.5816098733180302,247,1.1702026051829977,0.0035150476971875,discovery
2021,500,0.6,gap_component,Q1,-0.021139297675406,-0.0708291541035741,-0.2874955145559392,0.2329698465192041,67,0.8821802343312627,-0.0034389664124184,discovery
2021,500,0.6,gap_component,Q5,-0.040568487553744,-0.0710478961185325,-0.6096388390378735,0.2548074624786475,85,0.8424540738235397,-0.0041574930600354,discovery
2021,500,0.6,intraday_component,Q1,-0.0001117963814792,-0.0714280959007594,0.0348422511427629,0.2600715155780252,89,1.2093596522627776,0.0047740291562668,discovery
2021,500,0.6,intraday_component,Q5,0.0335349187876674,-0.0639211637143717,0.6227422184900763,0.2147511039449793,55,1.2596046929838771,0.0062460488392132,discovery
2021,500,0.6,close_recovery_from_low,Q1,-0.019893930797588,-0.088361684413171,-0.2797843223717257,0.2655838394753818,80,0.9075509310002724,-0.0022546814302,discovery
2021,500,0.6,close_recovery_from_low,Q5,-0.0034445878592891,-0.0414534051724292,-0.0615324503679238,0.1818522066992038,61,0.9760255626758442,-0.0004623803173229,discovery
2021,500,0.6,downside_wick_fraction,Q1,0.003824395449361,-0.0630378378870891,0.0928593355547734,0.2559516650226477,75,1.0296842438653375,0.000671850184355,discovery
2021,500,0.6,downside_wick_fraction,Q5,-0.01017810275507,-0.0747679727961759,-0.1830592953660546,0.196158383786134,72,0.9412364279858064,-0.0012665343360915,discovery
2021,500,0.6,volume_ratio20,Q1,-0.0387907833475635,-0.0689158700351728,-0.9755080755681532,0.1508090018756775,60,0.733626056867919,-0.0063733490667202,discovery
2021,500,0.6,volume_ratio20,Q5,0.0159396268581355,-0.0526913989849583,0.2925018007355388,0.2262908590957252,78,1.138934873486217,0.0031980452672856,discovery
2021,500,0.6,gap_share_of_negative_move,Q1,0.0,0.0,,0.0,0,,,discovery
2021,500,0.6,gap_share_of_negative_move,Q5,-0.0405588961149662,-0.0551260962094207,-1.148907469651672,0.1295763025594251,39,0.6235576558953437,-0.0104387393100597,discovery
2021,500,0.8,ALL,ALL,-0.0273261321184135,-0.1242844291589021,-0.1710526231631272,0.6413698622005193,229,1.1710913010705928,0.0037889491637387,discovery
2021,500,0.8,gap_component,Q1,-0.0209831764746808,-0.0695929381266255,-0.2279231601058047,0.2716450263809183,67,0.8679141574008905,-0.0039369755210609,discovery
2021,500,0.8,gap_component,Q5,0.0030626775670434,-0.0682433956573749,0.0785084515619825,0.3184909580529821,84,1.062695104359983,0.0016466099620551,discovery
2021,500,0.8,intraday_component,Q1,0.0329261686407418,-0.0740366155324112,0.4372724144249795,0.3198660687356747,89,1.496535708429492,0.0113225061445683,discovery
2021,500,0.8,intraday_component,Q5,-0.0022030689522534,-0.086156611450356,-0.0015781963301626,0.2497349251372746,55,0.9945428325777916,-0.000150091578704,discovery
2021,500,0.8,close_recovery_from_low,Q1,0.0059380924165375,-0.0918831795124935,0.1174060269207668,0.3191294044789453,80,1.0579425013276047,0.0014307706506606,discovery
2021,500,0.8,close_recovery_from_low,Q5,-0.0103940815706027,-0.0387685084263129,-0.2036844061343736,0.2277516414765802,61,0.9214152566646528,-0.0016034599800905,discovery
2021,500,0.8,downside_wick_fraction,Q1,-0.0045520672184947,-0.0622438594863823,-0.0265453656309986,0.316432526211467,75,0.9803657160845488,-0.0004796573679123,discovery
2021,500,0.8,downside_wick_fraction,Q5,-0.0249627805895598,-0.073140020093888,-0.4506823812424554,0.2366864181402996,72,0.849980530211119,-0.0034013970069869,discovery
2021,500,0.8,volume_ratio20,Q1,-0.0729063415507461,-0.0800601112427248,-1.5870755182329483,0.2028574748661733,60,0.5439790325099997,-0.0123735717400321,discovery
2021,500,0.8,volume_ratio20,Q5,0.0384346708048251,-0.0480424008974393,0.583562687827868,0.291988768301156,78,1.324665179865705,0.0074923759287868,discovery
2021,500,0.8,gap_share_of_negative_move,Q1,0.0,0.0,,0.0,0,,,discovery
2021,500,0.8,gap_share_of_negative_move,Q5,-0.0749643099589978,-0.0749643099589978,-1.8343904657604,0.1509753861529861,39,0.3783520839787456,-0.0198031518572554,discovery
2022,300,0.6,ALL,ALL,-0.2482271254430867,-0.2720329161831671,-2.1433620225451384,0.3787813077847932,240,0.3641569471272334,-0.0203241357304895,discovery
2022,300,0.6,gap_component,Q1,-0.1701190565225129,-0.180634302287922,-1.9326588327687575,0.1766833594670015,78,0.3816120155106726,-0.0235688597547308,discovery
2022,300,0.6,gap_component,Q5,-0.1287609807355337,-0.1471711910153913,-1.6584947883310457,0.1849867446133219,73,0.4545138115692622,-0.019524534108656,discovery
2022,300,0.6,intraday_component,Q1,-0.1033340640007441,-0.1407033514125447,-1.52431071879932,0.1387521546201358,51,0.4367499661967787,-0.0211308062644472,discovery
2022,300,0.6,intraday_component,Q5,-0.198955810281373,-0.198955810281373,-2.295096190274521,0.1710569197732483,93,0.223079389888948,-0.0301625456742462,discovery
2022,300,0.6,close_recovery_from_low,Q1,-0.0775743048466409,-0.1229104678097179,-1.1903121658046143,0.1403317102058815,47,0.4974711469438463,-0.0167777089924757,discovery
2022,300,0.6,close_recovery_from_low,Q5,-0.187640992241906,-0.187640992241906,-2.2143540490808613,0.172784747283047,102,0.2389979168977437,-0.0272525359045242,discovery
2022,300,0.6,downside_wick_fraction,Q1,-0.1620167271308389,-0.1720509412408888,-2.4442914331128,0.1501109536754293,59,0.2302400589015221,-0.0295376498590854,discovery
2022,300,0.6,downside_wick_fraction,Q5,-0.092258949849743,-0.0990131493156741,-1.0648344597126442,0.182738624869959,88,0.53762462875206,-0.0138037982345478,discovery
2022,300,0.6,volume_ratio20,Q1,-0.1091954888168462,-0.1170955932021771,-1.8571077433786067,0.128232160650747,44,0.2854066560480639,-0.0259427334454056,discovery
2022,300,0.6,volume_ratio20,Q5,-0.1787139890484098,-0.1963871827955638,-2.643372213264824,0.1648828718656017,81,0.1987793787581592,-0.0255276427784681,discovery
2022,300,0.6,gap_share_of_negative_move,Q1,0.0,0.0,,0.0,0,,,discovery
2022,300,0.6,gap_share_of_negative_move,Q5,-0.1140776017414304,-0.1159635818621156,-2.526624825708923,0.1185091674824084,44,0.2467263662638973,-0.0273459228239505,discovery
2022,300,0.8,ALL,ALL,-0.2852525638548132,-0.3239775149382952,-2.212126326345423,0.4359625533585432,236,0.2819503708982038,-0.0252019350097003,discovery
2022,300,0.8,gap_component,Q1,-0.1958171300979025,-0.2198896540170519,-1.8858089664464737,0.217525070312508,79,0.3286217501309215,-0.027095697317275,discovery
2022,300,0.8,gap_component,Q5,-0.1523667503371232,-0.1802324978590099,-1.7636622779604518,0.2232624318126284,73,0.4137030226007561,-0.0230487535169239,discovery
2022,300,0.8,intraday_component,Q1,-0.0599442914446801,-0.1243019157983036,-0.7361120459839267,0.156868632311715,51,0.6876500673740198,-0.0117180745972908,discovery
2022,300,0.8,intraday_component,Q5,-0.2411226045816827,-0.2411226045816827,-2.51632833147535,0.1950622287041411,93,0.1309357876622024,-0.0380099082577255,discovery
2022,300,0.8,close_recovery_from_low,Q1,-0.0541727123242188,-0.1207857836375948,-0.7245971362035157,0.1629326181395158,47,0.6793115463616215,-0.0108517405786885,discovery
2022,300,0.8,close_recovery_from_low,Q5,-0.2439119264781707,-0.2439119264781707,-2.587078172433697,0.2058595572421581,101,0.0885214153300123,-0.0365464825145766,discovery
2022,300,0.8,downside_wick_fraction,Q1,-0.1497202702875846,-0.1752794024048446,-2.0541597042483644,0.1671794689720551,59,0.2943337016311166,-0.0270782135126857,discovery
2022,300,0.8,downside_wick_fraction,Q5,-0.1495592841390782,-0.1623644690175973,-1.4935183989756853,0.2246314798320701,86,0.3306327660095979,-0.0227709151479195,discovery
2022,300,0.8,volume_ratio20,Q1,-0.1277174761990076,-0.1339323000763239,-1.919743695577372,0.1463592233275616,44,0.1800712636941135,-0.0305854220780665,discovery
2022,300,0.8,volume_ratio20,Q5,-0.2018464767648575,-0.2229183753668289,-2.8084463155750057,0.1863810159083085,81,0.1583201691170072,-0.0286997341152602,discovery
2022,300,0.8,gap_share_of_negative_move,Q1,0.0,0.0,,0.0,0,,,discovery
2022,300,0.8,gap_share_of_negative_move,Q5,-0.1243252780113951,-0.1291899708247297,-2.6197637687089927,0.1314792674300541,44,0.2065746877825095,-0.0299937356599469,discovery
2022,500,0.6,ALL,ALL,-0.1954931661553192,-0.2662971391238634,-1.4066447873933403,0.4985221227264809,398,0.465630212494298,-0.0164159347641613,discovery
2022,500,0.6,gap_component,Q1,-0.1739251722710055,-0.2279577953762485,-1.417363923129649,0.2719129930846969,123,0.5430503185510471,-0.0159637818253313,discovery
2022,500,0.6,gap_component,Q5,-0.1305387178140797,-0.1771170293647648,-1.2962810059735868,0.2638622067520482,117,0.6194709306865958,-0.0123992093474901,discovery
2022,500,0.6,intraday_component,Q1,-0.1478657471541131,-0.1821524076026197,-1.6766287634865675,0.2190876666600437,91,0.518196282045362,-0.0170606888805109,discovery
2022,500,0.6,intraday_component,Q5,-0.2068985936516379,-0.2170270272437439,-2.0056615574461274,0.2480637726654357,151,0.3022703389212888,-0.0249710572093131,discovery
2022,500,0.6,close_recovery_from_low,Q1,-0.0799297000469869,-0.1301641773595039,-0.988811389009288,0.2016494897883166,86,0.7108396714370065,-0.0086666369470226,discovery
2022,500,0.6,close_recovery_from_low,Q5,-0.1951480344510184,-0.1951480344510184,-2.107490261353044,0.2321653547451113,154,0.2925678563409133,-0.0235774781057845,discovery
2022,500,0.6,downside_wick_fraction,Q1,-0.1826385040686724,-0.2241059581008077,-2.0162581322090243,0.2525826954557325,99,0.3944801970131453,-0.020181042057665,discovery
2022,500,0.6,downside_wick_fraction,Q5,-0.1191679025364547,-0.1279813399619465,-1.3225876647432733,0.2491938027448854,141,0.5147521156887601,-0.0140629419671802,discovery
2022,500,0.6,volume_ratio20,Q1,-0.0951407562587505,-0.1031140873931261,-1.1560781723238378,0.2229521593853339,84,0.5732390633413682,-0.0132188999798115,discovery
2022,500,0.6,volume_ratio20,Q5,-0.1967324584291659,-0.2355517658465378,-2.3514346362285905,0.2305712217328901,119,0.3449309975777511,-0.0205164052137809,discovery
2022,500,0.6,gap_share_of_negative_move,Q1,0.0,0.0,,0.0,0,,,discovery
2022,500,0.6,gap_share_of_negative_move,Q5,-0.1094636194049044,-0.1342471907635495,-1.6766808978858407,0.1743875419443658,68,0.499554472595917,-0.0167850408037835,discovery
2022,500,0.8,ALL,ALL,-0.2240285162790447,-0.3043343799904534,-1.4707572154963615,0.5711028952510729,383,0.4154934510902168,-0.0190328236407922,discovery
2022,500,0.8,gap_component,Q1,-0.1683849067567819,-0.2419672492900054,-1.183591071085099,0.3358629641275427,122,0.5446427810980888,-0.0165367685447871,discovery
2022,500,0.8,gap_component,Q5,-0.1729961772437759,-0.2198339963231563,-1.4719977572405385,0.3233475853431093,116,0.5325931238050224,-0.0165392843587795,discovery
2022,500,0.8,intraday_component,Q1,-0.1350387309430295,-0.1694425428437873,-1.375231158537764,0.2455120928649312,90,0.585657844325937,-0.015278688962511,discovery
2022,500,0.8,intraday_component,Q5,-0.2233134590359399,-0.2464787400752854,-1.9554291557310703,0.2829578322551852,150,0.2853444424801939,-0.0271328223390887,discovery
2022,500,0.8,close_recovery_from_low,Q1,-0.0533011692100184,-0.1313177090577437,-0.5401300198414626,0.2570836077123936,86,0.8511540159760482,-0.0046090032279371,discovery
2022,500,0.8,close_recovery_from_low,Q5,-0.2439585955344994,-0.2439585955344994,-2.365433584922161,0.2775842817498189,154,0.1730387887093964,-0.0302270979113824,discovery
2022,500,0.8,downside_wick_fraction,Q1,-0.1733246790186305,-0.225857434011223,-1.642387300478039,0.2894525370211825,99,0.4332532269856854,-0.0193777641261501,discovery
2022,500,0.8,downside_wick_fraction,Q5,-0.2001699010036827,-0.2142771372589541,-1.923749398055557,0.3088523930826697,138,0.2961717093990194,-0.0235790135559332,discovery
2022,500,0.8,volume_ratio20,Q1,-0.1339296941452116,-0.1543993070024845,-1.4149303294463396,0.2614308672267048,82,0.4364784118186678,-0.0187563450018042,discovery
2022,500,0.8,volume_ratio20,Q5,-0.2070707558570599,-0.256445400162851,-2.198933415933364,0.2750689330319958,119,0.3188057724051532,-0.0229604712004798,discovery
2022,500,0.8,gap_share_of_negative_move,Q1,0.0,0.0,,0.0,0,,,discovery
2022,500,0.8,gap_share_of_negative_move,Q5,-0.1156489112098153,-0.153542210711798,-1.5963897006842782,0.2010091456279984,68,0.4986461009553182,-0.0177329057936632,discovery
2023,300,0.6,ALL,ALL,-0.0003735549370942,-0.0777479863170204,0.0486988410262284,0.5281500423100506,186,0.9991467867386944,-1.8809284144685837e-05,validation
2023,300,0.6,gap_component,Q1,-0.0448204760114491,-0.0661210000584279,-0.6809922337712215,0.2150346972371837,62,0.7071356244313515,-0.0072781488127798,validation
2023,300,0.6,gap_component,Q5,0.0108258287896378,-0.0518184310956446,0.2481697125738736,0.1535176953071265,59,1.0857658619108888,0.0020797341865456,validation
2023,300,0.6,intraday_component,Q1,0.0541225568700776,-0.0264855011542709,1.1924283666504265,0.167851753413047,48,1.50123562417205,0.0111612110242614,validation
2023,300,0.6,intraday_component,Q5,-0.0016366927394411,-0.0588300966962691,-0.0059842849987431,0.1813505988804202,56,0.995751724197258,-0.0001002807552784,validation
2023,300,0.6,close_recovery_from_low,Q1,-0.002219701057878,-0.0520498628775791,-0.024117320525982,0.1742956376171922,51,0.9898186297384892,-0.0002577988348139,validation
2023,300,0.6,close_recovery_from_low,Q5,0.0183450289122626,-0.0565346898843908,0.3600058890347965,0.1924307019121344,62,1.1618831202909998,0.0031202117824764,validation
2023,300,0.6,downside_wick_fraction,Q1,0.0205261321418317,-0.0460503374025433,0.4292033196840744,0.1748540715459413,55,1.1718973856657295,0.0038987921693855,validation
2023,300,0.6,downside_wick_fraction,Q5,0.0113877289124479,-0.0670665010587964,0.2268522860887855,0.1820001972197924,60,1.104256810116661,0.0022269967741476,validation
2023,300,0.6,volume_ratio20,Q1,-0.0507502576016273,-0.0951544703845745,-0.9309716657585808,0.1797670112357763,57,0.66927885119443,-0.0088480587018853,validation
2023,300,0.6,volume_ratio20,Q5,-0.0060418931513732,-0.0366078278140665,-0.1473112003127885,0.1430321191196024,40,0.93017693576597,-0.0013965121681178,validation
2023,300,0.6,gap_share_of_negative_move,Q1,0.0,0.0,,0.0,0,,,validation
2023,300,0.6,gap_share_of_negative_move,Q5,0.0219783828056947,-0.0398685910694833,0.57939886439505,0.119423620075565,35,1.3272462936458571,0.0064199284077129,validation
2023,300,0.8,ALL,ALL,0.0433972187577738,-0.0708016589636567,0.426739034525801,0.5939445071735492,177,1.0486345289186587,0.0011437438673737,validation
2023,300,0.8,gap_component,Q1,-0.094363155455197,-0.1144643678912031,-1.3971704507760458,0.2586586155877194,62,0.4101853542745429,-0.01595128363336,validation
2023,300,0.8,gap_component,Q5,0.0281180156083999,-0.0784912463538899,0.4966049815231623,0.2035321682175419,59,1.206381143135866,0.0053135561252371,validation
2023,300,0.8,intraday_component,Q1,0.0236342190747023,-0.0590649555504344,0.4440368898104361,0.2146208965690447,48,1.2045054762657668,0.0051698184666871,validation
2023,300,0.8,intraday_component,Q5,-0.0053710640632083,-0.0720331081562741,-0.0658334031815942,0.2227806604618304,56,0.9695326058875344,-0.0007227576697521,validation
2023,300,0.8,close_recovery_from_low,Q1,-0.0251791469897865,-0.0974327954145963,-0.4456082340045633,0.2145853441830023,51,0.8362846894897075,-0.0046095139876937,validation
2023,300,0.8,close_recovery_from_low,Q5,0.0136531639111259,-0.0684277429245138,0.2576893295169631,0.2462799110188245,62,1.1253915614187062,0.0025000020053682,validation
2023,300,0.8,downside_wick_fraction,Q1,-0.024751826467715,-0.0960557226258916,-0.4068937660499028,0.2236006854704199,55,0.8466989806969908,-0.0040360027539953,validation
2023,300,0.8,downside_wick_fraction,Q5,0.0354103735086925,-0.0762993290890743,0.5460769816290962,0.2347990115151517,60,1.2876477302297833,0.0063245523739196,validation
2023,300,0.8,volume_ratio20,Q1,-0.0586360639369616,-0.1101560316715027,-0.9619626117610088,0.2253839954464777,57,0.6311693249681523,-0.0101639738994514,validation
2023,300,0.8,volume_ratio20,Q5,0.0163197221688036,-0.0365818175318316,0.4304825786200308,0.1633469667867474,40,1.2013702588689994,0.0042199728384937,validation
2023,300,0.8,gap_share_of_negative_move,Q1,0.0,0.0,,0.0,0,,,validation
2023,300,0.8,gap_share_of_negative_move,Q5,0.0188182899426989,-0.0453291078518208,0.4474527923310405,0.1425701767902556,35,1.2630305985341823,0.0055550860887597,validation
2023,500,0.6,ALL,ALL,0.1479408120560392,-0.0706465864703861,1.272970976180311,0.6366609327844295,310,1.111309010467877,0.002354535331433,validation
2023,500,0.6,gap_component,Q1,-0.0153895689124858,-0.0796869333880748,-0.1524637348744321,0.3257649840934625,93,0.916391698942817,-0.0019383366395409,validation
2023,500,0.6,gap_component,Q5,0.0246354883833854,-0.089292515677362,0.3363772014388704,0.3236321545877328,118,1.069844658637833,0.0018441039264428,validation
2023,500,0.6,intraday_component,Q1,0.1721213002203645,-0.0372863403214939,2.25502011937511,0.302467622631559,93,1.9295509775225943,0.0170304144272232,validation
2023,500,0.6,intraday_component,Q5,0.0527399135269259,-0.0572303443824385,0.7425939706338108,0.2830298804979521,93,1.1854091189741731,0.0040816519694688,validation
2023,500,0.6,close_recovery_from_low,Q1,0.0934440271528198,-0.0603622174084031,1.314943762834888,0.322492370305483,102,1.3763147157214792,0.0080092955794272,validation
2023,500,0.6,close_recovery_from_low,Q5,0.0454238419566586,-0.0533898569953599,0.6426171669424786,0.2895427577601825,102,1.199974546018124,0.0038344700375037,validation
2023,500,0.6,downside_wick_fraction,Q1,0.0639593117167163,-0.0523381650360921,0.9007021768883392,0.2930670192712503,97,1.2980023059844568,0.0061320122270945,validation
2023,500,0.6,downside_wick_fraction,Q5,-0.0372264498780268,-0.0929130511684155,-0.4348079515708757,0.3130390040650717,104,0.8540586294643474,-0.0034032430779979,validation
2023,500,0.6,volume_ratio20,Q1,-0.042585060743688,-0.1198358117645752,-0.5174171987626304,0.300289325376535,91,0.7848597526367683,-0.0054785117263406,validation
2023,500,0.6,volume_ratio20,Q5,-7.381941481343635e-05,-0.0521081513696882,0.0268646835822524,0.2409107675311836,77,1.0089537264431243,0.0001826961644547,validation
2023,500,0.6,gap_share_of_negative_move,Q1,0.0,0.0,,0.0,0,,,validation
2023,500,0.6,gap_share_of_negative_move,Q5,0.0049736537698634,-0.0551628237457677,0.1187494673466793,0.2099199385505224,55,1.050282925506324,0.0011142580925413,validation
2023,500,0.8,ALL,ALL,0.1960991569797654,-0.0773447642643808,1.5099983341199146,0.6972994919848774,276,1.402993853563876,0.0082891282184046,validation
2023,500,0.8,gap_component,Q1,-0.0213155799651431,-0.0838014592192445,-0.2053116537224908,0.3756308937496354,93,0.8211801360291591,-0.0044071088936337,validation
2023,500,0.8,gap_component,Q5,0.0799810717255358,-0.1083564700453761,0.8586822744930845,0.3935862826927168,115,1.2437008735523567,0.0066217151438469,validation
2023,500,0.8,intraday_component,Q1,0.14469865358455,-0.0822743585684112,1.5987450349943595,0.3900724262260974,93,1.734257487721678,0.0146756181663499,validation
2023,500,0.8,intraday_component,Q5,0.0891098413043898,-0.068343425459977,1.103151244068547,0.342898766480454,90,1.381375690962246,0.0083263496641769,validation
2023,500,0.8,close_recovery_from_low,Q1,0.0971310248685113,-0.1071640434921278,1.1523285581480578,0.4020369188948488,101,1.433765557771986,0.0097377111486194,validation
2023,500,0.8,close_recovery_from_low,Q5,0.0614130558003982,-0.0589448667738047,0.7904479611170868,0.3632562226520353,100,1.2866096424373688,0.0055256551609153,validation
2023,500,0.8,downside_wick_fraction,Q1,0.0649096222286165,-0.0951249112630965,0.7876992397135515,0.3755417717105948,95,1.2368014038759234,0.0053213424168586,validation
2023,500,0.8,downside_wick_fraction,Q5,-0.003181370723724,-0.1012087836954636,0.0140791962736394,0.37874773545139,104,1.0040184148460705,9.588434870123896e-05,validation
2023,500,0.8,volume_ratio20,Q1,-0.025312521817009,-0.129018114155698,-0.2515802438294841,0.3582162283214909,89,0.8612522155423497,-0.0035479536898276,validation
2023,500,0.8,volume_ratio20,Q5,0.0558360599318787,-0.0499080933652827,0.8830052489534812,0.3010477496578548,77,1.3505994245443471,0.0074133414385639,validation
2023,500,0.8,gap_share_of_negative_move,Q1,0.0,0.0,,0.0,0,,,validation
2023,500,0.8,gap_share_of_negative_move,Q5,0.0227884296657123,-0.0616203514005684,0.3982886129122896,0.2367501583191199,55,1.18824005420441,0.0043512210718861,validation
2024,300,0.6,ALL,ALL,-0.0328611320244912,-0.1027975480639838,-0.2964963774929456,0.4227361092132097,149,0.928591767148448,-0.0016809053166312,validation
2024,300,0.6,gap_component,Q1,-0.0354813538054468,-0.0677036203773124,-0.5654184230942766,0.1369080611372879,40,0.7449930932510006,-0.0083637527870566,validation
2024,300,0.6,gap_component,Q5,-0.0144373486610533,-0.0500836815220321,-0.21137449785342,0.1686216042583531,55,0.9061935904702416,-0.0023442355255645,validation
2024,300,0.6,intraday_component,Q1,-0.0413406897968151,-0.0620151648468157,-0.7010028464452153,0.130583122919764,46,0.7036866594023965,-0.0087957245080366,validation
2024,300,0.6,intraday_component,Q5,0.0004402539297787,-0.0316334766362131,0.0322693297574984,0.114340633409877,44,1.013922924932141,0.0003135529344933,validation
2024,300,0.6,close_recovery_from_low,Q1,-0.0214502051445841,-0.0521722980011772,-0.3311716810422905,0.149022627770869,51,0.8408759847962524,-0.0038816872484753,validation
2024,300,0.6,close_recovery_from_low,Q5,0.0173190698588854,-0.0308243142300845,0.4003168806094841,0.1330651431519101,43,1.2169973807509509,0.0041309685897673,validation
2024,300,0.6,downside_wick_fraction,Q1,0.0862494508389755,-0.028620482729986,1.4012032915788462,0.1594555453958698,49,2.089081412801184,0.0173670313582586,validation
2024,300,0.6,downside_wick_fraction,Q5,-0.0483671567197457,-0.0691447368173723,-0.9891417132712066,0.1900580753814672,54,0.6847226290408456,-0.0089544534808789,validation
2024,300,0.6,volume_ratio20,Q1,-0.0244947479913223,-0.0470526374241603,-0.5486929710397811,0.1445527265025125,45,0.7728934990116075,-0.0053235400006853,validation
2024,300,0.6,volume_ratio20,Q5,-0.048069354845858,-0.0882308888013325,-0.8542051605505988,0.1423179092406379,47,0.7089939203444823,-0.0100348421959225,validation
2024,300,0.6,gap_share_of_negative_move,Q1,0.0,0.0,,0.0,0,,,validation
2024,300,0.6,gap_share_of_negative_move,Q5,0.0425762615834521,-0.0386661009865567,0.824995443268167,0.1576600955754539,42,1.5471502355084137,0.0103740867293526,validation
2024,300,0.8,ALL,ALL,-0.0156914648310235,-0.1079530208899136,-0.0937220586910712,0.4959102152169116,152,0.9522605241776104,-0.0011777278394057,validation
2024,300,0.8,gap_component,Q1,-0.0357795547536237,-0.0646148835056017,-0.5560441340313954,0.1573555714340657,40,0.7406762678594555,-0.0085053366400591,validation
2024,300,0.8,gap_component,Q5,-0.0098504600338094,-0.0549277874425234,-0.127401760262304,0.1963881425631536,55,0.9406311387551182,-0.0015455776867792,validation
2024,300,0.8,intraday_component,Q1,-0.0633703988502532,-0.0860088372545982,-0.9639358419025512,0.1692636218270465,46,0.5588347158173125,-0.0137202155929386,validation
2024,300,0.8,intraday_component,Q5,0.0190563697384567,-0.0296275066561964,0.4134672400720035,0.1339282493850034,44,1.2007440364390007,0.0045208806349428,validation
2024,300,0.8,close_recovery_from_low,Q1,-0.0170553172051199,-0.0506660702314429,-0.2415869743952676,0.1892954291796521,51,0.8764956034152778,-0.0030231223441977,validation
2024,300,0.8,close_recovery_from_low,Q5,0.0217499932459677,-0.0308243142300845,0.4793657591061659,0.1583414818469976,43,1.2477650457912397,0.0051466076410501,validation
2024,300,0.8,downside_wick_fraction,Q1,0.0997709754710334,-0.0375706618458899,1.4914195670754362,0.1933628510460369,49,2.239603123430434,0.0198753809811181,validation
2024,300,0.8,downside_wick_fraction,Q5,-0.0609530233934852,-0.0854862798102255,-1.1730775810340894,0.2196026331422791,54,0.6445694317216074,-0.0114078271850872,validation
2024,300,0.8,volume_ratio20,Q1,-0.0541332891398984,-0.069609377901794,-1.2087893135011505,0.1670475887842348,45,0.5479300491143049,-0.0122066669434244,validation
2024,300,0.8,volume_ratio20,Q5,-0.0338718657698143,-0.0857348233389739,-0.5291911965431259,0.1756342504660662,47,0.8017028901960768,-0.0068379334450518,validation
2024,300,0.8,gap_share_of_negative_move,Q1,0.0,0.0,,0.0,0,,,validation
2024,300,0.8,gap_share_of_negative_move,Q5,0.0257087765296273,-0.0407938169870986,0.4903585508577492,0.1805200189398279,42,1.29883083827229,0.0064496189449737,validation
2024,500,0.6,ALL,ALL,0.5039481210972423,-0.0589177464510047,1.1598257126069615,0.6160326356213762,255,1.7908247478859909,0.0177411429490812,validation
2024,500,0.6,gap_component,Q1,-0.0151253469609201,-0.0593515989227537,-0.1619267418482545,0.2399289540988702,75,0.94371896711627,-0.0015213760063654,validation
2024,500,0.6,gap_component,Q5,0.0029072839666572,-0.0765384880663265,0.0760559586534224,0.2883859288471923,89,1.0422874125225396,0.001058453315303,validation
2024,500,0.6,intraday_component,Q1,0.331238441913418,-0.074721749140589,0.8506355979550891,0.2024807830497081,71,2.684666504466953,0.0498978311968899,validation
2024,500,0.6,intraday_component,Q5,0.034704488621204,-0.0606506303730918,0.564942879884432,0.233312681500804,77,1.252925190662201,0.0056196064592136,validation
2024,500,0.6,close_recovery_from_low,Q1,-0.0578853517690897,-0.0852554227050353,-0.7072315319105037,0.2628175788243829,90,0.7796788480698716,-0.0062365361937399,validation
2024,500,0.6,close_recovery_from_low,Q5,0.0842052161208226,-0.0519660767147267,1.364174104913627,0.2341500256971326,71,1.6978591209568112,0.0122990687089937,validation
2024,500,0.6,downside_wick_fraction,Q1,0.079293988380388,-0.0428230983599142,1.0015569171499163,0.2793120742777514,89,1.4437126123076311,0.0091013768752974,validation
2024,500,0.6,downside_wick_fraction,Q5,0.0041336006668968,-0.0631290049629408,0.0942998319241884,0.2949563858710725,88,0.9828154937190572,-0.0004229194758385,validation
2024,500,0.6,volume_ratio20,Q1,-0.007561937338386,-0.0888731127472237,-0.1034176020449514,0.252112572355073,82,0.9690057956125098,-0.0006564839366546,validation
2024,500,0.6,volume_ratio20,Q5,0.3507179904258528,-0.0821877871496356,0.8923729120014039,0.2881102313518472,87,2.466694716624767,0.0423631913871397,validation
2024,500,0.6,gap_share_of_negative_move,Q1,0.0,0.0,,0.0,0,,,validation
2024,500,0.6,gap_share_of_negative_move,Q5,0.0468987532972349,-0.041836823072277,0.7428624479611329,0.2205259888641415,66,1.364659633427525,0.0074214865790577,validation
2024,500,0.8,ALL,ALL,0.4790940663610494,-0.0765175447230429,1.115567091370614,0.6867864170602928,247,1.6993231284478263,0.0171086145559001,validation
2024,500,0.8,gap_component,Q1,-0.0338875184768356,-0.0709463384728068,-0.3707047071521177,0.2956362105151048,74,0.8626593908320435,-0.004043082903503,validation
2024,500,0.8,gap_component,Q5,0.0203787343531629,-0.0775668628721553,0.2859253227841124,0.3206404741037548,86,1.1206654965992973,0.0031741585238658,validation
2024,500,0.8,intraday_component,Q1,0.307110691392066,-0.0974431279536452,0.8050164324564666,0.2622477112535935,71,2.514593998248944,0.0473363705858088,validation
2024,500,0.8,intraday_component,Q5,0.0531085668293149,-0.0446757277988044,0.7694864459680311,0.2754439119882854,76,1.3552687455727663,0.0078986644847135,validation
2024,500,0.8,close_recovery_from_low,Q1,-0.0557978736879624,-0.0983099514114973,-0.5976694719235538,0.3309499422035901,90,0.8013679216481089,-0.0059292288427906,validation
2024,500,0.8,close_recovery_from_low,Q5,0.0888991230580642,-0.0516686129236084,1.3499346477027183,0.2796134226209265,70,1.7043281210053924,0.0131286588204488,validation
2024,500,0.8,downside_wick_fraction,Q1,0.0739176836701216,-0.0526704534206698,0.8564382898823999,0.3327325340362059,88,1.3930011322061588,0.00879124729398,validation
2024,500,0.8,downside_wick_fraction,Q5,-0.0228981484622295,-0.0648444819303973,-0.2644377406721944,0.3573533562593733,88,0.867269137490844,-0.0036538973841383,validation
2024,500,0.8,volume_ratio20,Q1,-0.0512900602434882,-0.0966523680154759,-0.8100582578662539,0.3094238521802227,81,0.7301856059505476,-0.0062377314224121,validation
2024,500,0.8,volume_ratio20,Q5,0.3688545048765155,-0.0993350173587818,0.9224437955464948,0.338720402405509,86,2.463125254678997,0.0438834606906816,validation
2024,500,0.8,gap_share_of_negative_move,Q1,0.0,0.0,,0.0,0,,,validation
2024,500,0.8,gap_share_of_negative_move,Q5,0.0389840727475534,-0.0382283675700171,0.5671972339896642,0.266143146333355,66,1.2852594716965433,0.006281631032718,validation
2025,300,0.6,ALL,ALL,0.3313683032256924,-0.068165856786273,1.1032198652964156,0.3600070098959776,141,2.380346932461017,0.0256411725357868,validation
2025,300,0.6,gap_component,Q1,0.0327799646225634,-0.0438848718456308,0.7488102294812771,0.1251641812318691,36,1.4005862161883074,0.0095869940165815,validation
2025,300,0.6,gap_component,Q5,0.0388266199796567,-0.0281084271085374,1.0260227339472658,0.1176955181105676,54,1.5348563962517967,0.009202777356942,validation
2025,300,0.6,intraday_component,Q1,0.0092320857237166,-0.0472191315806151,0.2057971144572357,0.1786899781914229,52,1.0849958273147715,0.0019295629839545,validation
2025,300,0.6,intraday_component,Q5,0.0412932749384709,-0.0330602131066157,1.117926999982461,0.0987387032850368,38,1.75866186332876,0.012723006719327,validation
2025,300,0.6,close_recovery_from_low,Q1,0.0635902998355506,-0.0227581659493234,1.2389530835307974,0.1873879220868616,47,1.7974172122630308,0.0143878184387878,validation
2025,300,0.6,close_recovery_from_low,Q5,0.0303717372404086,-0.0200387284302492,0.8406969234945549,0.1142052293697033,47,1.516029575788719,0.0076823048196591,validation
2025,300,0.6,downside_wick_fraction,Q1,0.3386497532455401,-0.0219104974509968,1.147745857880725,0.1165981959499939,43,5.3595381747232,0.0765041965028761,validation
2025,300,0.6,downside_wick_fraction,Q5,0.0542520681002083,-0.0158587928524233,1.508496722098028,0.1232589432995927,39,1.8317057590275811,0.0138083021535137,validation
2025,300,0.6,volume_ratio20,Q1,0.0438460501136825,-0.0196105097000541,1.2641290182319989,0.1075677409454607,27,1.973893034140525,0.0160944055135875,validation
2025,300,0.6,volume_ratio20,Q5,0.0113821201938335,-0.0473380026332423,0.2627770289712707,0.1608823359486253,50,1.1059658907568102,0.002533912412779,validation
2025,300,0.6,gap_share_of_negative_move,Q1,0.0,0.0,,0.0,0,,,validation
2025,300,0.6,gap_share_of_negative_move,Q5,0.3148067894417095,-0.0327938162169679,1.088617545842747,0.0811152978964981,25,7.200119283164402,0.1233913371442214,validation
2025,300,0.8,ALL,ALL,0.3117923574433392,-0.0701853458696499,1.0498283769416747,0.4152470821178786,140,2.463057968937732,0.0283000459807493,validation
2025,300,0.8,gap_component,Q1,0.0621469391233331,-0.0445996423317248,1.206271851486732,0.1614364143764833,36,1.7469587947252685,0.0178765249683424,validation
2025,300,0.8,gap_component,Q5,0.0443781517432788,-0.0333270210104575,1.079620156009024,0.1673420547067805,54,1.5181799483148133,0.0099931023758836,validation
2025,300,0.8,intraday_component,Q1,0.0195315536821285,-0.0498027750283585,0.3669596865782458,0.225579477032015,52,1.1691499020594485,0.0039153584145193,validation
2025,300,0.8,intraday_component,Q5,0.03455612520068,-0.0422612321182139,0.7729188813257699,0.1466733513179856,38,1.6937244154230495,0.0126365030300891,validation
2025,300,0.8,close_recovery_from_low,Q1,0.0630304250026529,-0.0236564711626483,1.1320489535032665,0.2154710111715981,44,1.9159917649006168,0.0156960374293596,validation
2025,300,0.8,close_recovery_from_low,Q5,0.0223018723978307,-0.0217296609683075,0.5363046021625631,0.157028950296567,47,1.5253596980087472,0.0082014634708639,validation
2025,300,0.8,downside_wick_fraction,Q1,0.3009244671722659,-0.0298376846341031,1.0446194482720543,0.167106884828827,41,4.649493990837796,0.0735140150774005,validation
2025,300,0.8,downside_wick_fraction,Q5,0.0734708938086439,-0.0158587928524233,1.7437590956543174,0.1525324212747974,38,2.1254708433251293,0.0193272839836122,validation
2025,300,0.8,volume_ratio20,Q1,0.0500101521035971,-0.022773461746854,1.3131108452512072,0.1281014164957502,27,2.069615828035839,0.0183573536415214,validation
2025,300,0.8,volume_ratio20,Q5,0.0201708147156916,-0.0413845786761706,0.401767050724968,0.2081729034105853,48,1.1815164158415068,0.0044554409960575,validation
2025,300,0.8,gap_share_of_negative_move,Q1,0.0,0.0,,0.0,0,,,validation
2025,300,0.8,gap_share_of_negative_move,Q5,0.3408500301456529,-0.0379380532867956,1.1573425481472708,0.1046337256587788,25,7.6042534791718355,0.1314341918948501,validation
2025,500,0.6,ALL,ALL,0.1349116395890177,-0.0913425269520015,0.964721537596126,0.569469830304512,301,2.7046837570821083,0.0298053887870792,validation
2025,500,0.6,gap_component,Q1,0.0569314707646031,-0.077421988548993,0.9584750493760972,0.2183630747845137,73,1.4224377576634466,0.009281044205767,validation
2025,500,0.6,gap_component,Q5,0.0390123682278651,-0.0652501009589224,0.6437373297606812,0.2103818066242864,101,1.4075537029395564,0.0078505599020293,validation
2025,500,0.6,intraday_component,Q1,0.0644069074892066,-0.0487813311819448,0.8867062860568755,0.2978243540109096,92,1.342123646600985,0.0070241128987358,validation
2025,500,0.6,intraday_component,Q5,0.0553772247809682,-0.0378152091085081,1.021245447544991,0.1867895062386665,72,1.7079159401157935,0.0126741730162928,validation
2025,500,0.6,close_recovery_from_low,Q1,0.0759809346817663,-0.0417561733555891,1.1776549892621575,0.2641596581581381,86,1.7311918679569702,0.0126609545609342,validation
2025,500,0.6,close_recovery_from_low,Q5,0.0577740987124584,-0.0306944769123108,1.2019658371078443,0.1809710704405868,83,1.7980628822649365,0.01147534434388,validation
2025,500,0.6,downside_wick_fraction,Q1,0.7943419279948203,-0.0493821399519048,1.1222720488860294,0.209542260770325,99,5.853677172178212,0.0796668840964458,validation
2025,500,0.6,downside_wick_fraction,Q5,0.0670563360100062,-0.0463957192217302,1.1808447949360923,0.2241109324837586,79,1.5769032526147262,0.0100041808103791,validation
2025,500,0.6,volume_ratio20,Q1,0.0387729051547003,-0.046528670370333,0.6712324412072914,0.232609792518259,73,1.2169887552742475,0.0045223358560479,validation
2025,500,0.6,volume_ratio20,Q5,0.0351440967730045,-0.0542485130252772,0.5828062568558062,0.2819992667096331,87,1.3125963264749716,0.006638995293855,validation
2025,500,0.6,gap_share_of_negative_move,Q1,0.0,0.0,,0.0,0,,,validation
2025,500,0.6,gap_share_of_negative_move,Q5,0.7098363124923031,-0.07062462481602,1.0369673187422286,0.1464369833432518,50,7.793228230124486,0.1386854397145853,validation
2025,500,0.8,ALL,ALL,0.1072550315772014,-0.0894626118040764,0.7761395591022461,0.6371495050978003,298,2.4838217048569247,0.0292954574008335,validation
2025,500,0.8,gap_component,Q1,0.0374882889914358,-0.0669030244134395,0.6159072437165594,0.2735340492623478,74,1.182896463662048,0.0048106860453164,validation
2025,500,0.8,gap_component,Q5,0.0517845193329271,-0.0666421979740751,0.8050471830980565,0.268771749596801,101,1.5377143974343626,0.0113847034177451,validation
2025,500,0.8,intraday_component,Q1,0.0778808089917932,-0.0448039449816679,0.9283620768468132,0.381483203503413,92,1.394389535984797,0.0086807590597842,validation
2025,500,0.8,intraday_component,Q5,0.0435632463440143,-0.0298754247942855,0.7741390307434548,0.2304095610407085,72,1.5015672844361192,0.0104811696659232,validation
2025,500,0.8,close_recovery_from_low,Q1,0.0743418680711671,-0.0442852845692203,1.0036517627950134,0.3233395837091357,81,1.5434632856726371,0.0103441792463228,validation
2025,500,0.8,close_recovery_from_low,Q5,0.0447145428974602,-0.0386716435110796,0.7969014709091513,0.2431858926787755,83,1.7611827156080562,0.0120523292388741,validation
2025,500,0.8,downside_wick_fraction,Q1,0.7033261501854686,-0.0699809047116059,1.0356498591477712,0.2882292497798612,92,4.705408812493497,0.0781460540219822,validation
2025,500,0.8,downside_wick_fraction,Q5,0.066587266639984,-0.0446062857924784,1.1411232913401383,0.2608703276957543,78,1.4728273459547296,0.0097489120200211,validation
2025,500,0.8,volume_ratio20,Q1,0.0737908843136989,-0.0468999273428083,1.1336003768763927,0.2704784555656081,73,1.4548546233349573,0.0099479184992549,validation
2025,500,0.8,volume_ratio20,Q5,0.0213294863107831,-0.0480801082983803,0.3462693677846883,0.3485114352740808,83,1.2315621346471373,0.0051848367767752,validation
2025,500,0.8,gap_share_of_negative_move,Q1,0.0,0.0,,0.0,0,,,validation
2025,500,0.8,gap_share_of_negative_move,Q5,0.6654153878603961,-0.0638579229562699,0.9975213171450376,0.189782774549658,50,6.217560330553919,0.1330360004114797,validation
2026,300,0.6,ALL,ALL,0.045716738915448,-0.0133461304714033,3.2449488436418643,0.3709968310575511,42,1.8684071505113915,0.013465806315414,validation
2026,300,0.6,gap_component,Q1,0.022625920675769,-0.0171808102813213,2.0124157630829997,0.0518136329278181,6,2.6498391938063586,0.0377480680416733,validation
2026,300,0.6,gap_component,Q5,-0.0002536952877402,-0.0231293292885673,-0.0101661911276102,0.1001761382704504,8,0.9931145114313218,-0.0001560974317626,validation
2026,300,0.6,intraday_component,Q1,0.0022110256948688,-0.0194168677842109,0.2158274148874135,0.1006993973000699,14,1.0602933293912675,0.0015554846328738,validation
2026,300,0.6,intraday_component,Q5,-0.0118837184077863,-0.0258260794587154,-1.232520710481794,0.1204799611579542,16,0.8037435396830805,-0.0073671482408605,validation
2026,300,0.6,close_recovery_from_low,Q1,0.0082676285926404,-0.0194434086342666,0.7239961584918975,0.2189385468428168,18,1.2196254100594266,0.0046239590940009,validation
2026,300,0.6,close_recovery_from_low,Q5,0.0113032100413335,-0.0170722592425379,1.0604386354279065,0.1635527135886479,16,1.2724781102609368,0.0071672156665406,validation
2026,300,0.6,downside_wick_fraction,Q1,-0.0295227803192946,-0.032652051520092,-3.208387620224259,0.2096319728180354,20,0.4624719363222558,-0.014947471790136,validation
2026,300,0.6,downside_wick_fraction,Q5,0.0101403188768647,-0.018265636591537,0.9886272679627854,0.1140674584155011,12,1.4655473365214822,0.0086901711797662,validation
2026,300,0.6,volume_ratio20,Q1,0.0390617195699707,-0.0026465759475576,4.185596324776527,0.0234991460496662,4,59.95718722180919,0.096514817674306,validation
2026,300,0.6,volume_ratio20,Q5,0.0397751109539501,-0.0079928906520325,3.6104722268224334,0.2167685662956267,16,2.759133705421738,0.0243521972315824,validation
2026,300,0.6,gap_share_of_negative_move,Q1,0.0,0.0,,0.0,0,,,validation
2026,300,0.6,gap_share_of_negative_move,Q5,0.0035856904839171,-0.0083783344394308,0.6285782826607387,0.132174318366598,9,1.2382561620258803,0.0040444274701814,validation
2026,300,0.8,ALL,ALL,0.0520249674511086,-0.0175404993569673,3.319582545253468,0.4102947773564986,43,1.8751456194297929,0.0152823975062583,validation
2026,300,0.8,gap_component,Q1,0.0280276615814714,-0.0171806301968839,2.379941652955174,0.061698610034685,6,3.030801212510523,0.0464644206761144,validation
2026,300,0.8,gap_component,Q5,0.013541577084277,-0.0225149316698208,1.17055697926275,0.1543480241312541,8,1.7652687737327355,0.0173490216411446,validation
2026,300,0.8,intraday_component,Q1,0.018707694662887,-0.0172726285049806,1.594304823835741,0.1569128438227696,14,1.5169950064285749,0.0133377571928985,validation
2026,300,0.8,intraday_component,Q5,-0.013546844104982,-0.027708749836757,-1.2504569743003269,0.16057818023909,16,0.771913097277068,-0.0085620112654896,validation
2026,300,0.8,close_recovery_from_low,Q1,0.0235762787981927,-0.0190427116468214,1.7181400324725395,0.2568213672394901,18,1.619715885174557,0.0130474014922698,validation
2026,300,0.8,close_recovery_from_low,Q5,0.0107108253274688,-0.0226817590785741,0.894096766472351,0.2055139689611499,16,1.2538547898308787,0.0066773511639518,validation
2026,300,0.8,downside_wick_fraction,Q1,-0.0232430492822159,-0.0279252321885984,-2.006581300538212,0.2805357915237449,21,0.5926111978527508,-0.0111785413600868,validation
2026,300,0.8,downside_wick_fraction,Q5,0.0301960373557566,-0.0086543330603128,3.1455342230610346,0.1691939625127211,12,2.3653536038365406,0.025486466375053,validation
2026,300,0.8,volume_ratio20,Q1,0.0327661703716299,-0.0128443097352852,3.1712969624802896,0.0504139064879989,4,50.52109860382184,0.0810676361610938,validation
2026,300,0.8,volume_ratio20,Q5,0.056619580917415,-0.0072940922312584,4.402935729930198,0.2584850618587576,15,3.5060534300962627,0.0370048247965063,validation
2026,300,0.8,gap_share_of_negative_move,Q1,0.0,0.0,,0.0,0,,,validation
2026,300,0.8,gap_share_of_negative_move,Q5,0.012103382957326,-0.0083783344394308,1.965871117835147,0.1464549829376352,9,1.7961158610170842,0.0135141640424597,validation
2026,500,0.6,ALL,ALL,0.0119024965201806,-0.0214230189607468,0.7393402123434956,0.4129461945758856,98,1.166156971743626,0.0031127356119019,validation
2026,500,0.6,gap_component,Q1,0.0360949181920275,-0.0123237787632515,2.606656577550273,0.1740831920271668,16,2.1623795845882645,0.0222976484569662,validation
2026,500,0.6,gap_component,Q5,-0.0028921751170982,-0.031376980295838,-0.1334790115163214,0.2345244417087411,18,0.9414704367826018,-0.0014163746708995,validation
2026,500,0.6,intraday_component,Q1,0.0193541092504856,-0.0212814625278386,1.0222831906196164,0.354929130125766,33,1.2993701054091145,0.0059576855149822,validation
2026,500,0.6,intraday_component,Q5,-0.0201240266341621,-0.022255171909267,-1.6236668808598402,0.2097620422640458,25,0.7837147289792914,-0.0080547634339432,validation
2026,500,0.6,close_recovery_from_low,Q1,0.0036234857264367,-0.0235245293133798,0.2622795359325042,0.4106447429168589,35,1.095006513161415,0.0018632546973147,validation
2026,500,0.6,close_recovery_from_low,Q5,0.0007175433049009,-0.024706066139399,0.0815215264674233,0.2615555291607287,24,1.0229602904460775,0.0006820560042331,validation
2026,500,0.6,downside_wick_fraction,Q1,-0.0505443966126812,-0.0552103549528254,-3.833567339418453,0.3435615945389133,32,0.439723533079107,-0.0162628788226282,validation
2026,500,0.6,downside_wick_fraction,Q5,0.0068232410469237,-0.0234223147497043,0.5313428784896087,0.2257909740101427,20,1.2049259626566289,0.0038167267400788,validation
2026,500,0.6,volume_ratio20,Q1,0.026918957759717,-0.0123661083829357,2.093341806166335,0.1368661428748495,14,1.9503988464716948,0.0191753907884259,validation
2026,500,0.6,volume_ratio20,Q5,0.0356463101750295,-0.0209447988854198,2.039644486367276,0.3279189413700032,30,1.6236883028088709,0.0120142211546577,validation
2026,500,0.6,gap_share_of_negative_move,Q1,0.0,0.0,,0.0,0,,,validation
2026,500,0.6,gap_share_of_negative_move,Q5,0.0104085855511923,-0.0136004012244111,1.4649780682875937,0.2080184608526026,18,1.3924967021936947,0.0057120554926505,validation
2026,500,0.8,ALL,ALL,-0.0068676055603673,-0.0342245793685378,-0.3748060976226351,0.4739554362327755,90,1.1253622843465287,0.0026930714053685,validation
2026,500,0.8,gap_component,Q1,0.0206785622561616,-0.0259919415427299,1.3408087635249095,0.2226412680968936,16,1.4943584498452829,0.0129099629800269,validation
2026,500,0.8,gap_component,Q5,-0.0061120724694107,-0.0403951018278214,-0.2360503608619442,0.3371541118747629,18,0.8818408721442463,-0.00314797534854,validation
2026,500,0.8,intraday_component,Q1,0.0088547137186074,-0.0337013463537685,0.4622546537411229,0.4220101610329788,33,1.2597647833733994,0.0060425492783792,validation
2026,500,0.8,intraday_component,Q5,-0.039265260903187,-0.0413547756535308,-2.792597746603476,0.2673695070362952,25,0.586507307497844,-0.0157896502297347,validation
2026,500,0.8,close_recovery_from_low,Q1,0.0033875572048955,-0.0277371212764379,0.221297258221475,0.4485012100351735,35,1.1616994439491266,0.0036836256384492,validation
2026,500,0.8,close_recovery_from_low,Q5,-0.0048031453269313,-0.0299595310173235,-0.2973669112612508,0.302863097492815,24,0.8944757646742812,-0.0031346919789644,validation
2026,500,0.8,downside_wick_fraction,Q1,-0.0465053502569063,-0.0488672971623036,-3.227012110967082,0.4033932017069893,33,0.539943056885547,-0.0132290370565869,validation
2026,500,0.8,downside_wick_fraction,Q5,0.0319173690339427,-0.0130264273075449,2.5049125965086083,0.2836873348524384,20,1.884058540541626,0.0164655069945141,validation
2026,500,0.8,volume_ratio20,Q1,0.002764949182139,-0.026013169940279,0.204690021319214,0.1826642262826769,14,1.077456407625374,0.0019969071616351,validation
2026,500,0.8,volume_ratio20,Q5,0.0307195619420852,-0.0320109929305538,1.4848949881039908,0.4106531478735367,32,1.1699600792608889,0.0045925265522573,validation
2026,500,0.8,gap_share_of_negative_move,Q1,0.0,0.0,,0.0,0,,,validation
2026,500,0.8,gap_share_of_negative_move,Q5,0.0097604753343352,-0.0136004012244111,1.2049108661803722,0.2514980991076393,16,1.259091259804105,0.0045786037273981,validation
