rank_cap,single_name_cap,policy,total_return,cagr,max_drawdown,daily_sharpe,avg_exposure,idle_day_share,completed_trades,profit_factor,mean_trade,blocked_new_entries,partial_new_entries,add_on_events,add_on_capital,mean_position_risk_after_add,max_position_risk_after_add,single_name_cap_hit_count,turnover_proxy,top5_abs_funded_pnl_share,top10_abs_funded_pnl_share,yearly_return,rolling_12m_min_return,rolling_12m_positive_share,rolling_12m_median_return
300,0.5,SKIP_OVERLAP,2.392927306724298,0.45817943665159766,-0.15440196200755996,0.9424966885024383,0.3372497828340313,0.44526445264452646,211,2.1794443656189855,0.020062411114053817,42,47,0,0.0,,,0,317.70706561254957,0.40250277491081654,0.5074823125601589,"{'2023': 0.36983862627761255, '2024': 0.1495184091445414, '2025': 1.0731648675767822, '2026': -0.01977829055409497}",0.08015050411670521,1.0,0.2056044538105598
300,0.5,PYRAMID_TO_R250,3.987325679309861,0.6423340597248599,-0.15368653891571604,0.8258283409501124,0.35908446028825347,0.44280442804428044,206,2.274836658618703,0.021329365415822723,57,53,51,12.207526742209543,0.01332557209109655,0.024985544081341307,4,374.32220681829216,0.4967221364497982,0.6011539731927236,"{'2023': 0.3754539471656324, '2024': 0.10969416886568673, '2025': 2.049760876067515, '2026': 0.00833150188538423}",0.056101571971318265,1.0,0.1852015360561997
300,0.6,SKIP_OVERLAP,2.001917514115343,0.4040847888362651,-0.17889617532546676,0.8619253429340923,0.3483333432546082,0.44157441574415746,208,2.189177757165903,0.02042849269958311,50,72,0,0.0,,,0,314.8297155335952,0.406637785150989,0.5127744778275732,"{'2023': 0.26408388475214273, '2024': 0.14897086067217713, '2025': 1.0788390410243571, '2026': -0.06155011541127664}",0.07267004839728286,1.0,0.18500029971611287
300,0.6,PYRAMID_TO_R250,4.45228353987073,0.6881582016286452,-0.17851145419209402,0.7866936585482359,0.3743698097719482,0.4403444034440344,200,2.383824219338789,0.022773895621310658,66,76,50,15.712347157692596,0.01402445162780878,0.02494343915294311,4,404.60669531167224,0.5389231761727422,0.6429155042004507,"{'2023': 0.33291072376409137, '2024': 0.09726354681391003, '2025': 2.5432338779123578, '2026': -0.006918929025646836}",0.0615540476851788,1.0,0.18923114386184303
300,0.75,SKIP_OVERLAP,1.6091617580205,0.34459534849432694,-0.2269667265745312,0.7711447897397411,0.3572868532318752,0.44280442804428044,202,2.182824538963868,0.01997693553768182,60,77,0,0.0,,,0,316.6560189664385,0.41871205967444647,0.5253175753429236,"{'2023': 0.21836217142941328, '2024': 0.12386959545691067, '2025': 1.0622161364617866, '2026': -0.12678804955063072}",0.03397549203459138,1.0,0.15425669720756852
300,0.75,PYRAMID_TO_R250,3.7119450615773912,0.6137846791699137,-0.21476789106328775,0.74198985722374,0.3860217815846019,0.4403444034440344,197,2.3951229696342513,0.022128526835250076,72,83,44,20.365796408012233,0.015418730409732016,0.024937883698408332,1,396.4673664719265,0.5469226412846049,0.6558858041867242,"{'2023': 0.2568207609462041, '2024': 0.056178003360615625, '2025': 2.6092617580567246, '2026': -0.07057029362686151}",-0.007352691497081287,0.99644128113879,0.1494728093259703
300,1.0,SKIP_OVERLAP,1.3097316112742337,0.29493190015162885,-0.27892384216403887,0.694247661297308,0.36402428032839385,0.45633456334563344,196,2.2147117949416986,0.02056381454845271,72,78,0,0.0,,,0,312.3153448021427,0.4358549686477188,0.541219540723143,"{'2023': 0.17457793425194157, '2024': 0.07242369816991534, '2025': 1.0670169922434045, '2026': -0.1601924107310848}",-0.009308138352235762,0.9768683274021353,0.11293749799789521
300,1.0,PYRAMID_TO_R250,3.1495203589527785,0.5516804220070703,-0.27892384216403887,0.7057032142687402,0.3977108444202683,0.4784747847478475,181,2.4242053306677196,0.023131212028430003,102,68,39,21.474651066616154,0.017751935846920367,0.024959839776737464,0,391.61540626207557,0.5583265469970744,0.6689751061134418,"{'2023': 0.20817558306202555, '2024': 0.008132240639164623, '2025': 2.599709586133807, '2026': -0.10403005725207148}",-0.06326947445078857,0.9661921708185054,0.10539668519509282
500,0.5,SKIP_OVERLAP,3.733645180772836,0.616075620722754,-0.1683141183251119,1.1412758282549085,0.44717409082995024,0.31857318573185733,291,2.1971805921547607,0.018472188892589128,128,101,0,0.0,,,0,514.4916231519552,0.35128255502664335,0.4450895241309184,"{'2023': 0.5522335814655426, '2024': 0.2866083980008416, '2025': 1.4260348192021493, '2026': -0.07654023901287921}",0.15111899082287583,1.0,0.33466284522070433
500,0.5,PYRAMID_TO_R250,5.807580578805175,0.8079248030319457,-0.17207486942597772,0.9430415919244114,0.4702156106339503,0.3210332103321033,273,2.2817991466287753,0.019875039737009777,158,95,64,17.1126956649183,0.013196975849094501,0.02499829376557991,6,602.5344017656739,0.4491857900231994,0.5473145830646191,"{'2023': 0.6354526032155738, '2024': 0.21918757991450466, '2025': 2.3410525687376644, '2026': -0.036172903138639745}",0.11999889758461246,1.0,0.2844202739844852
500,0.6,SKIP_OVERLAP,3.2884877713621936,0.5675421862295147,-0.2037463792309384,1.0745779275069736,0.45193693005264085,0.3148831488314883,285,2.13549674941047,0.01791644671319595,142,131,0,0.0,,,0,516.4884088874936,0.3585178687804722,0.45532552268147025,"{'2023': 0.5007027518779239, '2024': 0.28401590582220937, '2025': 1.3838491410415346, '2026': -0.11675843107709805}",0.15205410059707436,1.0,0.33029612932921093
500,0.6,PYRAMID_TO_R250,5.87010564127538,0.8130353165161297,-0.19986712900740933,0.8624179329333967,0.4775477111762158,0.31857318573185733,260,2.287373293988259,0.01993295904774309,179,121,58,20.17053348966715,0.01428235743796254,0.02499719866008999,3,641.6363177377399,0.4732327561732479,0.5702163148668845,"{'2023': 0.6251136619700297, '2024': 0.17222029720291565, '2025': 2.844141977753103, '2026': -0.11245538621261786}",0.07084635711818188,1.0,0.2637908741486955
500,0.75,SKIP_OVERLAP,2.8680207920022225,0.5183882056600082,-0.2740692885067836,1.004499235486453,0.4540525767947871,0.3173431734317343,278,2.0786948590102177,0.01722494525402766,156,135,0,0.0,,,0,528.6751223527334,0.3723154973744394,0.4711531850239325,"{'2023': 0.46404433500682707, '2024': 0.293477599571651, '2025': 1.359419977813058, '2026': -0.17999471139814271}",0.1178839601725552,1.0,0.3183607650800412
500,0.75,PYRAMID_TO_R250,4.882816983731427,0.7282389181561602,-0.28720197703390316,0.813045166757871,0.48417104966570923,0.3198031980319803,257,2.2245694690629905,0.01893395107195351,187,127,52,26.97069481636452,0.01524030948744162,0.02493788369840834,2,641.7054199807775,0.47700522662640293,0.5771206301699761,"{'2023': 0.5830174440511946, '2024': 0.1288987284462888, '2025': 2.8726025742287757, '2026': -0.19482928703367097}",0.02840317859683461,1.0,0.2363157361683872
500,1.0,SKIP_OVERLAP,2.6573921275843873,0.49236495876148134,-0.31711619758035237,0.9622724874325794,0.46165788803459656,0.3210332103321033,266,2.149889564408765,0.018275001553578554,177,126,0,0.0,,,0,549.9901085414534,0.3952679287296323,0.49055310317377393,"{'2023': 0.46449970805770313, '2024': 0.2578817583903261, '2025': 1.3918993436673852, '2026': -0.21239012557793924}",0.10494639861115496,1.0,0.31226144459062455
500,1.0,PYRAMID_TO_R250,4.558768353441759,0.6982695597437505,-0.32789845327142775,0.7981784573088414,0.4906882163755267,0.3505535055350554,244,2.3201585218562966,0.020474115027401627,212,107,43,30.492660143231284,0.017431594717676784,0.02493788369840834,0,675.8914686794567,0.48602402659070176,0.5865211426738437,"{'2023': 0.6104729379295526, '2024': 0.0865694800161676, '2025': 2.8884815434963453, '2026': -0.22482593240297166}",-0.011104812198696301,0.9928825622775801,0.23013782568258123
