rank_cap,target_fraction,period,feature,n,rho_net_return,rho_target,rho_stop,rho_mfe,rho_mae
300,0.6,discovery,idio_dislocation_5d,1226,-0.011239119765647794,-0.03566194730217806,0.06016123281838963,-0.06352596821301833,0.017713464846491257
300,0.6,validation,idio_dislocation_5d,1013,-0.09437670160640181,-0.1794495768830433,0.1589784319735917,-0.05449031514580184,-0.09570082653475843
300,0.6,discovery,idio_dislocation_20d,1226,0.06344568563845167,0.00856183470485546,-0.03525174697844911,0.07019464316170011,0.011230460426453748
300,0.6,validation,idio_dislocation_20d,1013,-0.1278839073593194,-0.22964349782960541,0.16679894188941996,0.00228841212331412,-0.1413459941542426
300,0.8,discovery,idio_dislocation_5d,1231,-0.015059924593606831,-0.07789579747598385,0.06556360804798464,-0.0672669773902372,0.02337474871008362
300,0.8,validation,idio_dislocation_5d,1016,-0.09679053073417886,-0.12585714641517806,0.1592938830053853,-0.0824954599304703,-0.08075381542310417
300,0.8,discovery,idio_dislocation_20d,1231,0.05571208224782358,-0.01932947647779594,-0.0276116856331534,0.059399886874041345,0.008087089283268576
300,0.8,validation,idio_dislocation_20d,1016,-0.13602681916095766,-0.19069642511544568,0.1479833163563081,-0.040607356782833934,-0.12106566124107235
500,0.6,discovery,idio_dislocation_5d,2096,-0.04277898189031761,-0.06605268436184733,0.0839401813085472,-0.04021002279336209,-0.015209810695861638
500,0.6,validation,idio_dislocation_5d,1888,-0.047507576520390817,-0.11877080247730652,0.11484280016399113,-0.03243538178143713,-0.04319740758848658
500,0.6,discovery,idio_dislocation_20d,2096,0.0009421759033407803,-0.051727688797056665,-0.00291667957785058,0.07066082967918808,-0.06562141587575754
500,0.6,validation,idio_dislocation_20d,1888,-0.10904124687246705,-0.1925383453718016,0.13349258571293682,0.013975502936194768,-0.1290585297382007
500,0.8,discovery,idio_dislocation_5d,2103,-0.030678589559815627,-0.07507303303412984,0.07391718365243044,-0.04795687036179253,0.0026882193068473686
500,0.8,validation,idio_dislocation_5d,1893,-0.058663685642379115,-0.0967938838604597,0.11691560781840105,-0.05475311563016345,-0.03678009508699259
500,0.8,discovery,idio_dislocation_20d,2103,-0.013090551919740201,-0.06412530233002689,-0.0002809311510096303,0.05098926052156339,-0.06980836813367487
500,0.8,validation,idio_dislocation_20d,1893,-0.12266741049868798,-0.16328525185931825,0.12232576983452616,-0.02409665721333285,-0.114112159410466
