rank_cap,bps,policy,total_return,cagr,max_drawdown,daily_sharpe,avg_exposure,idle_day_share,completed_trades,profit_factor,mean_trade,blocked_new_entries,partial_new_entries,add_on_events,add_on_capital,mean_position_risk_after_add,max_position_risk_after_add,single_name_cap_hit_count,turnover_proxy,top5_abs_funded_pnl_share,top10_abs_funded_pnl_share,yearly_return,rolling_12m_min_return,rolling_12m_positive_share,rolling_12m_median_return
300,5,SKIP_OVERLAP,2.392927306724298,0.45817943665159766,-0.15440196200755996,0.9424966885024383,0.3372497828340313,0.44526445264452646,211,2.1794443656189855,0.020062411114053817,42,47,0,0.0,,,0,317.70706561254957,0.40250277491081654,0.5074823125601589,"{'2023': 0.36983862627761255, '2024': 0.1495184091445414, '2025': 1.0731648675767822, '2026': -0.01977829055409497}",0.08015050411670521,1.0,0.2056044538105598
300,5,REFILL_TO_R125,2.20216735504387,0.43235973623567237,-0.15427500116538473,0.8725786175035389,0.3486728490355972,0.44157441574415746,210,2.242501870476595,0.02068588378878068,47,52,46,6.777595106370284,0.009161163740993192,0.01249947673555707,4,309.3472283050539,0.39703261100597226,0.5016988791646438,"{'2023': 0.3093728813184966, '2024': 0.11279588594949042, '2025': 1.1170698241647976, '2026': -0.020963574398024543}",0.029247976022975575,1.0,0.1719049155492326
300,5,REFILL_TO_R150,2.5979023838422743,0.48482794350727043,-0.154075223167501,0.8446242361304799,0.35193538517738016,0.44157441574415746,210,2.240933126830336,0.020694539482849408,47,51,53,8.42699233707545,0.010534728469396838,0.014994953434461259,6,319.72221180107044,0.4302911965237826,0.5343368193049759,"{'2023': 0.30233617433773396, '2024': 0.10440347929774574, '2025': 1.3845810919084478, '2026': -0.012352446203929612}",0.03216305396399388,1.0,0.17176761967444032
300,5,PYRAMID_TO_R250,3.987325679309861,0.6423340597248599,-0.15368653891571604,0.8258283409501124,0.35908446028825347,0.44280442804428044,206,2.274836658618703,0.021329365415822723,57,53,51,12.207526742209543,0.01332557209109655,0.024985544081341307,4,374.32220681829216,0.4967221364497982,0.6011539731927236,"{'2023': 0.3754539471656324, '2024': 0.10969416886568673, '2025': 2.049760876067515, '2026': 0.00833150188538423}",0.056101571971318265,1.0,0.1852015360561997
300,10,SKIP_OVERLAP,2.032926244870032,0.4085468018190521,-0.15574673671347572,0.8829520048428581,0.3354289648453805,0.44157441574415746,213,2.080116520388032,0.01905666856618282,40,47,0,0.0,,,0,296.92518046996526,0.39132665989843585,0.4941716589308824,"{'2023': 0.33194653898577453, '2024': 0.11513854662389034, '2025': 0.9923458095965751, '2026': -0.0320678994368605}",0.047652627881512366,1.0,0.16983613594124658
300,10,REFILL_TO_R125,1.87468191718078,0.3854351690018143,-0.15559782839806846,0.8143631969439298,0.34667814556459275,0.4403444034440344,212,2.1409969513830136,0.01969708097322732,45,51,46,6.40068020772076,0.009274562722940987,0.012496940324479861,1,290.0352203940666,0.3863752354939802,0.48870187118719216,"{'2023': 0.2731831984281321, '2024': 0.08209678183762281, '2025': 1.0379516047557562, '2026': -0.033054033578892916}",-0.00035538729973239036,0.9857651245551602,0.13755974503490986
300,10,REFILL_TO_R150,2.215764631706354,0.4342348181514788,-0.15537736268229485,0.7942180831701238,0.35012957773603137,0.4403444034440344,211,2.1505186480724765,0.01988641440532824,46,51,53,8.05407083157479,0.010676297862200864,0.0149928889026929,2,298.6707930901154,0.41759277317510035,0.5206154755927408,"{'2023': 0.2642590330225114, '2024': 0.07254047634951766, '2025': 1.2919481507302084, '2026': -0.025160716570553965}",0.0037131995743602264,1.0,0.13587831988965182
300,10,PYRAMID_TO_R250,3.5235483477514,0.5935818180337651,-0.15502331053027096,0.789942259192875,0.3575884575971265,0.44157441574415746,208,2.1531322731129587,0.020176480579853998,51,53,51,11.814733429191449,0.013529170031109242,0.02496249470274586,1,350.71174962026225,0.4874744094706426,0.5897423448558686,"{'2023': 0.33697510997396307, '2024': 0.07720175659582718, '2025': 1.9676320161544094, '2026': -0.003912554629059484}",0.028392212487393875,1.0,0.15155885670130242
300,20,SKIP_OVERLAP,1.422888241233573,0.3141958428197493,-0.1581084297880373,0.7555364617138054,0.33026670266168995,0.43788437884378845,217,1.8636014347005894,0.016574628826243998,35,41,0,0.0,,,0,259.65321852853043,0.3683029135308276,0.46726769813032176,"{'2023': 0.2573422609633087, '2024': 0.048687033852844896, '2025': 0.8410688821148706, '2026': -0.055073231758486885}",-0.019406991399109508,0.9466192170818505,0.09846566323111194
300,20,REFILL_TO_R125,1.330921121400214,0.29858810685906123,-0.15791363289305393,0.6971364736325469,0.3419939234510522,0.43911439114391143,214,1.9475771020069397,0.017694985638065073,42,44,47,5.917651136292125,0.009279851394027108,0.01248666942278581,1,256.38302837663485,0.3638532529783159,0.46133752274144696,"{'2023': 0.20471357452796224, '2024': 0.025161881005950848, '2025': 0.8923491898820861, '2026': -0.055756265866879096}",-0.055399868588211,0.8220640569395018,0.07269277134856111
300,20,REFILL_TO_R150,1.5891600332568143,0.34140448100910503,-0.15783979248618452,0.6930586227311789,0.3458546394499767,0.43911439114391143,214,1.9474786961162167,0.017710352974749537,42,46,56,7.541826484524492,0.010834994756507592,0.01499248263476124,2,262.78425769859183,0.3908152122378648,0.49181937443817464,"{'2023': 0.19461335880212838, '2024': 0.013972736617178905, '2025': 1.1206684574862296, '2026': -0.04921819485114798}",-0.05053982238790988,0.8736654804270463,0.06971303307490373
300,20,PYRAMID_TO_R250,2.6598104779758556,0.4926695518734099,-0.1582382472679258,0.7117480509435,0.35553962558021335,0.4403444034440344,210,1.9596384925998074,0.01815207471907002,47,47,56,11.65717199716801,0.013923133111577503,0.02489538646760244,1,304.0095603527643,0.4642258179975598,0.5619420211292835,"{'2023': 0.2617256767958538, '2024': -0.003173833542294169, '2025': 1.814189189767839, '2026': -0.026883323877744503}",-0.043434661240172034,0.9412811387900356,0.07723188734040409
500,5,SKIP_OVERLAP,3.733645180772836,0.616075620722754,-0.1683141183251119,1.1412758282549085,0.44717409082995024,0.31857318573185733,291,2.1971805921547607,0.018472188892589128,128,101,0,0.0,,,0,514.4916231519552,0.35128255502664335,0.4450895241309184,"{'2023': 0.5522335814655426, '2024': 0.2866083980008416, '2025': 1.4260348192021493, '2026': -0.07654023901287921}",0.15111899082287583,1.0,0.33466284522070433
500,5,REFILL_TO_R125,3.7576534128598746,0.6186017927423146,-0.17027430620355188,1.0964764726520506,0.45963140563406985,0.3161131611316113,285,2.2647263410118827,0.019292862307110175,139,107,54,10.79673977298009,0.008690646852668005,0.01249958229604709,6,518.1738037497215,0.3584851231109507,0.4535687698607467,"{'2023': 0.5510579033119754, '2024': 0.2657191226533915, '2025': 1.4259824598721753, '2026': -0.05580331476987643}",0.14535033526675578,1.0,0.307264536262138
500,5,REFILL_TO_R150,4.3408720977671615,0.6774318239272921,-0.16813134015981557,1.039472864922838,0.4637942357738779,0.3161131611316113,285,2.2662180171620725,0.019323886618720882,139,106,61,13.468240221258243,0.010007733495929405,0.014995017671117444,7,541.5663661297117,0.38985467938403506,0.4860094269858364,"{'2023': 0.5611322798045917, '2024': 0.265529395343985, '2025': 1.6852905869324464, '2026': -0.05010627235340115}",0.12812245973626424,1.0,0.31040571721587396
500,5,PYRAMID_TO_R250,5.807580578805175,0.8079248030319457,-0.17207486942597772,0.9430415919244114,0.4702156106339503,0.3210332103321033,273,2.2817991466287753,0.019875039737009777,158,95,64,17.1126956649183,0.013196975849094501,0.02499829376557991,6,602.5344017656739,0.4491857900231994,0.5473145830646191,"{'2023': 0.6354526032155738, '2024': 0.21918757991450466, '2025': 2.3410525687376644, '2026': -0.036172903138639745}",0.11999889758461246,1.0,0.2844202739844852
500,10,SKIP_OVERLAP,3.130194955965524,0.54944566733096,-0.17957064793698008,1.0714911730676266,0.44498424637745687,0.3148831488314883,293,2.0798303185483746,0.0174286656118086,125,100,0,0.0,,,0,467.8644484145671,0.3381078334776692,0.4276891219505728,"{'2023': 0.4970471987918761, '2024': 0.23514154213112937, '2025': 1.3268808858809753, '2026': -0.0914272674390817}",0.11004657766197812,1.0,0.28443232229737103
500,10,REFILL_TO_R125,3.1439898544603126,0.5510416206103463,-0.18139318014160022,1.0242618860933317,0.4574396717266852,0.3124231242312423,287,2.1573845857904534,0.01835091285351776,135,106,56,13.023832687927195,0.008788582821085874,0.012497174784594976,4,475.76565376029885,0.34446155627141595,0.436869375695184,"{'2023': 0.49493018892194574, '2024': 0.2162318628570632, '2025': 1.3256082642049685, '2026': -0.07240105488364801}",0.10127698590488565,1.0,0.2595051498919887
500,10,REFILL_TO_R150,3.6286443920245572,0.6049220496576382,-0.17688318790279245,0.9765560835575127,0.4618871437658086,0.3148831488314883,287,2.158870827415687,0.01838156955681834,135,105,64,15.81866758291645,0.010163934525752259,0.014992888902692897,5,495.15377821267754,0.37559044524436486,0.46923280603616596,"{'2023': 0.5018245479851133, '2024': 0.2155622578057017, '2025': 1.5666198563884448, '2026': -0.06729058677891753}",0.08036264409745297,1.0,0.2625078198922902
500,10,PYRAMID_TO_R250,4.98983449777356,0.7378851667125303,-0.1767262844815769,0.8960940276678719,0.4686578621273236,0.3198031980319803,277,2.1674924726522153,0.018734444251032323,152,94,65,20.400733667735132,0.013010631553596361,0.024962486576377507,4,554.3321561447622,0.43775763047337346,0.5336564314752502,"{'2023': 0.5769631039244565, '2024': 0.17324234968967178, '2025': 2.224485970271794, '2026': -0.05302979741337288}",0.0774944301712186,1.0,0.23733767886062074
500,20,SKIP_OVERLAP,2.1262282986255125,0.4217851590543542,-0.20037497942001836,0.918367702897712,0.43968843183985995,0.31365313653136534,300,1.8263471038599157,0.014677777889882568,114,102,0,0.0,,,0,395.83126687451914,0.31337271770491754,0.39806109635963355,"{'2023': 0.3963542878723598, '2024': 0.13601170747697888, '2025': 1.1226556350929071, '2026': -0.11906074354366714}",0.03358441758460984,1.0,0.18771061204450012
500,20,REFILL_TO_R125,2.146458570919795,0.4246194385613735,-0.20198198709731796,0.8747916011896424,0.4526034073104029,0.3111931119311193,291,1.9538551956776953,0.01639647140266122,128,103,60,11.135534446244716,0.008863011590762467,0.012490054166360594,0,402.92983600871054,0.31689863854158307,0.4068788950099087,"{'2023': 0.38937571045832686, '2024': 0.12172604819167065, '2025': 1.1355277058433981, '2026': -0.10299803653494621}",0.014655003790952303,1.0,0.16886175659254177
500,20,REFILL_TO_R150,2.4937089776697703,0.47141696228663177,-0.19848297542417903,0.847729533282406,0.4573414316700822,0.31365313653136534,291,1.9423773781740266,0.0162172188901442,128,103,70,13.662552458555417,0.010354334510895138,0.014992482634761238,1,417.3818758625735,0.3467993093509279,0.43657640912260137,"{'2023': 0.39412815017961567, '2024': 0.12162948939595841, '2025': 1.344392855693389, '2026': -0.09906501711652949}",-0.0054109557888900595,0.99644128113879,0.17243472137716354
500,20,PYRAMID_TO_R250,3.655002261515146,0.6077381888520414,-0.18447362433279946,0.8033556848788366,0.464746910920117,0.31857318573185733,284,1.9158328921091223,0.016063298919467006,142,95,68,18.335923135990974,0.013091174939318793,0.024895369105662007,0,471.6802120874603,0.41476321944006683,0.5061046813946812,"{'2023': 0.46692576512136696, '2024': 0.08784317773527173, '2025': 2.0003767728559065, '2026': -0.0830479652192152}",-0.005771682903151554,0.994661921708185,0.15087512816472493
