rank_cap,target_fraction,state_dimension,state,discovery_n,validation_n,discovery_mean_trade,validation_mean_trade,discovery_pf,validation_pf,discovery_stop_share,validation_stop_share,same_mean_sign,same_pf_side
300,0.6,abs_regime,CALM_UPTREND,207,226,-0.004209408722921435,-0.0037858400244342493,0.8126060198864623,0.8398250213422361,0.5652173913043478,0.588495575221239,True,True
300,0.6,abs_regime,CALM_WEAK,2,21,0.005705803399473949,0.0017195846297441426,1.423049425297215,1.0783724680407245,0.5,0.47619047619047616,True,True
300,0.6,abs_regime,STRESS_REVERSAL,651,360,-0.0031716558122924735,0.01288259042474272,0.8756440705229643,1.6895630225152816,0.6052227342549923,0.4777777777777778,False,False
300,0.6,abs_regime,VOLATILE_UPTREND,405,406,-0.0005381905438734294,0.0008424324498522132,0.9777217589530232,1.0334076060660367,0.5481481481481482,0.6379310344827587,False,False
300,0.6,dd_regime,DEEP_LE_-10PCT,174,6,-0.015418120469288879,0.047411257495232,0.5113420258391673,,0.7183908045977011,0.0,False,False
300,0.6,dd_regime,MEDIUM_-5_TO_-10PCT,285,103,-0.008406503258808458,0.018410157338366893,0.7139472463749865,1.9155956236223084,0.6631578947368421,0.4368932038834951,False,False
300,0.6,dd_regime,SHALLOW_GT_-5PCT,740,904,0.0010718449879037512,0.0021897763367551863,1.0487712267557312,1.0956539352167856,0.5418918918918919,0.5851769911504425,True,True
300,0.6,trend,ABOVE_MA200,618,944,-8.02329241849015e-05,0.0025854495707102365,0.996581184989858,1.112241930255288,0.5501618122977346,0.5879237288135594,False,False
300,0.6,trend,BELOW_MA200,336,69,-0.014260452008245304,0.024921842963759485,0.530796103992349,2.6836244216026466,0.7440476190476191,0.2753623188405797,False,False
300,0.6,trend_x_dd,ABOVE_MA200|MEDIUM_-5_TO_-10PCT,129,59,-0.01415917867118422,0.013362659127496264,0.6030008443819586,1.5869318447345,0.6201550387596899,0.5423728813559322,False,False
300,0.6,trend_x_dd,ABOVE_MA200|SHALLOW_GT_-5PCT,489,885,0.0036338447882136825,0.001866968933591165,1.1794463318779396,1.080987849085813,0.5316973415132924,0.5909604519774011,True,True
300,0.6,trend_x_dd,BELOW_MA200|DEEP_LE_-10PCT,174,6,-0.015418120469288879,0.047411257495232,0.5113420258391673,,0.7183908045977011,0.0,False,False
300,0.6,trend_x_dd,BELOW_MA200|MEDIUM_-5_TO_-10PCT,139,44,-0.00863470488811,0.02517839357567082,0.6716579495572294,2.522187359787328,0.7482014388489209,0.29545454545454547,False,False
300,0.6,trend_x_dd,BELOW_MA200|SHALLOW_GT_-5PCT,23,19,-0.0395015188550816,0.0172258053788683,0.14815837661745246,2.1148579664298413,0.9130434782608695,0.3157894736842105,False,False
300,0.6,trend_x_vol,ABOVE_MA200|HIGH_GE_70PCT,168,240,-0.0254003489336423,0.013349430422267777,0.29339731990186674,1.7085190734189704,0.7261904761904762,0.4791666666666667,False,False
300,0.6,trend_x_vol,ABOVE_MA200|LOW_LE_30PCT,194,443,0.0030168631222991862,-0.006875321821426494,1.1656977691939294,0.7257378219086349,0.5360824742268041,0.6275395033860045,False,False
300,0.6,trend_x_vol,ABOVE_MA200|MID_30_TO_70PCT,256,261,0.014189075109295204,0.00874547379424566,1.7365011071748266,1.373124408416574,0.4453125,0.6206896551724138,True,True
300,0.6,trend_x_vol,BELOW_MA200|HIGH_GE_70PCT,261,14,-0.022127121099254948,0.0138221050441463,0.33590374195059447,1.746236208242572,0.7931034482758621,0.4285714285714285,False,False
300,0.6,trend_x_vol,BELOW_MA200|LOW_LE_30PCT,14,35,0.0569074934223478,0.0225280158999744,5.668272475688684,2.7248949850581066,0.3571428571428571,0.2285714285714285,True,True
300,0.6,trend_x_vol,BELOW_MA200|MID_30_TO_70PCT,61,20,0.0030649479380696,0.036880856869112674,1.1390006942322752,3.418890954045791,0.6229508196721312,0.24999999999999992,True,True
300,0.6,vol_regime,HIGH_GE_70PCT,592,254,-0.012558559978710011,0.013375483354182375,0.5631381305988051,1.7105646937157686,0.6706081081081081,0.4763779527559055,False,False
300,0.6,vol_regime,LOW_LE_30PCT,239,478,0.00030908810858115953,-0.0047223577623281155,1.0141418780873714,0.804774027035323,0.5481171548117155,0.5983263598326359,False,False
300,0.6,vol_regime,MID_30_TO_70PCT,356,281,0.00946468080858038,0.010747992162563585,1.4570674125143466,1.4702590893052432,0.5,0.594306049822064,True,True
300,0.8,abs_regime,CALM_UPTREND,207,226,-0.008073748685858398,-0.006005306874228638,0.6775962551346008,0.7633081359969527,0.6086956521739131,0.6106194690265486,True,True
300,0.8,abs_regime,CALM_WEAK,2,21,0.02100540943814815,-0.012106201358489494,2.557418959048002,0.4763629101452414,0.5,0.47619047619047616,False,False
300,0.8,abs_regime,STRESS_REVERSAL,655,361,-0.00235634729963491,0.017423931463493324,0.9130235152711705,1.8774276759587951,0.6244274809160305,0.4986149584487535,False,False
300,0.8,abs_regime,VOLATILE_UPTREND,406,408,-0.0033868511193122083,0.0029690636006892757,0.87466023574035,1.1166627696631617,0.5960591133004927,0.6470588235294118,False,False
300,0.8,dd_regime,DEEP_LE_-10PCT,177,6,-0.016452121267790668,0.0754089898866776,0.5038963184696919,,0.7344632768361582,0.0,False,False
300,0.8,dd_regime,MEDIUM_-5_TO_-10PCT,285,103,-0.007179624041795061,0.021989762051554347,0.772828967583855,2.0197462247226063,0.6912280701754386,0.4757281553398058,False,False
300,0.8,dd_regime,SHALLOW_GT_-5PCT,742,907,-0.0010591505753804228,0.0034978921661170874,0.956612668812471,1.147214617416991,0.5822102425876011,0.5986769570011026,False,False
300,0.8,trend,ABOVE_MA200,619,947,-0.002150149308437354,0.0031739161097211273,0.919674718212236,1.1321158066372934,0.6009693053311793,0.6050686378035903,False,False
300,0.8,trend,BELOW_MA200,339,69,-0.014242917996450295,0.04180129086076018,0.5528604435028766,3.8239353827095406,0.7581120943952803,0.2753623188405797,False,False
300,0.8,trend_x_dd,ABOVE_MA200|MEDIUM_-5_TO_-10PCT,129,59,-0.016102916105046404,0.007392415200497427,0.5998233900437261,1.2920755623304954,0.6744186046511628,0.6101694915254238,False,False
300,0.8,trend_x_dd,ABOVE_MA200|SHALLOW_GT_-5PCT,490,888,0.0015231301135270234,0.0028936329494105434,1.0655915181739584,1.120878871743455,0.5816326530612245,0.6047297297297297,True,True
300,0.8,trend_x_dd,BELOW_MA200|DEEP_LE_-10PCT,177,6,-0.016452121267790668,0.0754089898866776,0.5038963184696919,,0.7344632768361582,0.0,False,False
300,0.8,trend_x_dd,BELOW_MA200|MEDIUM_-5_TO_-10PCT,139,44,-0.0049272312031777,0.041563477147289904,0.8147494143054734,3.5127655325694622,0.7553956834532374,0.29545454545454547,False,False
300,0.8,trend_x_dd,BELOW_MA200|SHALLOW_GT_-5PCT,23,19,-0.0535408086589574,0.0317390597679806,0.0,3.0541590277534434,0.9565217391304348,0.3157894736842105,False,False
300,0.8,trend_x_vol,ABOVE_MA200|HIGH_GE_70PCT,169,241,-0.030486867922004817,0.01807116443663266,0.24735757718841503,1.9268572458979734,0.7869822485207101,0.49377593360995853,False,False
300,0.8,trend_x_vol,ABOVE_MA200|LOW_LE_30PCT,194,443,-0.0015598512996444157,-0.00932175988766131,0.9255684636067943,0.6468555872481586,0.5876288659793815,0.6455981941309256,True,True
300,0.8,trend_x_vol,ABOVE_MA200|MID_30_TO_70PCT,256,263,0.01610917737901209,0.01057067512133614,1.7288461963694617,1.4372568850203733,0.48828125,0.6387832699619772,True,True
300,0.8,trend_x_vol,BELOW_MA200|HIGH_GE_70PCT,264,14,-0.022172414662878497,0.0292603672988414,0.3550587249883783,2.57972649427372,0.803030303030303,0.4285714285714285,False,False
300,0.8,trend_x_vol,BELOW_MA200|LOW_LE_30PCT,14,35,0.0732883731895699,0.0383662139815653,7.012039448121497,3.9375729485588375,0.3571428571428571,0.2285714285714285,True,True
300,0.8,trend_x_vol,BELOW_MA200|MID_30_TO_70PCT,61,20,-1.4245154929968833e-05,0.0565913218926942,0.9994399600825058,4.7116338454265705,0.6557377049180327,0.24999999999999992,False,False
300,0.8,vol_regime,HIGH_GE_70PCT,597,255,-0.013799405034954729,0.018685473613381378,0.548935750467687,1.9610026628587476,0.695142378559464,0.49019607843137253,False,False
300,0.8,vol_regime,LOW_LE_30PCT,239,478,-0.002526987482809078,-0.005829962637822549,0.895094875270017,0.7706542474524651,0.5899581589958159,0.6150627615062761,True,True
300,0.8,vol_regime,MID_30_TO_70PCT,356,283,0.00962325332889766,0.0138230176493473,1.406507585266394,1.5871136083793975,0.5421348314606742,0.6113074204946997,True,True
500,0.6,abs_regime,CALM_UPTREND,395,451,-0.00585116393045295,0.007826099083879538,0.7486385462949986,1.3479794057161376,0.5746835443037974,0.5432372505543237,False,False
500,0.6,abs_regime,CALM_WEAK,7,24,-0.0025702674522196,0.0007507389666264165,0.8269493963854567,1.036763657045682,0.7142857142857143,0.5,False,False
500,0.6,abs_regime,STRESS_REVERSAL,1059,669,-0.003355271315897715,0.012326167653668271,0.8655708824609075,1.678334040241555,0.6118980169971672,0.476831091180867,False,False
500,0.6,abs_regime,VOLATILE_UPTREND,684,744,-0.0020572499963875637,0.00625123443468188,0.9181498210270379,1.2595577043071005,0.5350877192982456,0.6048387096774194,False,False
500,0.6,dd_regime,DEEP_LE_-10PCT,305,11,-0.009054282950208018,0.0437059966621299,0.692891269417021,9.612094434308606,0.6655737704918033,0.0909090909090909,False,False
500,0.6,dd_regime,MEDIUM_-5_TO_-10PCT,444,196,-0.010236084879117612,0.013060037604136017,0.6493387337695636,1.6287671117627063,0.6779279279279279,0.5,False,False
500,0.6,dd_regime,SHALLOW_GT_-5PCT,1301,1681,-0.0003195099368878454,0.007973931985747773,0.9857193209620189,1.3664204981188188,0.5403535741737125,0.5514574657941701,False,False
500,0.6,trend,ABOVE_MA200,1098,1768,-0.0015779202970216302,0.00746700930110386,0.9329917755979442,1.338991408330959,0.5528233151183971,0.5593891402714932,False,False
500,0.6,trend,BELOW_MA200,558,120,-0.012330153569531476,0.027025337978204347,0.591048308064128,2.838089499284399,0.7204301075268817,0.30833333333333335,False,False
500,0.6,trend_x_dd,ABOVE_MA200|MEDIUM_-5_TO_-10PCT,203,123,-0.012227079811551701,0.004834263895385609,0.6222001013797908,1.2041466833037078,0.625615763546798,0.5934959349593496,False,False
500,0.6,trend_x_dd,ABOVE_MA200|SHALLOW_GT_-5PCT,895,1645,0.0008374756599052991,0.0076638650366074226,1.0388644871575845,1.3498919297971752,0.5363128491620112,0.556838905775076,True,True
500,0.6,trend_x_dd,BELOW_MA200|DEEP_LE_-10PCT,305,11,-0.009054282950208018,0.0437059966621299,0.692891269417021,9.612094434308606,0.6655737704918033,0.0909090909090909,False,False
500,0.6,trend_x_dd,BELOW_MA200|MEDIUM_-5_TO_-10PCT,214,73,-0.0137164320883288,0.026919902894222372,0.529194180978633,2.696426480019518,0.780373831775701,0.34246575342465746,False,False
500,0.6,trend_x_dd,BELOW_MA200|SHALLOW_GT_-5PCT,39,36,-0.030342382694428596,0.0221422689673018,0.25914376008759327,2.4489903897446212,0.8205128205128205,0.3055555555555556,False,False
500,0.6,trend_x_vol,ABOVE_MA200|HIGH_GE_70PCT,284,426,-0.02240998959497212,0.016563492931642547,0.3343250933622388,2.002029892286824,0.7253521126760564,0.4295774647887324,False,False
500,0.6,trend_x_vol,ABOVE_MA200|LOW_LE_30PCT,395,814,-0.0010043965423937992,0.0016174580427973954,0.9524738788332984,1.0681481336346754,0.5518987341772152,0.5786240786240786,False,False
500,0.6,trend_x_vol,ABOVE_MA200|MID_30_TO_70PCT,419,528,0.012001473014529605,0.009145859107262887,1.6327501482240336,1.3837916748471932,0.43675417661097854,0.634469696969697,True,True
500,0.6,trend_x_vol,BELOW_MA200|HIGH_GE_70PCT,438,24,-0.016711989228689845,0.005725705063607399,0.47269986824182253,1.242131792173805,0.7465753424657534,0.5,False,False
500,0.6,trend_x_vol,BELOW_MA200|LOW_LE_30PCT,21,63,0.0297802767243381,0.0291787308619905,2.415098915160309,3.3458276831576863,0.5238095238095238,0.2698412698412698,True,True
500,0.6,trend_x_vol,BELOW_MA200|MID_30_TO_70PCT,99,33,-0.0018763658671061,0.03840495731977407,0.9257066658551537,4.06722922464564,0.6464646464646465,0.24242424242424243,False,False
500,0.6,vol_regime,HIGH_GE_70PCT,981,450,-0.010507889446743282,0.01598547757868071,0.6218473543978191,1.9453537872918982,0.6523955147808359,0.43333333333333335,False,False
500,0.6,vol_regime,LOW_LE_30PCT,461,877,-0.0033093372114958025,0.0035973442316333828,0.8588640068639947,1.1569316835373578,0.5704989154013015,0.556442417331813,False,False
500,0.6,vol_regime,MID_30_TO_70PCT,591,561,0.007710036745741107,0.010866982531528215,1.3730275006705803,1.4691116869145797,0.494077834179357,0.6114081996434938,True,True
500,0.8,abs_regime,CALM_UPTREND,395,451,-0.009368582429742362,0.005752016604479753,0.6308352377985572,1.2394998759340716,0.6177215189873417,0.565410199556541,False,False
500,0.8,abs_regime,CALM_WEAK,7,24,0.0048077707640047556,-0.010232130479419876,1.3236969102312397,0.5230146513830323,0.7142857142857143,0.5,False,False
500,0.8,abs_regime,STRESS_REVERSAL,1064,671,-0.0020781637042875485,0.015630075014605987,0.9220220715670073,1.7943510427627252,0.6334586466165414,0.5007451564828614,False,False
500,0.8,abs_regime,VOLATILE_UPTREND,686,747,-0.004684041025933431,0.007522714622643106,0.833475204542681,1.3030512368263178,0.5845481049562682,0.6157965194109772,False,False
500,0.8,dd_regime,DEEP_LE_-10PCT,308,11,-0.009164857100271526,0.0727577252825521,0.7048618851201905,15.336623090939618,0.685064935064935,0.0909090909090909,False,False
500,0.8,dd_regime,MEDIUM_-5_TO_-10PCT,444,197,-0.009326431553925808,0.018347058260243538,0.7047876830220734,1.856257601206543,0.7072072072072072,0.5177664974619289,False,False
500,0.8,dd_regime,SHALLOW_GT_-5PCT,1305,1685,-0.0019761102767848087,0.008333015465669604,0.9202267489108682,1.3617414624374051,0.5823754789272031,0.56973293768546,False,False
500,0.8,trend,ABOVE_MA200,1100,1773,-0.0032228215332330483,0.0075295980665903975,0.8791875690346977,1.3230252219173417,0.6027272727272728,0.5786802030456852,False,False
500,0.8,trend,BELOW_MA200,562,120,-0.012107410556684453,0.04254882619137132,0.6164113084389818,3.8938972268287975,0.7366548042704626,0.30833333333333335,False,False
500,0.8,trend_x_dd,ABOVE_MA200|MEDIUM_-5_TO_-10PCT,203,124,-0.013054285670941117,0.005192399351427923,0.6447413813054298,1.2102242410366244,0.6748768472906403,0.6209677419354839,False,False
500,0.8,trend_x_dd,ABOVE_MA200|SHALLOW_GT_-5PCT,897,1649,-0.0009978636514552171,0.007705348606723914,0.9590995653189966,1.3320537146009648,0.5863991081382386,0.5755003032140691,False,False
500,0.8,trend_x_dd,BELOW_MA200|DEEP_LE_-10PCT,308,11,-0.009164857100271526,0.0727577252825521,0.7048618851201905,15.336623090939618,0.685064935064935,0.0909090909090909,False,False
500,0.8,trend_x_dd,BELOW_MA200|MEDIUM_-5_TO_-10PCT,214,73,-0.0116609754666626,0.040691958324533144,0.6107784138887206,3.5643077501741023,0.794392523364486,0.34246575342465746,False,False
500,0.8,trend_x_dd,BELOW_MA200|SHALLOW_GT_-5PCT,40,36,-0.0371534999026817,0.0370836446434881,0.157069016652825,3.426754222183338,0.825,0.3055555555555556,False,False
500,0.8,trend_x_vol,ABOVE_MA200|HIGH_GE_70PCT,286,428,-0.026189741801305007,0.018003479034424816,0.30619041358183874,1.9767449209884218,0.7832167832167832,0.45794392523364486,False,False
500,0.8,trend_x_vol,ABOVE_MA200|LOW_LE_30PCT,395,814,-0.002861942362549095,0.0004577855939937333,0.875943310559605,1.0184228188175406,0.589873417721519,0.5945945945945946,False,False
500,0.8,trend_x_vol,ABOVE_MA200|MID_30_TO_70PCT,419,531,0.012113674706023269,0.009928156067457698,1.5379286581624059,1.3990176935937404,0.4916467780429594,0.6516007532956686,True,True
500,0.8,trend_x_vol,BELOW_MA200|HIGH_GE_70PCT,442,24,-0.01598523971340258,0.021047300565345,0.5122899116373331,1.8900599226982995,0.7601809954751131,0.5,False,False
500,0.8,trend_x_vol,BELOW_MA200|LOW_LE_30PCT,21,63,0.0436139861367748,0.0440746268292646,3.0724489916350306,4.543385085182567,0.5238095238095238,0.2698412698412698,True,True
500,0.8,trend_x_vol,BELOW_MA200|MID_30_TO_70PCT,99,33,-0.0066139645293435,0.05527340724704874,0.766958210617074,5.414435580340997,0.6767676767676768,0.24242424242424243,False,False
500,0.8,vol_regime,HIGH_GE_70PCT,988,452,-0.010626498009282385,0.018165097876774547,0.6411241947079092,1.9709273338899638,0.6781376518218624,0.46017699115044247,False,False
500,0.8,vol_regime,LOW_LE_30PCT,461,877,-0.004307395508839007,0.0035910364466984505,0.8284367253417777,1.149892992425005,0.6030368763557483,0.5712656784492588,False,False
500,0.8,vol_regime,MID_30_TO_70PCT,591,564,0.005868092122662601,0.012581335657752905,1.2427725881203702,1.5207878020826977,0.5482233502538071,0.6276595744680851,True,True
