rank_cap,year,lane,total_return,cagr,max_drawdown,sharpe,avg_exposure,trades,profit_factor,mean_trade
300,2021,baseline,0.12171634018008604,0.12323150367985658,-0.07111042492502762,1.0920225326453192,0.9126368388093828,1495,1.1080945790686214,0.0015371582461962557
300,2021,wide,0.12283901733814018,0.1243689155968073,-0.11878598596057488,0.877864943552631,0.8968808825070208,685,1.146596497978533,0.002696716424132182
300,2021,fresh,0.1694500945624846,0.17160338957027754,-0.08220186432431509,1.3984933850206127,0.897954366924108,808,1.1257156565313522,0.001938415493931893
300,2021,wide_fresh,0.24106543908490852,0.24421938681001798,-0.09991557366720516,1.3828531496924608,0.87206269055085,378,1.3071255557496748,0.0058406755415709045
300,2021,strict,0.07782375560495547,0.07877346414814079,-0.21147582030788692,0.48032918989185064,0.5127547120064632,54,1.0469429311999217,0.0010742016613555967
300,2022,baseline,-0.250923207194893,-0.2534622624889584,-0.31893390327680327,-1.364045155533446,0.8552602842103695,1818,0.5153889429450055,-0.00818706893086861
300,2022,wide,-0.27369986130072055,-0.2764243339482384,-0.3409238210951152,-1.3090524737390743,0.8683545795486816,998,0.5831186296827987,-0.00818928528044131
300,2022,fresh,-0.3520500087659848,-0.3553459591412266,-0.4036880966592964,-1.8189917106606333,0.8156364906524474,1380,0.45550939835489074,-0.009478686494509964
300,2022,wide_fresh,-0.38884402372508176,-0.3923704230768468,-0.43614641150891875,-1.7364245854290572,0.8003976808348541,740,0.4977633801607278,-0.010132036571011025
300,2022,strict,-0.40812958691096357,-0.4117664101785221,-0.459852447765039,-1.3987120259962884,0.7446523074418179,106,0.15484525879141733,-0.02225775797263011
300,2023,baseline,0.09041675606251331,0.0917921252553453,-0.13775216776217725,0.8079360316558393,0.9128470566538482,1893,1.0544009058934325,0.000788600692067146
300,2023,wide,0.11400600942809591,0.11575883214768101,-0.17656465315301972,0.7821623161341051,0.9181126900276202,801,1.060625775442453,0.0011505868509344552
300,2023,fresh,0.167439448035547,0.17007436500999007,-0.13575847558429033,1.173398094955304,0.8895016982637886,979,1.0597234676747165,0.0009199822995868797
300,2023,wide_fresh,0.21111426350168294,0.2144971561811766,-0.19723367491131116,1.1014863459279007,0.8807142469942636,405,1.0385154771094145,0.0007310776406621002
300,2023,strict,0.3979372788640374,0.4047736449953159,-0.18166153771763527,1.5024943724633233,0.6889261451579498,45,2.1525678075536376,0.025326615183611376
300,2024,baseline,0.016318798371919963,0.01637495556942481,-0.07166812318082416,0.20727120748412114,0.9005655914140283,1780,1.0068119817620391,9.699897915236757e-05
300,2024,wide,0.09609305800345469,0.09643639960300465,-0.14527634398958422,0.6252384559868148,0.9088703111130408,707,0.9327818550965272,-0.0013302492395163815
300,2024,fresh,0.10506903005052282,0.10544595760726394,-0.08985337111043745,0.8404901923860173,0.8939250053568869,1060,1.0421546217691686,0.0006408393789009688
300,2024,wide_fresh,0.1963393187682967,0.19707160520932376,-0.11091215012148614,1.1062581576555874,0.8991543562110094,428,0.9547832248321292,-0.0009103660855060072
300,2024,strict,0.05733740280075095,0.05753864771157269,-0.24834285517412524,0.3698443815480336,0.6992856324120239,92,1.0217583713302787,0.0004497784778884266
300,2025,baseline,0.04794408407706596,0.048247300728038844,-0.11381574070883449,0.47099135722719043,0.9073498529152443,1422,1.0828813815274083,0.0013038573024810533
300,2025,wide,0.1215379361256741,0.12233292399082552,-0.17716018833874536,0.710105746810516,0.9046403469335044,637,1.0879652122859402,0.0019282885812048945
300,2025,fresh,0.13766422482237584,0.1385710551171575,-0.11677550776391943,0.9113485712411968,0.8873335388138366,773,1.2648361280393339,0.004513475868260185
300,2025,wide_fresh,0.3414108062740835,0.34384703486171575,-0.15956249991773752,1.5425049895685918,0.8795605295537238,316,1.014595475016259,0.0003446181557182433
300,2025,strict,0.27268454241910667,0.2745817664419239,-0.4022804860892172,0.8058448692713037,0.6973552563628618,56,1.3126872492444308,0.010533284004555882
300,2026,baseline,-0.04929543787239965,-0.18926570320455927,-0.10955775236818344,-1.4121258452280685,0.8500237442189185,439,0.5354347588442794,-0.006887939603410492
300,2026,wide,-0.0819739343796414,-0.29881864081821474,-0.15153799274083157,-1.581159914079809,0.8439586531567441,192,0.4723847809876077,-0.01033332273972872
300,2026,fresh,-0.060115746502860445,-0.2268822457205153,-0.13183765040058926,-1.1121532470371318,0.8626831541357356,240,0.7068276314743323,-0.004987756760952517
300,2026,wide_fresh,-0.12190555957668947,-0.41699963459482325,-0.19247434739368308,-1.7755413306739558,0.8510369442919721,117,0.5507743568578974,-0.009791782549676232
300,2026,strict,0.025665346899227393,0.11091005708565005,-0.1337064417505034,0.473009683251382,0.7975494526758112,20,0.5912012634315505,-0.008434923773338692
500,2021,baseline,0.13539521212081662,0.13709081378972177,-0.062267943728587793,1.2649454489252532,0.9066397944111809,2614,1.1014679353051389,0.0014159490408732916
500,2021,wide,0.10129094722169829,0.10254038352054273,-0.12449465785610525,0.7340850266930463,0.8937230769032698,1098,1.1190270088598877,0.0022229637617508717
500,2021,fresh,0.08908406902798816,0.09017684570749607,-0.07867723259204829,0.8513869606913398,0.9027991546401292,1428,1.1208134725085135,0.0018234663014516836
500,2021,wide_fresh,0.16092234272247663,0.16295990361697887,-0.12214979905845424,1.0232839434417647,0.8803091827221923,637,1.2216376505983013,0.00425411181752618
500,2021,strict,0.3725525604961195,0.3776701086037779,-0.20092611856427067,1.491408280172869,0.5802012128771821,102,1.2766511538777507,0.0054501038505384404
500,2022,baseline,-0.20625564506009308,-0.2084074671004349,-0.2782427776496471,-1.1030250788437848,0.870245855314541,3171,0.5540499416113239,-0.0074231092230171505
500,2022,wide,-0.142092136006162,-0.14363592883743204,-0.21757189749631067,-0.6003923302145046,0.8691563294847361,1774,0.6355568324788397,-0.007054208119894394
500,2022,fresh,-0.25231288652764605,-0.2548634923706562,-0.3098392163188588,-1.3794455631557232,0.8556131454162976,2268,0.4779160830624316,-0.00911731138723604
500,2022,wide_fresh,-0.252166994497227,-0.2547163891715082,-0.31088341518632634,-1.195214250286575,0.8424883979779019,1223,0.5500886291920787,-0.009059629074886232
500,2022,strict,-0.06699337874117306,-0.06775339859729879,-0.30669798606971665,-0.06513090928533105,0.8520272242711313,134,0.5529563352000486,-0.01043980287465231
500,2023,baseline,0.10659721595956317,0.10823068642958011,-0.1290771513926986,0.9516637928167372,0.9189094568737731,3256,1.1047373049370461,0.0014913203512231736
500,2023,wide,0.13714491806007012,0.1392751710489184,-0.16297744944128267,0.9619907339436283,0.9262121648831692,1370,1.0940569237575073,0.001801692277132935
500,2023,fresh,0.2212734185939984,0.22483367337969207,-0.12339004591062475,1.5422032293942023,0.9072734032728064,1691,1.1500875478843815,0.0022854314680906497
500,2023,wide_fresh,0.33219454611038457,0.33777066312120474,-0.15593390851443367,1.6935706647109083,0.9158978868279506,725,1.1729146207249648,0.00339276707459905
500,2023,strict,0.5449407619803537,0.5547582156073607,-0.1509243374138518,1.91565703053569,0.7072412811916283,68,2.7549238440054045,0.02832949093492454
500,2024,baseline,0.09801054623662675,0.09836104153834602,-0.06551013970798136,0.7971771360253854,0.9072355380374135,3111,1.1571525109512484,0.0021270617802948972
500,2024,wide,0.47326663096598365,0.4752165442177825,-0.09070523135946762,1.174153513365526,0.9150238905824292,1190,1.2108157006600444,0.004004104872873207
500,2024,fresh,0.23841919734899597,0.23932347430456669,-0.06971882811860985,1.2508551049591008,0.8959569186228533,1906,1.2639362489716195,0.00374761754567449
500,2024,wide_fresh,0.7780570515318339,0.781553512702154,-0.09699115201820552,1.3195484889106834,0.9097030252359133,750,1.4717812683923452,0.008789038883422206
500,2024,strict,0.2766995364857161,0.27776453649397204,-0.19060428434767684,1.1737346020511854,0.7784470268768094,143,1.163462882527363,0.0033146843689424357
500,2025,baseline,0.1318553847349897,0.1327217634286162,-0.12885600317858303,1.0134347791093008,0.9074776666429324,2564,1.128212709738547,0.001946256003204856
500,2025,wide,0.10285231093979896,0.10351951161075967,-0.19469192827488713,0.7139823945275376,0.9064824861410059,1150,0.9836300206813979,-0.000343287861086475
500,2025,fresh,0.21109624580850572,0.2125300473173115,-0.13379108283203622,1.1401381149490684,0.887741027538222,1461,1.354999577456175,0.005873245984534821
500,2025,wide_fresh,0.17725855773548393,0.17844598251809884,-0.19047898174859157,0.8975187465024503,0.8938794929902835,622,1.1261856148678613,0.0029847065823396146
500,2025,strict,1.0293202116331517,1.0382117281194478,-0.13724268026739928,2.749042230318229,0.7956852338084206,77,2.045578862835793,0.019346478302168322
500,2026,baseline,-0.030485975444785818,-0.12058675224035464,-0.08878325995242875,-1.0888692125253554,0.8602155905162072,732,0.6306327264207998,-0.005374945727335101
500,2026,wide,-0.10547337717893013,-0.3703652421639816,-0.15122325273552328,-2.692748236089741,0.844634924356546,337,0.44794031006515594,-0.010821121713015528
500,2026,fresh,-0.02794379144239767,-0.11097642817844,-0.09880871525304158,-0.7503992037606796,0.8741506159228823,429,0.783312056528837,-0.0035045960354619337
500,2026,wide_fresh,-0.11729967219604609,-0.40420209066099866,-0.1659947275737953,-2.43840112059144,0.8554983015693562,217,0.5210764695601283,-0.010114264609464484
500,2026,strict,-0.13077107083159323,-0.4410442634832814,-0.20334246511328657,-1.582705127263807,0.8236085822623249,38,0.3355861447002392,-0.017662105328064344
