universe,stop,total_return,cagr,max_drawdown,sharpe,avg_exposure,trades,win_rate,mean_trade,profit_factor,avg_hold,small_pf,small_mean,large_pf,large_mean
top200,box_lower,0.2569442347327284,0.03208232237726705,-0.27874782838320067,0.28082784223364543,0.9014031692082609,7473,0.16606449886257194,0.0019273446339980707,1.1303819657433627,9.019670814933761,1.1479694368887503,0.0016951627339740337,1.1137272761458439,0.002318624947010192
top200,fixed_2pct,0.036195133215243036,0.004921854164333217,-0.3034586012117454,0.10919762466476449,0.9291137643165036,6656,0.19786658653846154,0.0018400590514266832,1.0983568132288832,11.5390625,1.088330400652755,0.0015403515879905483,1.1094649162072958,0.0022275210253418793
top200,fixed_3pct,0.10986138855866812,0.01449769752043406,-0.3437309472498985,0.17023822994829366,0.944097332923041,5263,0.26486794603838115,0.00264384034739822,1.10532455933322,15.71461143834315,1.0710443826170761,0.0016265711510497973,1.1456806079898454,0.0041248855609339555
top200,fixed_5pct,-0.06992585510214555,-0.009960191428106668,-0.3577198456682985,0.020226996094077694,0.9528916103031458,4073,0.37368033390621164,0.003076880637338859,1.0891625568733947,23.8900073655782,1.1073590701405547,0.0032773665163871265,1.0655985958865424,0.002723753644954182
top200,fixed_7pct,0.7306508658724904,0.07868302663841509,-0.2673657584013067,0.547701760758232,0.9569956956578186,3513,0.4605750071164247,0.006077437424229959,1.1501134190776943,30.596925704526047,1.238262708552225,0.008262946376107137,1.0326378003853274,0.0017008156513682237
top200,fixed_10pct,0.3705562578596313,0.044488832900530406,-0.3003805800945416,0.341217681663315,0.9618696646570708,3003,0.5434565434565435,0.010162017506292639,1.211469766344955,40.81718281718282,1.3694282478982354,0.01493312522493742,0.983713323738013,-0.001075407153934402
top300,box_lower,0.6901150059901147,0.07515846305281193,-0.2964504704719362,0.533429616004316,0.9064380917274822,11490,0.16440382941688425,0.0019065877130360843,1.1266092447919929,8.830200174064403,1.1026377495438295,0.0012145356716908836,1.1499592090114539,0.0030745772986046508
top300,fixed_2pct,0.28217611281047184,0.03491878231657175,-0.2845238505437234,0.3036922179361171,0.9301422665013558,10351,0.19418413679837696,0.0015416469794886825,1.081451102856886,11.128586609989373,1.0490101730476744,0.0008745232056244775,1.1191870419645145,0.0024273449243715846
top300,fixed_3pct,0.2945297513296301,0.03629002025691741,-0.28376359963289954,0.3099037541167389,0.9494129173409974,8163,0.26215852015190494,0.0023929942433841022,1.0941987151452528,15.274776430233983,1.0479652426764448,0.001126026679198874,1.15051715086166,0.004248688583318444
top300,fixed_5pct,0.2096630403823332,0.026632373721904967,-0.2922176915308726,0.24009951371033098,0.9564622731535317,6299,0.37386886807429753,0.0041329072133157755,1.118489422268982,23.21971741546277,1.0820127633156174,0.0025810795066758185,1.1681838236375917,0.006881547049185755
top300,fixed_7pct,0.7244523185572815,0.07814870685928343,-0.25883146227861864,0.554171975022756,0.9641467839766922,5505,0.46103542234332423,0.006755959317148393,1.1652347776385499,30.07920072661217,1.2086258700496932,0.007495580814469946,1.1030085651253596,0.005251029357603822
top300,fixed_10pct,0.6201893098120914,0.06890349327551637,-0.29583497007164994,0.4833931458993261,0.969177979935813,4825,0.5376165803108808,0.008075419146217186,1.1652565637266648,39.15564766839378,1.2765493503671432,0.011563240033710474,0.9944856109768221,-0.00036357483670420616
top500,box_lower,1.035847153626614,0.10314848417704026,-0.27122059358252093,0.7194307218323727,0.910067249205651,19917,0.16473364462519455,0.0026335739222903194,1.1789958905891849,8.655068534417834,1.1138988719411382,0.0013275222949186002,1.2438332680426507,0.004856572662896151
top500,fixed_2pct,0.6012185438033235,0.06716643185537596,-0.26732616295001654,0.5329680968613434,0.934259009327654,17827,0.19840691086554102,0.0032007941365456987,1.1706092437961462,11.158747966567566,1.0877409273203709,0.001546905260571077,1.266600022049159,0.00540302309891787
top500,fixed_3pct,0.7828153354737692,0.08311544921251168,-0.28616279372214426,0.6145198029531427,0.9527595460033856,14074,0.2662356117663777,0.003993216535332328,1.1590106688532325,15.256075031973852,1.0820441555498885,0.001902285201812269,1.252460922316226,0.007051500877746006
top500,fixed_5pct,0.6862655934185362,0.07481998307395332,-0.2919911368047473,0.5438044307242095,0.9606843869184494,10869,0.37629956757751404,0.00595310361369477,1.1724620244774013,22.894654522035147,1.1283273334086532,0.003986398575312559,1.2316787940708964,0.009399444172217155
top500,fixed_7pct,1.0048983369391769,0.10081743525969489,-0.25796846909015003,0.7061211177362954,0.9675770230540659,9562,0.4623509725998745,0.008066485845989874,1.1982388462421625,29.544760510353484,1.2081569431959365,0.007469439960944204,1.1837265165862059,0.009298646225861438
top500,fixed_10pct,0.7563730036174847,0.08088282030548832,-0.20660225425439427,0.6019872914239061,0.9726175787123478,8341,0.5447788035007792,0.010072843586887665,1.2106229756999214,38.43352116053231,1.2837817775499039,0.011711266926236138,1.0931733088617916,0.005981250543214915
