stop,year,return
box_lower,2019,0.22547201507395176
box_lower,2020,0.2810558714494775
box_lower,2021,0.1441886680497424
box_lower,2022,-0.1589937496553343
box_lower,2023,0.18165104217433603
box_lower,2024,0.05948456005691605
box_lower,2025,0.080245024928423
box_lower,2026,-0.008352532882984876
fixed_2pct,2019,0.16446338577581399
fixed_2pct,2020,0.07567872223008432
fixed_2pct,2021,0.14060875344584933
fixed_2pct,2022,-0.16980048574186324
fixed_2pct,2023,0.05046787175531464
fixed_2pct,2024,0.12191607937233373
fixed_2pct,2025,0.18964486900189126
fixed_2pct,2026,-0.0411841266658074
fixed_3pct,2019,0.17605083211807182
fixed_3pct,2020,0.02753361346001104
fixed_3pct,2021,0.15083701178236364
fixed_3pct,2022,-0.144797539037117
fixed_3pct,2023,0.09750002246651635
fixed_3pct,2024,0.15490806168486282
fixed_3pct,2025,0.211210042659137
fixed_3pct,2026,-0.026717959760537813
fixed_5pct,2019,0.17200705466870359
fixed_5pct,2020,0.1361463036577799
fixed_5pct,2021,0.15253186723060597
fixed_5pct,2022,-0.14696102406551548
fixed_5pct,2023,0.10712470500730786
fixed_5pct,2024,0.06560418373610011
fixed_5pct,2025,0.1257282745751902
fixed_5pct,2026,-0.03759007148289606
fixed_7pct,2019,0.20419461134220662
fixed_7pct,2020,0.17014388072465025
fixed_7pct,2021,0.21039380190986146
fixed_7pct,2022,-0.13769002079391257
fixed_7pct,2023,0.09570603954263102
fixed_7pct,2024,0.07847093111688963
fixed_7pct,2025,0.1868154007359839
fixed_7pct,2026,-0.028807077254766056
fixed_10pct,2019,0.18287307765491434
fixed_10pct,2020,0.20493220103324905
fixed_10pct,2021,0.12982268840636402
fixed_10pct,2022,-0.13733749164607167
fixed_10pct,2023,0.11412627162308375
fixed_10pct,2024,0.09157641842182662
fixed_10pct,2025,0.06916876321141507
fixed_10pct,2026,-0.030706711804300624
