rank_cap,bps,policy,total_return,cagr,max_drawdown,daily_sharpe,avg_exposure,completed_trades,profit_factor,mean_trade,blocked_new_entries,partial_new_entries,add_on_events,add_on_capital,mean_position_risk_after_add,max_position_risk_after_add,single_name_cap_hit_count,turnover_proxy,top5_abs_funded_pnl_share,top10_abs_funded_pnl_share,yearly_return,rolling_12m_min_return,rolling_12m_positive_share,rolling_12m_median_return
300,5,SKIP_OVERLAP,2.392927306724298,0.45817943665159766,-0.15440196200755996,0.9424966885024383,0.3372497828340313,211,2.1794443656189855,0.020062411114053817,42,47,0,0.0,,,0,317.70706561254957,0.40250277491081654,0.5074823125601589,"{'2023': 0.36983862627761255, '2024': 0.1495184091445414, '2025': 1.0731648675767822, '2026': -0.01977829055409497}",0.08015050411670521,1.0,0.2056044538105598
300,5,FULL_R250,3.987325679309861,0.6423340597248599,-0.15368653891571604,0.8258283409501124,0.35908446028825347,206,2.274836658618703,0.021329365415822723,57,53,51,12.207526742209543,0.01332557209109655,0.024985544081341307,4,374.32220681829216,0.4967221364497982,0.6011539731927236,"{'2023': 0.3754539471656324, '2024': 0.10969416886568673, '2025': 2.049760876067515, '2026': 0.00833150188538423}",0.056101571971318265,1.0,0.1852015360561997
300,5,EARLY_R150,2.734959339442409,0.5020660562417341,-0.15407522316750089,0.8636944726896969,0.35064085410317974,211,2.218966287071317,0.020429462165282925,45,51,43,7.872624596151614,0.01053562548610509,0.014990747789400351,5,329.8654393700222,0.4301193953258864,0.5335142602240602,"{'2023': 0.33936527666062144, '2024': 0.11842543596454669, '2025': 1.3809307059333578, '2026': -0.012352446203929501}",0.04160370071902797,1.0,0.18161353828480054
300,5,EARLY_R250,3.9744577495069233,0.641024616431018,-0.15368653891571615,0.8249252925102344,0.35596942893168504,207,2.2602563415416403,0.02111954342861855,55,53,45,11.140792340478898,0.01336696163353006,0.024985544081341307,3,369.3298828614564,0.4954510737011756,0.5986066760965875,"{'2023': 0.3384425278402392, '2024': 0.13743777611484465, '2025': 2.0497608760675137, '2026': 0.008331501885384007}",0.0761701862211761,1.0,0.2005541117757701
300,10,SKIP_OVERLAP,2.032926244870032,0.4085468018190521,-0.15574673671347572,0.8829520048428581,0.3354289648453805,213,2.080116520388032,0.01905666856618282,40,47,0,0.0,,,0,296.92518046996526,0.39132665989843585,0.4941716589308824,"{'2023': 0.33194653898577453, '2024': 0.11513854662389034, '2025': 0.9923458095965751, '2026': -0.0320678994368605}",0.047652627881512366,1.0,0.16983613594124658
300,10,FULL_R250,3.5235483477514,0.5935818180337651,-0.15502331053027096,0.789942259192875,0.3575884575971265,208,2.1531322731129587,0.020176480579853998,51,53,51,11.814733429191449,0.013529170031109242,0.02496249470274586,1,350.71174962026225,0.4874744094706426,0.5897423448558686,"{'2023': 0.33697510997396307, '2024': 0.07720175659582718, '2025': 1.9676320161544094, '2026': -0.003912554629059484}",0.028392212487393875,1.0,0.15155885670130242
300,10,EARLY_R150,2.3459396707106155,0.45191464443605933,-0.15537736268229496,0.8147232731959196,0.3487677043249436,212,2.1261195497989536,0.019592259936410016,44,50,43,7.521965494803673,0.010674546945075645,0.014992888902692897,2,308.81940434134856,0.4177177564212027,0.5198809929867592,"{'2023': 0.3027722302689635, '2024': 0.08691401439058777, '2025': 1.2878721725889664, '2026': -0.025160716570553965}",0.013150192951814965,1.0,0.14592314707124576
300,10,EARLY_R250,3.523212723721218,0.5935453127375183,-0.15502331053027119,0.7899964603205176,0.3544901554316067,209,2.1392444845606535,0.019967507236262942,49,53,45,10.827354102378203,0.013580312283563337,0.02496249470274586,1,346.7578129281781,0.4864596108316735,0.5874243561538469,"{'2023': 0.303407453769724, '2024': 0.10486178208254127, '2025': 1.9676320161544059, '2026': -0.003912554629059928}",0.04340746438854537,1.0,0.16616417328709765
300,20,SKIP_OVERLAP,1.422888241233573,0.3141958428197493,-0.1581084297880373,0.7555364617138054,0.33026670266168995,217,1.8636014347005894,0.016574628826243998,35,41,0,0.0,,,0,259.65321852853043,0.3683029135308276,0.46726769813032176,"{'2023': 0.2573422609633087, '2024': 0.048687033852844896, '2025': 0.8410688821148706, '2026': -0.055073231758486885}",-0.019406991399109508,0.9466192170818505,0.09846566323111194
300,20,FULL_R250,2.6598104779758556,0.4926695518734099,-0.1582382472679258,0.7117480509435,0.35553962558021335,210,1.9596384925998074,0.01815207471907002,47,47,56,11.65717199716801,0.013923133111577503,0.02489538646760244,1,304.0095603527643,0.4642258179975598,0.5619420211292835,"{'2023': 0.2617256767958538, '2024': -0.003173833542294169, '2025': 1.814189189767839, '2026': -0.026883323877744503}",-0.043434661240172034,0.9412811387900356,0.07723188734040409
300,20,EARLY_R150,1.6848379617191425,0.3565171371807654,-0.15783979248618463,0.7122836286585117,0.3441932337946005,216,1.9069179496092805,0.017147731671502853,39,47,45,7.034946260806555,0.010962362852213617,0.01499248263476124,2,270.97293494375566,0.3910626415877267,0.4908657870434372,"{'2023': 0.2267081795302781, '2024': 0.02776755207842818, '2025': 1.1164952151388392, '2026': -0.04921819485114742}",-0.04165318381271799,0.9145907473309609,0.08017649793848958
300,20,EARLY_R250,2.6746635507776326,0.4945372630827729,-0.158238247267926,0.7133839637334974,0.35228264454867414,213,1.9184319210844722,0.017494920997934805,43,49,49,10.784137717640789,0.014212867172999022,0.024895386467602438,1,301.60736866675074,0.46328228346101996,0.5590791740258663,"{'2023': 0.23351459434677624, '2024': 0.023762138338364158, '2025': 1.8141891897678386, '2026': -0.026883323877744836}",-0.02106835860775158,0.9483985765124555,0.09258064516060682
500,5,SKIP_OVERLAP,3.733645180772836,0.616075620722754,-0.1683141183251119,1.1412758282549085,0.44717409082995024,291,2.1971805921547607,0.018472188892589128,128,101,0,0.0,,,0,514.4916231519552,0.35128255502664335,0.4450895241309184,"{'2023': 0.5522335814655426, '2024': 0.2866083980008416, '2025': 1.4260348192021493, '2026': -0.07654023901287921}",0.15111899082287583,1.0,0.33466284522070433
500,5,FULL_R250,5.807580578805175,0.8079248030319457,-0.17207486942597772,0.9430415919244114,0.4702156106339503,273,2.2817991466287753,0.019875039737009777,158,95,64,17.1126956649183,0.013196975849094501,0.02499829376557991,6,602.5344017656739,0.4491857900231994,0.5473145830646191,"{'2023': 0.6354526032155738, '2024': 0.21918757991450466, '2025': 2.3410525687376644, '2026': -0.036172903138639745}",0.11999889758461246,1.0,0.2844202739844852
500,5,EARLY_R150,4.551717419922518,0.6976041920301286,-0.16813134015981546,1.0591205802105592,0.4616169221249631,285,2.258607951724041,0.01927033885616253,138,105,50,12.718587104510833,0.009969048126443614,0.014986901262592544,6,560.8281916133236,0.38881490318860823,0.4845677512417901,"{'2023': 0.6142599064351251, '2024': 0.272965545850985, '2025': 1.6883448920111364, '2026': -0.050106272353401815}",0.16086541299861046,1.0,0.31368059576915486
500,5,EARLY_R250,6.0701486806055875,0.829172995115621,-0.17207486942597794,0.9570845524754544,0.46719474488529766,274,2.294517279387716,0.020031911209834077,157,97,53,15.767350276713316,0.012645498272833417,0.024985540121071414,6,617.610905252994,0.4499845284566638,0.5477058384479913,"{'2023': 0.6208960419132319, '2024': 0.2775828893027634, '2025': 2.3410525687376573, '2026': -0.03617290313863941}",0.13325909292613947,1.0,0.3217624391178182
500,10,SKIP_OVERLAP,3.130194955965524,0.54944566733096,-0.17957064793698008,1.0714911730676266,0.44498424637745687,293,2.0798303185483746,0.0174286656118086,125,100,0,0.0,,,0,467.8644484145671,0.3381078334776692,0.4276891219505728,"{'2023': 0.4970471987918761, '2024': 0.23514154213112937, '2025': 1.3268808858809753, '2026': -0.0914272674390817}",0.11004657766197812,1.0,0.28443232229737103
500,10,FULL_R250,4.98983449777356,0.7378851667125303,-0.1767262844815769,0.8960940276678719,0.4686578621273236,277,2.1674924726522153,0.018734444251032323,152,94,65,20.400733667735132,0.013010631553596361,0.024962486576377507,4,554.3321561447622,0.43775763047337346,0.5336564314752502,"{'2023': 0.5769631039244565, '2024': 0.17324234968967178, '2025': 2.224485970271794, '2026': -0.05302979741337288}",0.0774944301712186,1.0,0.23733767886062074
500,10,EARLY_R150,3.8149215476032525,0.6245922288788643,-0.17688318790279234,0.9968369836361086,0.4596000201827348,287,2.1515594695108238,0.018325344583840376,134,105,52,15.192848296130864,0.010117287238681614,0.014992888902692895,5,513.0913672833676,0.3744235742512425,0.4676044842372681,"{'2023': 0.5535232771089436, '2024': 0.22308230150702135, '2025': 1.5699857438440015, '2026': -0.0672905867789173}",0.11883318255338349,1.0,0.2654188878247258
500,10,EARLY_R250,5.247386705387408,0.7606214647207565,-0.1767262844815769,0.9117251057232043,0.46549729641996823,278,2.1793610874103164,0.018887132481191282,151,96,55,19.34120647182682,0.012642341814905303,0.024962486576377504,4,570.1143056445687,0.43858464691074084,0.534022227543386,"{'2023': 0.5680737480007383, '2024': 0.23062673416877488, '2025': 2.2244859702717954, '2026': -0.05302979741337355}",0.09113507530657206,1.0,0.2769731418782009
500,20,SKIP_OVERLAP,2.1262282986255125,0.4217851590543542,-0.20037497942001836,0.918367702897712,0.43968843183985995,300,1.8263471038599157,0.014677777889882568,114,102,0,0.0,,,0,395.83126687451914,0.31337271770491754,0.39806109635963355,"{'2023': 0.3963542878723598, '2024': 0.13601170747697888, '2025': 1.1226556350929071, '2026': -0.11906074354366714}",0.03358441758460984,1.0,0.18771061204450012
500,20,FULL_R250,3.655002261515146,0.6077381888520414,-0.18447362433279946,0.8033556848788366,0.464746910920117,284,1.9158328921091223,0.016063298919467006,142,95,68,18.335923135990974,0.013091174939318793,0.024895369105662007,0,471.6802120874603,0.41476321944006683,0.5061046813946812,"{'2023': 0.46692576512136696, '2024': 0.08784317773527173, '2025': 2.0003767728559065, '2026': -0.0830479652192152}",-0.005771682903151554,0.994661921708185,0.15087512816472493
500,20,EARLY_R150,2.6575542682288016,0.4923853848551847,-0.19848297542417903,0.8718891201804904,0.4547022384564328,295,1.901802111808048,0.015631146853001585,123,106,55,12.66210697086495,0.010320732469670869,0.014992482634761238,1,434.7911547741858,0.3467487968602371,0.4360156801202693,"{'2023': 0.4489019759447821, '2024': 0.12921888674454918, '2025': 1.3498558870066333, '2026': -0.09906501711652949}",0.04115946795333292,1.0,0.17603334920794445
500,20,EARLY_R250,3.8722242878527986,0.6305371891632907,-0.1844736243327999,0.8203080153383069,0.4611768186321953,289,1.8879405452715063,0.01563490429605885,135,100,57,17.28472352222189,0.012891662542162103,0.024895369105662,0,486.37397482039916,0.41597235022030976,0.5067298220474777,"{'2023': 0.46486929795848964, '2024': 0.1402049665168028, '2025': 2.0003767728559025, '2026': -0.08304796521921565}",0.012796412955456082,1.0,0.19217613023924407
