rank_cap,target_fraction,small_risk,large_risk,candidate_n,total_return,cagr,max_drawdown,daily_sharpe,avg_exposure,completed_trades,profit_factor,mean_trade,win_rate,avg_initial_weight,median_initial_weight,avg_planned_account_risk,cap_hit_fraction,large_entries,small_entries
300,0.6,0.005,0.005,398,0.6514121428758888,0.16751176632451248,-0.14659151812206117,0.7941348244278433,0.21702600347185405,239,2.114386757069497,0.018898194962289283,0.2594142259414226,0.27660473799201996,0.23780844609216026,0.004300489173162001,0.23577235772357724,82,161
300,0.6,0.0075,0.0075,398,1.1087319030486174,0.25903905190149024,-0.1614465846095533,0.8565811210833414,0.2841336160690017,234,2.1197028321943376,0.019194174397983193,0.2606837606837607,0.33203727027213037,0.33210383538284577,0.005739558763143478,0.3562753036437247,82,156
300,0.6,0.01,0.01,398,1.653251682748702,0.351569744922978,-0.15725683555200842,0.894971114201431,0.32634393355635843,230,2.124941708467787,0.019441828487020155,0.2608695652173913,0.3674986889492735,0.3968149709510057,0.006757363842549998,0.5338645418326693,82,152
300,0.6,0.0025,0.0075,398,0.8497889955767444,0.2091272275328553,-0.09549253272282143,0.7567745284275748,0.18957787420441527,239,2.102221965457064,0.018800062999223707,0.2594142259414226,0.2279409663125117,0.1837922034923873,0.003822949819013765,0.12244897959183673,82,161
300,0.6,0.0025,0.01,398,1.0705079877098185,0.25194833870083855,-0.12460474228340324,0.7194701247849571,0.21228203830754522,238,2.105237133924087,0.018903586227445573,0.2605042016806723,0.24271964715522548,0.2050318084141431,0.004400016899262865,0.14634146341463414,82,160
300,0.6,0.0025,0.0125,398,1.2162582657982304,0.27852060717081883,-0.14920082304179716,0.6752990503389916,0.2301268762807932,238,2.105237133924088,0.018903586227445587,0.2605042016806723,0.2509796392992698,0.2181584789539386,0.004836077911094434,0.16666666666666666,82,160
300,0.6,0.005,0.01,398,1.210652083800904,0.27752122592588635,-0.1345836323191334,0.7634887497626278,0.2671795486332735,236,2.1257511300290344,0.01923023907698265,0.2627118644067797,0.30635018589695123,0.27451219001542027,0.0054756847666116775,0.27125506072874495,82,158
300,0.6,0.005,0.0125,398,1.4103343640266104,0.3120897356193324,-0.1385650094262424,0.7265702842165277,0.2842774548959354,236,2.125751130029034,0.01923023907698265,0.2627118644067797,0.3130121687342261,0.28127316027800753,0.005886698715528477,0.291497975708502,82,158
300,0.6,0.005,0.015,398,1.6051154486213153,0.34395121011727237,-0.14277577367000827,0.7051184706152724,0.2954312767740086,235,2.131845985257201,0.01936111479823079,0.26382978723404255,0.32194497119723187,0.29376447537490685,0.0062338697346782275,0.336,82,157
300,0.6,0.0075,0.0125,398,1.6753484511987145,0.3550350325805345,-0.15698426745241423,0.7904412295143189,0.31888187461658446,232,2.128918500064803,0.01943448633561198,0.2629310344827586,0.35352885681696655,0.35149349391052653,0.006691395811808084,0.40239043824701193,82,154
300,0.6,0.0075,0.015,398,1.9213012216476582,0.39233343245001806,-0.16013573323086328,0.7663019930964412,0.32849179721067373,232,2.1289185000648025,0.019434486335611983,0.2629310344827586,0.3591386739520618,0.3563758583455899,0.00699665328209385,0.44621513944223107,82,154
300,1.0,0.005,0.005,398,0.6000289481209298,0.15617336655012837,-0.1967671520512374,0.7199067531314717,0.3355767970555284,238,1.9950306832782734,0.018115184870128913,0.21008403361344538,0.2704861221968943,0.2385322839723146,0.0042286657144079915,0.23387096774193547,82,160
300,1.0,0.0075,0.0075,398,1.161306901561228,0.2686482514417592,-0.23056535912506493,0.8594157638254539,0.430561090694632,229,2.0018928201692354,0.018368780177061658,0.2096069868995633,0.31741727271061043,0.3209431447372983,0.005487967317324146,0.3492063492063492,82,151
300,1.0,0.01,0.01,398,1.632053210944794,0.3482265309662207,-0.2331128330265606,0.9484143178221833,0.4835046731955841,224,2.0368684056267288,0.019100643904251334,0.21428571428571427,0.33779813508772705,0.3519919931847414,0.006229286978671619,0.5267175572519084,81,147
300,1.0,0.0025,0.0075,398,0.6451658850912683,0.16614658338762345,-0.14688682723237245,0.6268181186259055,0.2717469663754898,239,1.9733503192803366,0.01776797058454277,0.20920502092050208,0.225211544427391,0.18366644265660514,0.003785205360868225,0.12195121951219512,82,161
300,1.0,0.0025,0.01,398,0.7366606499737216,0.18579665819164326,-0.1517458198317777,0.5774536356179194,0.29856656487738265,238,1.981747670969541,0.017920301337826933,0.21008403361344538,0.23627653291130724,0.19968789086638,0.004288992733294756,0.14634146341463414,82,160
300,1.0,0.0025,0.0125,398,0.8347087997645961,0.20607525246287262,-0.1743972127689526,0.5762666368044658,0.31813464858486473,237,1.9849387208668194,0.01802538309334352,0.2109704641350211,0.24186329062802867,0.2063150257727316,0.0046612401770220295,0.16666666666666666,82,159
300,1.0,0.005,0.01,398,0.9106990760105818,0.22128223782305367,-0.2095988950612664,0.663808428172937,0.3940236930023553,233,1.9892914393105634,0.018195380554333937,0.21030042918454936,0.29396257468444004,0.26472965988543623,0.005275986374572353,0.27380952380952384,82,155
300,1.0,0.005,0.0125,398,0.9920430559682663,0.23710415734161172,-0.20667660035075952,0.6541815977177284,0.40938710944972045,232,1.9925387424937766,0.018303912689135383,0.21120689655172414,0.2956628877228076,0.26928845562846826,0.005567666903873504,0.29365079365079366,82,154
300,1.0,0.005,0.015,398,1.092059216476764,0.25595720920452014,-0.21004336160585568,0.6594999798942675,0.4187023754669986,231,1.997920891272916,0.018433044585695845,0.21212121212121213,0.2998173531966651,0.2758288089162918,0.005791380132775931,0.33725490196078434,82,153
300,1.0,0.0075,0.0125,398,1.3851039249858585,0.30783389533716843,-0.22015806563637497,0.7928002515062538,0.46142669116887786,226,2.00439997723322,0.01863585071294449,0.21238938053097345,0.3279076910668212,0.3321038353828458,0.0062037199585263285,0.40077821011673154,82,148
300,1.0,0.0075,0.015,398,1.5425286768517457,0.33389866143455516,-0.2187110416205198,0.8009388880186118,0.46738131031314933,226,2.004399977233221,0.018635850712944504,0.21238938053097345,0.3288389990361851,0.3275373236890824,0.0063600695663678175,0.44357976653696496,82,148
500,0.6,0.005,0.005,614,0.9952646210659002,0.2377215030317974,-0.1650085519498501,1.020465413443064,0.3170203521190337,360,2.0811489182276004,0.016766178835871014,0.25833333333333336,0.25767973927792187,0.23171380923253648,0.004055593994438595,0.24468085106382978,123,243
500,0.6,0.0075,0.0075,614,1.5222192676922517,0.3305998795036087,-0.1815057837176245,1.0072229994894504,0.39660314914436817,352,2.0563885090741305,0.01654176258938749,0.2528409090909091,0.2942246139612805,0.2889533568069086,0.005124014456688839,0.37105263157894736,123,235
500,0.6,0.01,0.01,614,2.084721961214341,0.41593014967461905,-0.18068445839810165,1.0426826265559874,0.4374992195651587,343,2.009406747740344,0.0160011994984942,0.2478134110787172,0.3182135778987727,0.31245316796237377,0.005897398625205785,0.533678756476684,120,229
500,0.6,0.0025,0.0075,614,1.364033452237647,0.3042558422462578,-0.10553405760718504,0.9935916670214698,0.28820252978545596,367,2.042290285920887,0.016240518950091987,0.2561307901907357,0.21481485950175355,0.1683516960753329,0.0036367835101321854,0.125,124,249
500,0.6,0.0025,0.01,614,1.5124898247673855,0.32901305433446515,-0.11804273413274113,0.9175019678967113,0.3162078063673253,365,1.9975195700291073,0.015628087600704697,0.25205479452054796,0.22395296392033018,0.19287903976979195,0.004049565962544596,0.14893617021276595,122,249
500,0.6,0.0025,0.0125,614,1.5275128506642979,0.3314614605750197,-0.1419946453349884,0.8941836301385306,0.33386329790170016,363,1.9681117162010264,0.015201920873344387,0.25068870523415976,0.2283628810299937,0.1991587459679257,0.0043582108037131155,0.1741424802110818,121,248
500,0.6,0.005,0.01,614,1.7580590304949255,0.3678330382668924,-0.1502438561757854,0.9691454742958227,0.37965781812243454,353,2.0153917476668837,0.015970033039375803,0.2521246458923513,0.27490453297993295,0.24650978917973376,0.0049400173029468895,0.2857142857142857,121,238
500,0.6,0.005,0.0125,614,1.8352771491517128,0.37954387869039863,-0.14798047761391875,0.961293722932144,0.39603305711060915,351,1.9865197930368739,0.015579107651270805,0.25071225071225073,0.2776198799419418,0.25223321976548535,0.00521073019283052,0.3105263157894737,119,238
500,0.6,0.005,0.015,614,1.880799296503234,0.3863447454855504,-0.16336955938832476,0.9708412639290552,0.4077206038925926,350,1.9924164161078306,0.015670489835264593,0.25142857142857145,0.2803837562818727,0.2624359383013498,0.005426545524224583,0.3464566929133858,119,237
500,0.6,0.0075,0.0125,614,2.0635605014798424,0.41292406996759756,-0.16333391727844515,1.0115558585023836,0.43032224666546726,346,1.9955229458072137,0.01567897352671412,0.24855491329479767,0.3048113050250874,0.30337059318530546,0.005767613996550868,0.4170984455958549,119,233
500,0.6,0.0075,0.015,614,2.12783242253833,0.42201036028309047,-0.1737275770927741,1.024763331352464,0.44212645819762114,346,1.9978268506134147,0.015725395370053147,0.24855491329479767,0.30646514856657564,0.30930246699143027,0.005984336785428144,0.4496124031007752,119,233
500,1.0,0.005,0.005,614,0.9305148115809625,0.22517878605593444,-0.23578281040073756,0.9324304196102917,0.45782811839994203,351,1.9240584116151052,0.015617784708025752,0.2022792022792023,0.24802138912763727,0.22610560039893435,0.00392522849853166,0.23958333333333334,120,237
500,1.0,0.0075,0.0075,614,1.7961156521176282,0.37363261391568536,-0.26731245975073104,1.074097797209429,0.5529253254446376,340,2.008042385885365,0.016889417666951474,0.2088235294117647,0.27197416477013703,0.26721179748216406,0.004696132251971591,0.3641025641025641,119,227
500,1.0,0.01,0.01,614,2.269727776421809,0.4416228253331558,-0.27079067399165235,1.0684214573611865,0.5867054734693812,327,1.9581653216256794,0.016089677939484744,0.20489296636085627,0.2871764366760346,0.2671395749588366,0.005208906855624472,0.51338199513382,113,220
500,1.0,0.0025,0.0075,614,1.0161138451564837,0.24170025408308948,-0.17988620013333545,0.8167107537716106,0.40009477790460307,363,1.9086283705152287,0.015356535030721558,0.20385674931129477,0.20682383141507557,0.15539864171492565,0.0034896995929883097,0.125,123,246
500,1.0,0.0025,0.01,614,1.0996635262391057,0.2573649166197751,-0.1850046885177956,0.7563036153882887,0.4253826960667777,360,1.8586068066697377,0.014588235757697172,0.2,0.21300628908571448,0.1782553512784606,0.0038022849657071336,0.14893617021276595,121,245
500,1.0,0.0025,0.0125,614,1.1968257986061102,0.2750489842876358,-0.1855113463362229,0.7705950892619915,0.4507955120727193,356,1.8438533294419588,0.01433183802994409,0.199438202247191,0.21833184781256135,0.1774692086836438,0.004129944033604823,0.171875,120,242
500,1.0,0.005,0.01,614,1.501181281225556,0.32716333866995484,-0.24762451863891877,0.8742538417754747,0.5199829693182079,344,1.8677275737809034,0.014759180222625071,0.2005813953488372,0.25913183934601614,0.23669118269527983,0.0046127643387187355,0.27989821882951654,118,232
500,1.0,0.005,0.0125,614,1.6536696176428567,0.3516354715832404,-0.2424469325379527,0.8945697271105124,0.5389913555863055,342,1.8683325046361765,0.014783895800404961,0.19883040935672514,0.26191096561578175,0.24208287894771244,0.0048351307450465305,0.3047858942065491,117,231
500,1.0,0.005,0.015,614,1.6733152790868888,0.35471701217793017,-0.23804874525342534,0.8977048380618547,0.5478535330698344,339,1.8875088322279396,0.015089230858701522,0.20058997050147492,0.2661699317681476,0.25336720583305505,0.005046614928204342,0.34663341645885287,116,229
500,1.0,0.0075,0.0125,614,2.269001526263871,0.4415239572308347,-0.2523646093813795,1.0421118703412877,0.5801184308222803,333,1.939799330812639,0.01582767787274518,0.2042042042042042,0.28040277782357587,0.2691279159792404,0.005186012050863827,0.4094292803970223,115,224
500,1.0,0.0075,0.015,614,2.3508667496130644,0.4525744077283256,-0.24572009620705992,1.058023125190996,0.587521622058949,333,1.939799330812639,0.01582767787274518,0.2042042042042042,0.2796155178352489,0.27365145373217886,0.005306907769186292,0.4491315136476427,115,224
