year,rank_cap,target_fraction,feature,quintile_lane,total_return,max_drawdown,sharpe,avg_exposure,completed_trades,profit_factor,mean_trade,period
2019,300,0.6,ALL,ALL,0.1490017230463298,-0.0609820249771355,1.4084559605722349,0.6073291936512016,221,1.9027957751982685,0.0140337327962955,discovery
2019,300,0.6,pct_up_1d,Q1,0.0122861835822349,-0.0292901030213028,0.2768138385313659,0.1704590301265699,44,1.1639240926669705,0.0028971433771174,discovery
2019,300,0.6,pct_up_1d,Q5,0.0976212951855146,-0.025482294553619,1.6138622526017754,0.1908608549470765,60,2.8349509266904467,0.0211381652462703,discovery
2019,300,0.6,new_low_relief_1d,Q1,0.0214701705218178,-0.0179386682124924,0.5314409015177096,0.1580269482887958,46,1.2797552535625796,0.0047643341097314,discovery
2019,300,0.6,new_low_relief_1d,Q5,0.0162616622303806,-0.0458588616681232,0.3615189314517105,0.1334711294797665,53,2.0302457884194016,0.0147396746802329,discovery
2019,300,0.6,new_low_relief_3d,Q1,0.0041349346656132,-0.0345116921858348,0.1010642448796787,0.2013936112398102,54,1.103583796854886,0.0022844663407253,discovery
2019,300,0.6,new_low_relief_3d,Q5,0.0048354666948235,-0.0330665861377313,0.1369226307848881,0.0914957436058102,39,1.6663333620065122,0.0097065465300403,discovery
2019,300,0.6,ma50_recovery_3d,Q1,-0.0165794350666916,-0.0488862405687666,-0.2905027320956515,0.190131010826808,60,0.9098191106854212,-0.0018049084016268,discovery
2019,300,0.6,ma50_recovery_3d,Q5,0.0396020749196324,-0.0316610768053079,0.6804006166453449,0.1973336149286213,54,1.7520863260105075,0.0112709470722672,discovery
2019,300,0.6,ret20_recovery_3d,Q1,-0.0419926248087241,-0.0662024087972126,-0.7338929737409929,0.1960571624606735,52,0.6635163376879814,-0.0081088233369668,discovery
2019,300,0.6,ret20_recovery_3d,Q5,0.0839763905623365,-0.0214204996065568,1.5120602977040705,0.1718012142546938,48,2.80727360246774,0.0225740817747706,discovery
2019,300,0.6,median_ret20_recovery_3d,Q1,-0.0548885988945022,-0.0759235134814935,-1.0520568703489663,0.1783334450111046,47,0.5610846713637604,-0.0118676910916021,discovery
2019,300,0.6,median_ret20_recovery_3d,Q5,0.0753607187790319,-0.0209656864826034,1.561230802848282,0.1046673834125878,29,4.028013426629706,0.0324933284666755,discovery
2019,300,0.8,ALL,ALL,0.1368335124445978,-0.0645586598547446,1.323635809020225,0.6642218663592484,201,1.880208252476269,0.0154267520602449,discovery
2019,300,0.8,pct_up_1d,Q1,-0.0123225508051358,-0.0443056295892079,-0.2072781081366757,0.207129882026376,44,0.8573713950300663,-0.0026884558864862,discovery
2019,300,0.8,pct_up_1d,Q5,0.1090306944805876,-0.0293963848831757,1.5684878448384738,0.2373048351145486,60,3.3491342584603294,0.0273836441229199,discovery
2019,300,0.8,new_low_relief_1d,Q1,0.0097322505635899,-0.0248493130512111,0.235320511607399,0.1930326900573659,47,1.1256872196961445,0.0022222420581574,discovery
2019,300,0.8,new_low_relief_1d,Q5,0.022434513778615,-0.0454823850337647,0.4306125962429576,0.167261848990892,38,1.3327596141501568,0.0061074067422813,discovery
2019,300,0.8,new_low_relief_3d,Q1,0.0033378901988847,-0.0440949329068403,0.0859401336222983,0.2336454268903223,53,1.1106142782618535,0.0024855267147152,discovery
2019,300,0.8,new_low_relief_3d,Q5,0.02395949520854,-0.0307151712524472,0.4946300087907299,0.1133659367262218,39,2.2018549460541808,0.0175075444535823,discovery
2019,300,0.8,ma50_recovery_3d,Q1,-0.0408079593283251,-0.05850266225485,-0.727417125103933,0.2118728752419875,59,0.8165116343540705,-0.0039810264418199,discovery
2019,300,0.8,ma50_recovery_3d,Q5,0.0406703261599865,-0.0346176891477271,0.684147144718793,0.2197608760863954,54,1.7085034964433223,0.0106244868133934,discovery
2019,300,0.8,ret20_recovery_3d,Q1,-0.052944945311415,-0.0788109203373436,-0.9347667889879224,0.2202807890376659,52,0.5827573738406749,-0.010432842034446,discovery
2019,300,0.8,ret20_recovery_3d,Q5,0.080639583579162,-0.0248245327838702,1.3935775563717565,0.2091786092929482,47,2.775458681790104,0.0218680551521843,discovery
2019,300,0.8,median_ret20_recovery_3d,Q1,-0.0724849599324487,-0.0931282403152157,-1.3937519670767948,0.2017725990093328,47,0.4372648089395684,-0.0157794090195028,discovery
2019,300,0.8,median_ret20_recovery_3d,Q5,0.071849470477042,-0.0209656864826034,1.4235666419941622,0.136776819325248,29,3.7862411641704528,0.0298988929634737,discovery
2019,500,0.6,ALL,ALL,0.1196176818236265,-0.0830240426300666,1.0238168912466157,0.730671477939417,328,1.3910411683091894,0.0070857723615066,discovery
2019,500,0.6,pct_up_1d,Q1,0.0105484017865813,-0.0499260851275423,0.2106060762410155,0.2513171594312789,69,1.090464225268465,0.0016662580906659,discovery
2019,500,0.6,pct_up_1d,Q5,0.0523498040342576,-0.0361544902671665,0.9145954030256088,0.1957237273466956,90,1.971488241320416,0.013401381139234,discovery
2019,500,0.6,new_low_relief_1d,Q1,0.033893134947615,-0.0551351321093582,0.5145440282749203,0.2913869066424673,82,1.229876661520591,0.0042966647786107,discovery
2019,500,0.6,new_low_relief_1d,Q5,0.0291194911451393,-0.0455454041402524,0.510941019623205,0.1691526737800153,83,1.9175933582126563,0.0124622120510877,discovery
2019,500,0.6,new_low_relief_3d,Q1,0.0118920288918011,-0.0432664921006129,0.2091693436037034,0.2860862722589168,90,1.1245283098777212,0.0025083731962902,discovery
2019,500,0.6,new_low_relief_3d,Q5,-0.0087466470377021,-0.0371843824413585,-0.1583045408381825,0.1048988206103366,64,1.2259180442603177,0.003655603531384,discovery
2019,500,0.6,ma50_recovery_3d,Q1,0.0465789009747172,-0.0526366873867604,0.6791423921019849,0.2275751515167493,92,1.542709117689434,0.0090662645972441,discovery
2019,500,0.6,ma50_recovery_3d,Q5,0.0139092635191211,-0.0414609951071968,0.2552017074968552,0.2401599595482297,67,1.3521385376871649,0.0062322716466256,discovery
2019,500,0.6,ret20_recovery_3d,Q1,-0.0696767153168299,-0.120674767663169,-0.9285245847541104,0.2775458163798426,106,0.5828363338399687,-0.0106891899445377,discovery
2019,500,0.6,ret20_recovery_3d,Q5,0.0515876432748392,-0.042663847560413,0.8589873354091795,0.2509448799255616,74,1.9496791743262047,0.0139080518337514,discovery
2019,500,0.6,median_ret20_recovery_3d,Q1,-0.0354264635375194,-0.0908402725396012,-0.4618637009425924,0.2642061497123947,84,0.74254789958419,-0.0062989329414182,discovery
2019,500,0.6,median_ret20_recovery_3d,Q5,0.0470734248000048,-0.0296200654461253,0.8588046270285677,0.1710916196237504,49,2.3369681289603133,0.0188872825087635,discovery
2019,500,0.8,ALL,ALL,0.1000352249157083,-0.0898296500524629,0.8994643963000526,0.771095056071832,299,1.5069008344406398,0.0097653309563755,discovery
2019,500,0.8,pct_up_1d,Q1,-0.0231613426814754,-0.0617902620560424,-0.3537380213579909,0.3116877661002832,67,0.8353834198463461,-0.0034042310415136,discovery
2019,500,0.8,pct_up_1d,Q5,0.0751507432075375,-0.0375061311525048,1.154131908197601,0.2393077447139173,90,2.4483055732172647,0.0210588218374588,discovery
2019,500,0.8,new_low_relief_1d,Q1,0.0030166800634769,-0.0706122031939305,0.0777948433119788,0.3527976669235291,80,1.0292037155264575,0.0006005258621801,discovery
2019,500,0.8,new_low_relief_1d,Q5,0.0429302097810109,-0.0473479111485546,0.6799163865586125,0.2014333036427008,83,2.127968091602024,0.0162313697061448,discovery
2019,500,0.8,new_low_relief_3d,Q1,-3.709654200168e-05,-0.0539147608916572,0.0336270115376715,0.332635852471259,86,1.0283203753859895,0.0006183236533442,discovery
2019,500,0.8,new_low_relief_3d,Q5,0.0100928472705041,-0.0346459984290128,0.215993838811303,0.1284452386091419,57,1.6615200105345889,0.0110698583099015,discovery
2019,500,0.8,ma50_recovery_3d,Q1,0.0141986993585141,-0.0514086134594343,0.2331929136015434,0.2690029423808484,91,1.422417558959809,0.0075834129208981,discovery
2019,500,0.8,ma50_recovery_3d,Q5,0.0356937425476284,-0.0389789701458224,0.5636921087025502,0.270596367608642,67,1.4934031735845514,0.0087361736075574,discovery
2019,500,0.8,ret20_recovery_3d,Q1,-0.1036682346128458,-0.1438553476741682,-1.3927433946342411,0.3144471059976906,106,0.4639737062356475,-0.014569212983656,discovery
2019,500,0.8,ret20_recovery_3d,Q5,0.0659573811305256,-0.0409153778225969,1.0332733207762357,0.2849078237343806,71,2.128681692968987,0.0162688875285541,discovery
2019,500,0.8,median_ret20_recovery_3d,Q1,-0.0844204869982118,-0.1203930396202859,-1.182330773776127,0.2981399359146469,84,0.5377864295162983,-0.0122165979088064,discovery
2019,500,0.8,median_ret20_recovery_3d,Q5,0.0576355107964425,-0.0296200654461253,0.9612851237916744,0.2028265199501436,47,2.583543021038798,0.0219859734513195,discovery
2020,300,0.6,ALL,ALL,-0.094937752527957,-0.2008428831663984,-0.7970554151123117,0.254509524880982,129,0.804684015841263,-0.0058980582703031,discovery
2020,300,0.6,pct_up_1d,Q1,0.0667022406013504,-0.019242660089625,1.872386508647807,0.0874168449989312,28,2.812225298473985,0.0233703803786915,discovery
2020,300,0.6,pct_up_1d,Q5,-0.0876655509679567,-0.1487066463023238,-0.9134124643528312,0.0672158991707542,41,0.5101567983449024,-0.022306363658157,discovery
2020,300,0.6,new_low_relief_1d,Q1,0.0344390371877252,-0.02127003860537,1.3533307055953403,0.0491848231158357,16,2.4883245034125703,0.0213461536210569,discovery
2020,300,0.6,new_low_relief_1d,Q5,-0.1167313831137252,-0.1432766042791993,-1.3326168399514635,0.0679023060123964,47,0.3832917828925309,-0.0257051452068287,discovery
2020,300,0.6,new_low_relief_3d,Q1,0.0198483805626075,-0.0184077961736179,0.7267462290087794,0.052644592483756,20,1.5470809997688908,0.0099752500113344,discovery
2020,300,0.6,new_low_relief_3d,Q5,-0.0626576372654205,-0.1108087260883887,-0.6978132389543498,0.0634693695520215,38,0.5422238352266855,-0.0172727497111738,discovery
2020,300,0.6,ma50_recovery_3d,Q1,-0.0378149072121815,-0.0816422975240633,-0.6632623487229533,0.0884063437066141,45,0.7027657900052844,-0.0085349210456061,discovery
2020,300,0.6,ma50_recovery_3d,Q5,-0.0293659519851475,-0.0639954838235441,-0.6453596008478694,0.0841535405539551,33,0.7330703591160971,-0.0084622929806584,discovery
2020,300,0.6,ret20_recovery_3d,Q1,-0.0130525072096714,-0.0787060610239526,-0.1860499945966344,0.0967047548595251,50,0.9096296426801334,-0.002540663220254,discovery
2020,300,0.6,ret20_recovery_3d,Q5,-0.04476959865318,-0.0662990790554769,-1.0729534393545022,0.0785395820677833,35,0.6247977843351773,-0.0126328864681741,discovery
2020,300,0.6,median_ret20_recovery_3d,Q1,-0.0328372980337019,-0.0754100632105014,-0.5835529385284267,0.0894286653642952,43,0.7403143872973071,-0.0077293309876058,discovery
2020,300,0.6,median_ret20_recovery_3d,Q5,-0.0378588994136079,-0.0632667802549533,-0.8914192322016373,0.0785955947536702,31,0.6522804319252592,-0.01189111792969,discovery
2020,300,0.8,ALL,ALL,-0.0631851987467903,-0.2112737727282644,-0.4338855695549776,0.3164741526262633,129,0.8090229173236609,-0.0065329729791145,discovery
2020,300,0.8,pct_up_1d,Q1,0.0782420949232947,-0.0208223676545598,1.914120276551769,0.1079773635370006,29,2.888145138380324,0.0263944856701077,discovery
2020,300,0.8,pct_up_1d,Q5,-0.0954030804646208,-0.1621340785712254,-0.8851620119917173,0.089094380492681,41,0.5218254591806077,-0.0256697116765344,discovery
2020,300,0.8,new_low_relief_1d,Q1,0.0443367530686997,-0.0256588929980514,1.2892597888627588,0.0670346490657317,18,2.6042079436853856,0.0244003850656213,discovery
2020,300,0.8,new_low_relief_1d,Q5,-0.1471515632861526,-0.1807581799607955,-1.406631104673659,0.0971016704610125,48,0.3040037569796721,-0.03640211486343,discovery
2020,300,0.8,new_low_relief_3d,Q1,0.0091120866723233,-0.0233100886668513,0.2712388873766365,0.0693444456629932,21,1.1957488467132202,0.0045206695036193,discovery
2020,300,0.8,new_low_relief_3d,Q5,-0.0666903715009722,-0.1154138462780564,-0.6218130728406301,0.0865116727353327,39,0.5661427595321535,-0.0192549395308116,discovery
2020,300,0.8,ma50_recovery_3d,Q1,-0.0620825962469008,-0.104787678232291,-0.918066375262214,0.1155779446155478,45,0.4846927165569017,-0.0195819302788114,discovery
2020,300,0.8,ma50_recovery_3d,Q5,-0.0182857473240705,-0.0691886018016731,-0.3155663356429659,0.1105839525725831,34,0.8551025449982097,-0.0048683379702263,discovery
2020,300,0.8,ret20_recovery_3d,Q1,-0.0297802921359279,-0.1018859033701227,-0.3602119547846565,0.1336420560629121,50,0.7047977485665264,-0.0107664173823691,discovery
2020,300,0.8,ret20_recovery_3d,Q5,-0.0267036703983207,-0.0649320024112947,-0.5451849623112227,0.1037070939758765,35,0.7984264590449626,-0.0072327517329393,discovery
2020,300,0.8,median_ret20_recovery_3d,Q1,-0.0572521479243602,-0.0986728331723397,-0.8679421928624181,0.1175859984620021,43,0.5107819573208021,-0.0193153667257343,discovery
2020,300,0.8,median_ret20_recovery_3d,Q5,-0.0136819008612303,-0.0593109276960319,-0.2854834237047253,0.0953108551091247,31,0.8883323371911884,-0.0038187478339068,discovery
2020,500,0.6,ALL,ALL,-0.057820884220136,-0.2001291051994468,-0.4117371888998278,0.4078358235392038,217,0.7964552019199981,-0.0059934918270045,discovery
2020,500,0.6,pct_up_1d,Q1,0.1234358477806059,-0.0330228685335589,2.157259152702061,0.1760384104271981,54,2.6488363681133738,0.0218919100122694,discovery
2020,500,0.6,pct_up_1d,Q5,-0.069270274922536,-0.1407528216348565,-0.7309708115201498,0.0786938168943292,61,0.4514591084620888,-0.0245811191456907,discovery
2020,500,0.6,new_low_relief_1d,Q1,0.0725020425867426,-0.0362000546446742,1.4980797989721266,0.1150629930958593,37,2.5043642364479264,0.0191201687345302,discovery
2020,500,0.6,new_low_relief_1d,Q5,-0.1201786061187029,-0.1573017349692661,-1.305179895834058,0.1027964286293375,95,0.3931275867029942,-0.0229438346975753,discovery
2020,500,0.6,new_low_relief_3d,Q1,0.0480831615827674,-0.0321904185322139,1.1368338593627445,0.1131985373564165,43,1.6404190683072972,0.0111368454522206,discovery
2020,500,0.6,new_low_relief_3d,Q5,-0.0617466532613721,-0.1199222119390356,-0.7728050192155885,0.0870955108029774,64,0.4045642164311048,-0.0229812117345485,discovery
2020,500,0.6,ma50_recovery_3d,Q1,-0.0382837731930554,-0.1020116477970176,-0.4857255616260374,0.1415455860834472,82,0.8015775158592248,-0.0054826603651767,discovery
2020,500,0.6,ma50_recovery_3d,Q5,-0.0188858876740348,-0.0934733322790931,-0.2939072536314427,0.125115724379043,60,0.8122683975756798,-0.0057596397403877,discovery
2020,500,0.6,ret20_recovery_3d,Q1,0.0279147511366131,-0.0493305749082829,0.5641963699147675,0.1065988056652278,51,1.2520303648124314,0.0056526609399794,discovery
2020,500,0.6,ret20_recovery_3d,Q5,-0.009501971556142,-0.0939616291449245,-0.1111608072968267,0.1591049485436194,60,0.8331823951636792,-0.0052591830806493,discovery
2020,500,0.6,median_ret20_recovery_3d,Q1,-0.019639362798748,-0.0979144275085415,-0.242421323318194,0.1217866440358734,72,0.8269397685065363,-0.0049168794004615,discovery
2020,500,0.6,median_ret20_recovery_3d,Q5,-0.0233738917448543,-0.0968995717943859,-0.3259958272321827,0.1595010364848396,57,0.7536155536533246,-0.0079780592075149,discovery
2020,500,0.8,ALL,ALL,0.0055361547865524,-0.2004214855406141,0.1090805931403557,0.4696236794070157,211,0.768217774310762,-0.0079549917107742,discovery
2020,500,0.8,pct_up_1d,Q1,0.1345707131902318,-0.0493827473661007,1.9275661501208423,0.2229359751402312,55,2.471408439523915,0.0234569616277329,discovery
2020,500,0.8,pct_up_1d,Q5,-0.0735462822076096,-0.1470084622717433,-0.6899043595145458,0.1036359069519943,61,0.4763371873976228,-0.0268432175933886,discovery
2020,500,0.8,new_low_relief_1d,Q1,0.0581023632284707,-0.0481992147431188,1.0145168686448978,0.1504952349126491,38,1.8730913872231687,0.015128535172918,discovery
2020,500,0.8,new_low_relief_1d,Q5,-0.1259938719372398,-0.195699907141422,-1.1643049810348567,0.1366512625014947,96,0.3398362657593644,-0.0312699504133498,discovery
2020,500,0.8,new_low_relief_3d,Q1,0.0741079452348361,-0.0342098394391139,1.403850983834552,0.1509008237617381,44,1.863227294700123,0.0166581282560694,discovery
2020,500,0.8,new_low_relief_3d,Q5,-0.0553036831285569,-0.1247628662117297,-0.5528226401793602,0.1135975254814642,65,0.4542634257211887,-0.0241938764568937,discovery
2020,500,0.8,ma50_recovery_3d,Q1,-0.0379189156482073,-0.130624622571383,-0.3943110571122564,0.1783186921394814,82,0.6533994907633287,-0.0124683642705297,discovery
2020,500,0.8,ma50_recovery_3d,Q5,-0.0081625146750805,-0.1054464780252303,-0.0931260398133548,0.153774949274189,55,0.8270768229886086,-0.0058615178474188,discovery
2020,500,0.8,ret20_recovery_3d,Q1,0.0423488605778314,-0.0624988515249335,0.680685535522363,0.1387355089738629,51,1.3692205757354323,0.0093696469970691,discovery
2020,500,0.8,ret20_recovery_3d,Q5,0.0036580471044596,-0.0982842461449728,0.0858748862990449,0.1985824490810457,60,0.9322063989382972,-0.0023251173531127,discovery
2020,500,0.8,median_ret20_recovery_3d,Q1,-0.0230722537497202,-0.1275633933485421,-0.2347782843338743,0.1639563875971156,72,0.6385395099497252,-0.0137037082875554,discovery
2020,500,0.8,median_ret20_recovery_3d,Q5,0.0095471255406784,-0.0941106506938636,0.1640260482301257,0.1933003007606064,57,0.926576502191818,-0.0024660844469553,discovery
2021,300,0.6,ALL,ALL,0.073958124175897,-0.0768558801930935,0.9289909769176534,0.4103155559343598,146,1.3320795810619628,0.0065392955192088,discovery
2021,300,0.6,pct_up_1d,Q1,0.0212710969835379,-0.0401064925803779,0.5071528304443812,0.1611025680170512,55,1.2024556369048036,0.0040351744247402,discovery
2021,300,0.6,pct_up_1d,Q5,0.0447103134076645,-0.0136299327839856,1.845079293892264,0.059766913533674,14,4.044117606133374,0.0316765960574211,discovery
2021,300,0.6,new_low_relief_1d,Q1,0.0434810737636857,-0.0329217550991522,1.1894882562996325,0.1362554615695449,45,1.537488505162861,0.0097172555453738,discovery
2021,300,0.6,new_low_relief_1d,Q5,0.1280103368733987,-0.0250067413287041,2.193882608478564,0.1781541627917617,43,2.941613284571285,0.0287631146044465,discovery
2021,300,0.6,new_low_relief_3d,Q1,0.0335569812685103,-0.0250539398523542,0.8129008143229255,0.1149547305686783,45,1.4176029618276802,0.0076390644029177,discovery
2021,300,0.6,new_low_relief_3d,Q5,0.0450862868239423,-0.0241382058379917,1.0569535194672983,0.0694555056214662,25,2.1891101774278594,0.0179277613944281,discovery
2021,300,0.6,ma50_recovery_3d,Q1,0.0109707361192867,-0.0338939979315359,0.2873552641899591,0.1302392184821504,48,1.1056594132586364,0.0024463592188006,discovery
2021,300,0.6,ma50_recovery_3d,Q5,-0.0204158841095457,-0.0360687766527539,-0.7047692026956558,0.0589352782744827,20,0.6120395603471288,-0.0102498531501657,discovery
2021,300,0.6,ret20_recovery_3d,Q1,0.0167990875979708,-0.0313246965845144,0.4850204208154915,0.1260897531560877,44,1.2034521094791115,0.0039462798480691,discovery
2021,300,0.6,ret20_recovery_3d,Q5,0.0279735202669315,-0.0152924008925415,1.0999685403290411,0.0530046742533498,22,1.8595738657300445,0.0126791874056936,discovery
2021,300,0.6,median_ret20_recovery_3d,Q1,0.0048580016265273,-0.0338133153022528,0.1625163593396891,0.1210410933304596,43,1.06350768269329,0.0012856426117544,discovery
2021,300,0.6,median_ret20_recovery_3d,Q5,0.0082376495497791,-0.0183700867128474,0.3406125069719726,0.0445794498867783,20,1.2348031356705589,0.0042049629784107,discovery
2021,300,0.8,ALL,ALL,0.0546499558494966,-0.0706412566446242,0.6483572398511593,0.5007915743666963,145,1.3164903668803352,0.00656517400453,discovery
2021,300,0.8,pct_up_1d,Q1,-0.012396429521602,-0.065493719250638,-0.2199376825741024,0.205528532934543,55,0.9065098619193052,-0.0020724607755579,discovery
2021,300,0.8,pct_up_1d,Q5,0.0492720352400333,-0.0129845852630243,1.8759493901318536,0.0777793565924622,14,4.281701956049034,0.0347904663799502,discovery
2021,300,0.8,new_low_relief_1d,Q1,0.0080210693442173,-0.0608136464218668,0.2037862166800836,0.1776199480800324,45,1.0944272776742507,0.0019887483128608,discovery
2021,300,0.8,new_low_relief_1d,Q5,0.1311866080813881,-0.0295880535145873,1.9639810717739672,0.216599227928852,43,2.90184742710166,0.0300048431657348,discovery
2021,300,0.8,new_low_relief_3d,Q1,-0.0015283167537478,-0.0641798472557722,-0.0067815202371859,0.1523716868581409,45,0.992730502320182,-0.0001546571868592,discovery
2021,300,0.8,new_low_relief_3d,Q5,0.0692443949311365,-0.0193505234244056,1.3969143439334522,0.098007648164771,25,2.840296906366137,0.0277454557689528,discovery
2021,300,0.8,ma50_recovery_3d,Q1,0.0040514397227993,-0.0300751096273639,0.1138381741447212,0.1549148373601369,48,1.0415996011753506,0.0009960190054,discovery
2021,300,0.8,ma50_recovery_3d,Q5,-0.0124529677034163,-0.0360687766527539,-0.4158710762813851,0.0712925171452286,20,0.7663761508604569,-0.006172304960267,discovery
2021,300,0.8,ret20_recovery_3d,Q1,0.0279367555038314,-0.0314686351699884,0.7262998314885196,0.162309101390966,44,1.3333713523391144,0.0064662718564462,discovery
2021,300,0.8,ret20_recovery_3d,Q5,0.0465419880995097,-0.0182292492608503,1.6614688222000478,0.0727845269533111,22,2.4172816725357604,0.0209056843735864,discovery
2021,300,0.8,median_ret20_recovery_3d,Q1,0.0121359270547403,-0.0325069493186046,0.3554917419904856,0.1506644867970772,43,1.1474901652649627,0.0030241482147622,discovery
2021,300,0.8,median_ret20_recovery_3d,Q5,0.0191300570327357,-0.0166595561156563,0.7050104862894768,0.0625285151334479,20,1.539883253861564,0.0096684786115334,discovery
2021,500,0.6,ALL,ALL,0.0446448428305228,-0.1263605448865958,0.4437965060850606,0.5816098733180302,247,1.1702026051829977,0.0035150476971875,discovery
2021,500,0.6,pct_up_1d,Q1,-0.0405983114897512,-0.0711287591109595,-0.7407816269847181,0.2254832256853814,85,0.7968694491334063,-0.0051339041338688,discovery
2021,500,0.6,pct_up_1d,Q5,0.0220580799304128,-0.0385212735769557,0.5946074009874661,0.0949485728238471,31,1.3884884908039703,0.0077908434780753,discovery
2021,500,0.6,new_low_relief_1d,Q1,0.042879071212956,-0.0562694916166752,0.8342060278572481,0.2365526282010747,80,1.282917689301588,0.0053106699564807,discovery
2021,500,0.6,new_low_relief_1d,Q5,0.1143278865118051,-0.0460244740937437,1.4715703933229487,0.2666453491712075,71,2.2137925319352383,0.0207669826095571,discovery
2021,500,0.6,new_low_relief_3d,Q1,-0.049186595772699,-0.0957768371741607,-0.8772592749724792,0.2172430480053773,83,0.7497224207688137,-0.006160779961438,discovery
2021,500,0.6,new_low_relief_3d,Q5,0.0464131455704563,-0.0344938084958049,0.8685452422848812,0.1313669836505822,46,2.0288401161251515,0.015546625336861,discovery
2021,500,0.6,ma50_recovery_3d,Q1,-1.0033139646981049e-05,-0.0801536757850283,0.0267356106434921,0.2108502451586229,70,1.0144456464069145,0.000356328739164,discovery
2021,500,0.6,ma50_recovery_3d,Q5,-0.0160271619684039,-0.0559594826638858,-0.322588210062206,0.1655541040181879,48,0.8756154273596645,-0.0026225316286909,discovery
2021,500,0.6,ret20_recovery_3d,Q1,-0.014523966087806,-0.099886667549926,-0.2255530497825146,0.2164349142689948,74,0.9341991377818244,-0.0015228281202896,discovery
2021,500,0.6,ret20_recovery_3d,Q5,-0.0175317857685831,-0.0461093789926362,-0.4757419222170799,0.1168594780247654,48,0.8473619201919315,-0.0030613147735522,discovery
2021,500,0.6,median_ret20_recovery_3d,Q1,0.0012985184536191,-0.0854026855578281,0.0511510255857341,0.2160766061451141,76,1.0172329670296554,0.0003690086670856,discovery
2021,500,0.6,median_ret20_recovery_3d,Q5,0.0287223911504044,-0.0246246792259402,0.8513301735069582,0.088931439441267,38,1.5214355144961271,0.0082267750411664,discovery
2021,500,0.8,ALL,ALL,-0.0273261321184135,-0.1242844291589021,-0.1710526231631272,0.6413698622005193,229,1.1710913010705928,0.0037889491637387,discovery
2021,500,0.8,pct_up_1d,Q1,-0.0598499119922409,-0.0944119769312673,-1.0131272408013885,0.2770069331221727,84,0.7099700205675469,-0.0078895576123576,discovery
2021,500,0.8,pct_up_1d,Q5,0.0331329252503502,-0.0365324035780162,0.819273152572752,0.1225455910322173,31,1.579505808051328,0.0116727190128044,discovery
2021,500,0.8,new_low_relief_1d,Q1,0.0170263184847303,-0.065510044843615,0.3175455973565363,0.2913604016823405,80,1.1038089765134873,0.0021677218901098,discovery
2021,500,0.8,new_low_relief_1d,Q5,0.1153815809156901,-0.057341604754787,1.2824850647685138,0.3246730057877838,71,2.3496777407916367,0.023878749214056,discovery
2021,500,0.8,new_low_relief_3d,Q1,-0.0753599989253448,-0.0983790033995072,-1.3094390287116435,0.253963327058838,83,0.640493713095488,-0.009580933509239,discovery
2021,500,0.8,new_low_relief_3d,Q5,0.0843692077622191,-0.0316151835120954,1.4075370882758882,0.1631458256710443,42,3.0366484301120797,0.0297601422144213,discovery
2021,500,0.8,ma50_recovery_3d,Q1,-0.0157254923741254,-0.0747289293149029,-0.2459407968276543,0.2529424196697634,70,0.9826810257433084,-0.0004365835660535,discovery
2021,500,0.8,ma50_recovery_3d,Q5,0.0068122180874268,-0.0578923907906162,0.1551688767900187,0.1937230787860047,48,1.1287927207657846,0.002715473282447,discovery
2021,500,0.8,ret20_recovery_3d,Q1,-0.0085862300386099,-0.0888869702807044,-0.1112513853990175,0.2610127484768176,74,1.030175211306328,0.0006983443493581,discovery
2021,500,0.8,ret20_recovery_3d,Q5,0.0061797859093997,-0.0391404423612707,0.1821507491803259,0.1403862464279693,48,1.1263895027705255,0.0025348723761453,discovery
2021,500,0.8,median_ret20_recovery_3d,Q1,-0.0031999556101616,-0.0773224146917992,-0.0248378978328967,0.2647064395714831,76,1.0599572567447757,0.0012838617607419,discovery
2021,500,0.8,median_ret20_recovery_3d,Q5,0.0277836876920447,-0.0212815242963503,0.6918995270816415,0.1216125668768911,38,1.4448491715547926,0.0084613677872771,discovery
2022,300,0.6,ALL,ALL,-0.2482271254430867,-0.2720329161831671,-2.1433620225451384,0.3787813077847932,240,0.3641569471272334,-0.0203241357304895,discovery
2022,300,0.6,pct_up_1d,Q1,-0.0884700550168029,-0.114318687105386,-1.434497249164977,0.1778013325345977,64,0.4832766013036805,-0.0144785048296778,discovery
2022,300,0.6,pct_up_1d,Q5,-0.1680225337182175,-0.1779227463226373,-1.986279178731912,0.1823838271819385,105,0.3342897789239121,-0.0223189701540588,discovery
2022,300,0.6,new_low_relief_1d,Q1,-0.0961514345100321,-0.1108398592462427,-1.7097302223916964,0.1451278656622907,59,0.4079263993569114,-0.01716013522359,discovery
2022,300,0.6,new_low_relief_1d,Q5,-0.0895301189593424,-0.1291141429626394,-1.0741234758592146,0.1962893658789554,79,0.4689282835011946,-0.014850188558169,discovery
2022,300,0.6,new_low_relief_3d,Q1,-0.1167623009736616,-0.1386632898970754,-1.810500838675048,0.1325834784392348,76,0.3705611535105498,-0.0178282968475313,discovery
2022,300,0.6,new_low_relief_3d,Q5,-0.116193988642647,-0.1533455898533207,-1.212787957585524,0.2294454216445055,117,0.4344071959214429,-0.0184327195965793,discovery
2022,300,0.6,ma50_recovery_3d,Q1,-0.0307300390345237,-0.0736827114834632,-0.5463209844458925,0.1218447828225817,48,0.7454543020687785,-0.0064716071892352,discovery
2022,300,0.6,ma50_recovery_3d,Q5,-0.1997971298391592,-0.207452045207019,-2.9876541449825837,0.133953330999247,78,0.213881100274191,-0.0296878260583344,discovery
2022,300,0.6,ret20_recovery_3d,Q1,-0.0825794811844077,-0.1106992212378612,-1.639173006565752,0.1339222009611051,48,0.3523949500397082,-0.0190114543121627,discovery
2022,300,0.6,ret20_recovery_3d,Q5,-0.1774795238769178,-0.1800385739612079,-2.2113146325380906,0.1726363252687865,94,0.2698182806451977,-0.0257175992811296,discovery
2022,300,0.6,median_ret20_recovery_3d,Q1,-0.1165734876465671,-0.1472447300079867,-2.064799400427804,0.1613868910740208,60,0.321236050794434,-0.0214033923339941,discovery
2022,300,0.6,median_ret20_recovery_3d,Q5,-0.1274617981009262,-0.1447887472219262,-1.4844643677356169,0.1873699669524043,110,0.3825305366899242,-0.0218596727550693,discovery
2022,300,0.8,ALL,ALL,-0.2852525638548132,-0.3239775149382952,-2.212126326345423,0.4359625533585432,236,0.2819503708982038,-0.0252019350097003,discovery
2022,300,0.8,pct_up_1d,Q1,-0.1302061169615251,-0.1610655495003466,-1.9173853934700615,0.2026778921160235,65,0.2706987496845712,-0.0222333141051382,discovery
2022,300,0.8,pct_up_1d,Q5,-0.152692422245814,-0.1919938079572973,-1.5373603962011977,0.2086071290259491,104,0.4122953237173442,-0.0207409473542379,discovery
2022,300,0.8,new_low_relief_1d,Q1,-0.1123905368861859,-0.127261114267025,-1.8532886881281736,0.1616965298693602,59,0.286814880097812,-0.0214582929391553,discovery
2022,300,0.8,new_low_relief_1d,Q5,-0.08786341226288,-0.1421151678280722,-0.9320443533982388,0.2242325841514257,79,0.5352634339747735,-0.013636585776084,discovery
2022,300,0.8,new_low_relief_3d,Q1,-0.1361213051772039,-0.1565618730011071,-1.9111440298465128,0.1517993509802691,77,0.2590932235727903,-0.0209175498952504,discovery
2022,300,0.8,new_low_relief_3d,Q5,-0.1412772221495676,-0.1912422178312046,-1.3334628228829053,0.2630087048943218,117,0.3606267684892346,-0.0232164439565765,discovery
2022,300,0.8,ma50_recovery_3d,Q1,-0.0760289822000405,-0.1201412153892073,-1.1769658433604235,0.1474506770236675,49,0.3830294342962256,-0.0175977146595691,discovery
2022,300,0.8,ma50_recovery_3d,Q5,-0.1947868381515967,-0.2100315367014533,-2.6654912516118268,0.1491188147082947,78,0.2944404087912747,-0.0282943515696037,discovery
2022,300,0.8,ret20_recovery_3d,Q1,-0.1142467920909753,-0.1361359011641908,-2.0473388101018,0.1523062294156053,49,0.1371579655055608,-0.0269286973150366,discovery
2022,300,0.8,ret20_recovery_3d,Q5,-0.1788881269760416,-0.1857837534882638,-2.0508952514352803,0.1898759820829148,89,0.2692722930284215,-0.0272778184355096,discovery
2022,300,0.8,median_ret20_recovery_3d,Q1,-0.1435196295036755,-0.1716677860871289,-2.346531731634042,0.1806500876054763,61,0.1805932288319931,-0.0270285321366162,discovery
2022,300,0.8,median_ret20_recovery_3d,Q5,-0.1202921910386241,-0.155561899789598,-1.2037952741345792,0.2210872012772065,107,0.3581172699905876,-0.0249587611731766,discovery
2022,500,0.6,ALL,ALL,-0.1954931661553192,-0.2662971391238634,-1.4066447873933403,0.4985221227264809,398,0.465630212494298,-0.0164159347641613,discovery
2022,500,0.6,pct_up_1d,Q1,-0.084127388532999,-0.1600826778788874,-0.8663605158706561,0.2563376716348954,119,0.6896447833303614,-0.0086862668060563,discovery
2022,500,0.6,pct_up_1d,Q5,-0.2482562874939483,-0.2676316209118157,-2.5577412699086683,0.2559431098961149,191,0.340765432101217,-0.0226258192839215,discovery
2022,500,0.6,new_low_relief_1d,Q1,-0.0491464624148552,-0.120952567091532,-0.4885222046869318,0.2558616807392397,111,0.7333396844255217,-0.0070620165892235,discovery
2022,500,0.6,new_low_relief_1d,Q5,-0.0838481717680983,-0.1236163917875416,-0.9094985341377486,0.2348224700890027,126,0.6343912048511532,-0.0097482178169766,discovery
2022,500,0.6,new_low_relief_3d,Q1,-0.0930929490735855,-0.1557279091603768,-1.1405504598991187,0.1949453468979227,118,0.582353890165362,-0.0110282013563613,discovery
2022,500,0.6,new_low_relief_3d,Q5,-0.1171279071450035,-0.1548734019415979,-1.136903272713157,0.2663221950570287,189,0.4696457861264428,-0.0162303461176364,discovery
2022,500,0.6,ma50_recovery_3d,Q1,-0.1055399798796333,-0.1616588433228968,-1.431730829305344,0.1556310573206218,108,0.4367755911621678,-0.015014913767023,discovery
2022,500,0.6,ma50_recovery_3d,Q5,-0.2258062104142897,-0.2516898248953486,-2.465126862879543,0.2486048269905989,143,0.3005076667953124,-0.0248497114337356,discovery
2022,500,0.6,ret20_recovery_3d,Q1,-0.1097231861726685,-0.1482066893984639,-1.7591911092394934,0.1655676602458104,86,0.3891968336378094,-0.0177393206506515,discovery
2022,500,0.6,ret20_recovery_3d,Q5,-0.1416229350291471,-0.1635987683337801,-1.6487761315848173,0.2324642087294386,143,0.4153978239596784,-0.0199057861806673,discovery
2022,500,0.6,median_ret20_recovery_3d,Q1,-0.1500617964101772,-0.190248210326368,-2.21799373390871,0.2028663868364557,98,0.3535423528629735,-0.0202123439806766,discovery
2022,500,0.6,median_ret20_recovery_3d,Q5,-0.04244807019727,-0.1090333224143097,-0.4048646854509885,0.2311743104624959,175,0.6053581153483457,-0.0121252330894985,discovery
2022,500,0.8,ALL,ALL,-0.2240285162790447,-0.3043343799904534,-1.4707572154963615,0.5711028952510729,383,0.4154934510902168,-0.0190328236407922,discovery
2022,500,0.8,pct_up_1d,Q1,-0.1263321391336841,-0.2155663883237843,-1.2033476133820986,0.3083669096329389,120,0.487595787022378,-0.0157628993624783,discovery
2022,500,0.8,pct_up_1d,Q5,-0.2457038202812947,-0.2710545193010905,-2.2975826530439654,0.2895845350635582,176,0.3893420213805691,-0.0223696914509746,discovery
2022,500,0.8,new_low_relief_1d,Q1,-0.0684233923215507,-0.160348403683517,-0.6173617348419961,0.3048671885676906,113,0.6022848345146039,-0.0114017297496474,discovery
2022,500,0.8,new_low_relief_1d,Q5,-0.0623616044519235,-0.1111089522121925,-0.5964966928823195,0.2726267312158431,126,0.7417645998200363,-0.0072402308872621,discovery
2022,500,0.8,new_low_relief_3d,Q1,-0.0905378705099652,-0.1703136717758986,-0.927290405591809,0.2448222573558887,119,0.561420333780927,-0.0116808341762902,discovery
2022,500,0.8,new_low_relief_3d,Q5,-0.1331813149571112,-0.1817065507580323,-1.1742513373795995,0.3020920258216856,189,0.3900512620525123,-0.0208219107480569,discovery
2022,500,0.8,ma50_recovery_3d,Q1,-0.1102935017073999,-0.174224303864128,-1.3087083061668277,0.1832396434849001,108,0.3352068188533287,-0.0184035362003211,discovery
2022,500,0.8,ma50_recovery_3d,Q5,-0.2250893483155158,-0.2666512762904554,-2.221525530847932,0.2708682723046442,140,0.3240403336563491,-0.0248136814083943,discovery
2022,500,0.8,ret20_recovery_3d,Q1,-0.1296815595934795,-0.1679589582833397,-1.8281167846769044,0.1932511015536799,86,0.2671173679557794,-0.0223086565096265,discovery
2022,500,0.8,ret20_recovery_3d,Q5,-0.1542900328657732,-0.1887429890952008,-1.582210762316452,0.2737321882130045,138,0.378495176613391,-0.0220112368898092,discovery
2022,500,0.8,median_ret20_recovery_3d,Q1,-0.1656097127082587,-0.2090348978152593,-2.18640852638335,0.231367942247909,98,0.2678461120986352,-0.0237893178859092,discovery
2022,500,0.8,median_ret20_recovery_3d,Q5,-0.0621923697537817,-0.1486929535329787,-0.5193410212931104,0.2790760696681697,171,0.558678581432875,-0.0148778421307407,discovery
2023,300,0.6,ALL,ALL,-0.0003735549370942,-0.0777479863170204,0.0486988410262284,0.5281500423100506,186,0.9991467867386944,-1.8809284144685837e-05,validation
2023,300,0.6,pct_up_1d,Q1,-0.0597424290525504,-0.1117815123463362,-1.0320880360408964,0.2436270181339624,70,0.6342790660113095,-0.0085571553896726,validation
2023,300,0.6,pct_up_1d,Q5,-0.0072212677973152,-0.0500409496786584,-0.1134140851919404,0.1433450764682852,40,0.9348137449317752,-0.0016816011222713,validation
2023,300,0.6,new_low_relief_1d,Q1,-0.098057126252533,-0.1293980895230096,-1.972295322248136,0.201072619190266,58,0.3877604565835734,-0.0176267918539475,validation
2023,300,0.6,new_low_relief_1d,Q5,0.090661938327557,-0.0346411860777486,1.432953639390955,0.1768972944330721,52,1.9937573261227437,0.0170295235362946,validation
2023,300,0.6,new_low_relief_3d,Q1,0.0086264707102934,-0.0841142694705242,0.1634875985879199,0.2497835800495039,73,1.063335697948092,0.0013880187394091,validation
2023,300,0.6,new_low_relief_3d,Q5,0.0223457987921156,-0.0286975323140359,0.5458403871275717,0.0886900513910445,34,1.2332802214238845,0.0058678614889927,validation
2023,300,0.6,ma50_recovery_3d,Q1,0.0385158613711418,-0.0444943686755437,0.6556525957799297,0.2663751787948498,69,1.275617041514596,0.0056214347766291,validation
2023,300,0.6,ma50_recovery_3d,Q5,0.0002887321976052,-0.0554676460668869,0.0316894669575069,0.1528439029672146,45,1.0123830320372278,0.0003161337546058,validation
2023,300,0.6,ret20_recovery_3d,Q1,0.0206430638881824,-0.0305752904174838,0.4234756176294381,0.180967958597202,47,1.1185135894678335,0.0026742306088252,validation
2023,300,0.6,ret20_recovery_3d,Q5,0.0014665549249308,-0.0713530636788424,0.0559213872340939,0.2029030940430616,60,1.195510341987958,0.0048895111345213,validation
2023,300,0.6,median_ret20_recovery_3d,Q1,-0.0078357770210584,-0.0475532711569,-0.1176971832802007,0.1799762346654581,44,0.9312607107862338,-0.0016685292680656,validation
2023,300,0.6,median_ret20_recovery_3d,Q5,0.0132215768260228,-0.0355206698950774,0.2884595606451279,0.1225012514930706,34,1.1453309402559266,0.0040248972718133,validation
2023,300,0.8,ALL,ALL,0.0433972187577738,-0.0708016589636567,0.426739034525801,0.5939445071735492,177,1.0486345289186587,0.0011437438673737,validation
2023,300,0.8,pct_up_1d,Q1,-0.0550029117935041,-0.1115444204232982,-0.8678759824926833,0.2737482516117346,69,0.6687264789594932,-0.0079403320746366,validation
2023,300,0.8,pct_up_1d,Q5,0.0071057304047468,-0.0525191193589462,0.1489646390096957,0.1714389478994395,40,1.0762928240213117,0.002097587377984,validation
2023,300,0.8,new_low_relief_1d,Q1,-0.0898436979707836,-0.1259067093084747,-1.737314035387607,0.2201451281004075,58,0.4544067283933513,-0.0160675493543667,validation
2023,300,0.8,new_low_relief_1d,Q5,0.0756097786949911,-0.0469703038735227,1.0705997079715868,0.2234271203696003,51,1.7245810255632334,0.0148332079265703,validation
2023,300,0.8,new_low_relief_3d,Q1,0.0299746387180073,-0.0719716667947572,0.4223692562044052,0.3091383240530359,73,1.1906157716539831,0.0043227640509989,validation
2023,300,0.8,new_low_relief_3d,Q5,0.0008706202701702,-0.0656180767899036,0.0430987028281332,0.1349194482209924,34,0.931118647038713,-0.0019940452335129,validation
2023,300,0.8,ma50_recovery_3d,Q1,0.0277093290535692,-0.0382498397745183,0.4487536070669594,0.3083419226862027,69,1.1928454962678328,0.0040888361533286,validation
2023,300,0.8,ma50_recovery_3d,Q5,-5.4402446185930486e-05,-0.0867774308040861,0.0295641679687886,0.1881297912604023,45,1.0209598670879865,0.000600104331863,validation
2023,300,0.8,ret20_recovery_3d,Q1,0.0082697455382712,-0.0356774895231034,0.1779906552277547,0.2013727206985185,47,1.004370814949284,9.920407921567352e-05,validation
2023,300,0.8,ret20_recovery_3d,Q5,0.0530533885207364,-0.0773882908808353,0.6828511644790795,0.2552958197238268,59,1.587311678508749,0.0152972076844029,validation
2023,300,0.8,median_ret20_recovery_3d,Q1,-0.0296378428458636,-0.0556922582976068,-0.5005985946276225,0.1935853114358401,44,0.7262169417162145,-0.0066842710719636,validation
2023,300,0.8,median_ret20_recovery_3d,Q5,0.0467347338488652,-0.0515178916041485,0.7889915520987072,0.1479295161168534,34,1.478937097743068,0.0137737361321707,validation
2023,500,0.6,ALL,ALL,0.1479408120560392,-0.0706465864703861,1.272970976180311,0.6366609327844295,310,1.111309010467877,0.002354535331433,validation
2023,500,0.6,pct_up_1d,Q1,0.026862649004286,-0.0711155231890572,0.3899218071461042,0.3872738784930555,125,1.0907741711841226,0.0017395698508759,validation
2023,500,0.6,pct_up_1d,Q5,-0.015683448592468,-0.0899415252341747,-0.2010213416109992,0.2124706261383279,65,0.966956277394416,-0.0008683409649934,validation
2023,500,0.6,new_low_relief_1d,Q1,-0.0286201575540897,-0.1110180718889956,-0.3498722502942161,0.3744260320002649,108,0.8825761503319726,-0.0027084978030298,validation
2023,500,0.6,new_low_relief_1d,Q5,0.1070855128434717,-0.0328237286025674,1.4627905845315097,0.2107005857875616,77,1.4730560934931507,0.0093099602391417,validation
2023,500,0.6,new_low_relief_3d,Q1,0.0820631292887517,-0.0601798751550736,1.0348284591152064,0.3701392791296239,133,1.30729556143226,0.0061649337210088,validation
2023,500,0.6,new_low_relief_3d,Q5,0.0355911107091002,-0.0392341071620003,0.5900294160650484,0.1557872328495176,59,1.2083169483333087,0.004661394432626,validation
2023,500,0.6,ma50_recovery_3d,Q1,0.0975121561859029,-0.0456474436195375,1.466873978170708,0.3040513589724171,103,1.4528694172973973,0.008677427300863,validation
2023,500,0.6,ma50_recovery_3d,Q5,-0.001913334628034,-0.079796188115446,0.010859131383723,0.2596753766900029,92,1.0388323016749044,0.0009333117981278,validation
2023,500,0.6,ret20_recovery_3d,Q1,0.0549034948576363,-0.0381811879780109,0.9375541526244192,0.2520304024260411,75,1.4123861416235162,0.0080007303500501,validation
2023,500,0.6,ret20_recovery_3d,Q5,0.0101336882132656,-0.0850896756620626,0.1805366498812926,0.2332496820116938,89,1.264504406480217,0.0062324503206829,validation
2023,500,0.6,median_ret20_recovery_3d,Q1,0.0439972757688653,-0.039696143940762,0.7074136663404827,0.245015051255148,77,1.068560197394367,0.0015350842977601,validation
2023,500,0.6,median_ret20_recovery_3d,Q5,0.0386518811645864,-0.0452674235331159,0.6794203661220408,0.1837531388950328,61,1.6269585167821874,0.0133586188611565,validation
2023,500,0.8,ALL,ALL,0.1960991569797654,-0.0773447642643808,1.5099983341199146,0.6972994919848774,276,1.402993853563876,0.0082891282184046,validation
2023,500,0.8,pct_up_1d,Q1,0.0152203865128481,-0.0931361562361123,0.2180492522598064,0.4337107543338142,124,1.0203923411596088,0.000409097430333,validation
2023,500,0.8,pct_up_1d,Q5,0.0108683915424749,-0.1020315479653465,0.1806067666536092,0.251198542684752,65,1.1785831901475792,0.0048794060972501,validation
2023,500,0.8,new_low_relief_1d,Q1,0.0230829015650901,-0.1002124410324465,0.3126041346638609,0.4156923396202889,107,1.0876647188067596,0.0020279019019801,validation
2023,500,0.8,new_low_relief_1d,Q5,0.1271228208239097,-0.0450682814502518,1.5923310547174392,0.2409707355971315,76,1.7595264541251203,0.0156004412965205,validation
2023,500,0.8,new_low_relief_3d,Q1,0.1290852413239391,-0.0739187111123053,1.3360618982815389,0.4398134872046055,133,1.4490740360870935,0.0092584705362497,validation
2023,500,0.8,new_low_relief_3d,Q5,0.0169270760790047,-0.068622431396239,0.2776168554495325,0.1996628513328766,59,1.2158780465646728,0.0050543596870645,validation
2023,500,0.8,ma50_recovery_3d,Q1,0.0757422197061643,-0.0524158770409355,1.0443446607324818,0.359674860830753,102,1.332592579242501,0.0066906762764428,validation
2023,500,0.8,ma50_recovery_3d,Q5,0.0326003928758777,-0.0916539137876453,0.4405121954999275,0.3096077883039504,89,1.1957864745851567,0.0050149977990327,validation
2023,500,0.8,ret20_recovery_3d,Q1,0.0315184226840632,-0.0483361565743818,0.5116994999240789,0.2902794107133545,74,1.2235643014289774,0.0045027461649236,validation
2023,500,0.8,ret20_recovery_3d,Q5,0.0712594251785929,-0.0836805332623765,0.8420070003134114,0.3056129149669841,88,1.7051904097503907,0.0170541180856801,validation
2023,500,0.8,median_ret20_recovery_3d,Q1,0.0284262405525925,-0.0453791915841522,0.4354357669189727,0.2834036409561494,77,0.9717837137570492,-0.0006409293755493,validation
2023,500,0.8,median_ret20_recovery_3d,Q5,0.082851533009125,-0.0567420661520566,1.1587849001984858,0.2200748099455306,60,2.123578534128434,0.0249211606490304,validation
2024,300,0.6,ALL,ALL,-0.0328611320244912,-0.1027975480639838,-0.2964963774929456,0.4227361092132097,149,0.928591767148448,-0.0016809053166312,validation
2024,300,0.6,pct_up_1d,Q1,0.005780182349808,-0.032137709407317,0.1351128188527802,0.1897975717047166,56,1.0657959318669787,0.0013302461468304,validation
2024,300,0.6,pct_up_1d,Q5,0.0184255755988025,-0.0226564851874317,0.5763041862445292,0.0207596068829746,10,1.7493639894540658,0.0193694120106013,validation
2024,300,0.6,new_low_relief_1d,Q1,-0.047209535843077,-0.0667550824861579,-0.8152046572071953,0.1627105442484461,49,0.6443018360699344,-0.0094954333721687,validation
2024,300,0.6,new_low_relief_1d,Q5,0.1040388489670538,-0.0126594971724,2.3501501928447426,0.0370396392638125,13,28.21303116808848,0.0782626743983355,validation
2024,300,0.6,new_low_relief_3d,Q1,4.120974701038449e-05,-0.0289532479258506,0.0230068488274317,0.1295195638866488,44,1.0080466412167526,0.0001583729304449,validation
2024,300,0.6,new_low_relief_3d,Q5,0.0650949626535277,-0.02389706703511,1.4111168756319814,0.0571510214913154,23,2.7676163341419837,0.0289155411809862,validation
2024,300,0.6,ma50_recovery_3d,Q1,-0.005572481186893,-0.0471948708448315,-0.0576005388967024,0.1565129052642607,54,0.97448586927824,-0.0006723971487235,validation
2024,300,0.6,ma50_recovery_3d,Q5,-0.0152541980271222,-0.0402131380647758,-0.3030993542088291,0.0942816658311542,41,0.872808136263306,-0.0033450983758973,validation
2024,300,0.6,ret20_recovery_3d,Q1,-0.0372145442833029,-0.0601950487292972,-0.725018947311721,0.1439390216461512,39,0.6134471206469261,-0.0096142530342692,validation
2024,300,0.6,ret20_recovery_3d,Q5,-0.0971184664767796,-0.1070918948483321,-2.1740655214273765,0.0965737225824213,34,0.2633093748522425,-0.0295970491537288,validation
2024,300,0.6,median_ret20_recovery_3d,Q1,-0.0005850078279863,-0.0519935267816656,0.0084911153437442,0.0974537406826175,30,1.015498449719712,0.0003719027415896,validation
2024,300,0.6,median_ret20_recovery_3d,Q5,-0.0700931885572671,-0.0720397915381654,-2.8275378042921955,0.0480078379813645,18,0.0792544845480667,-0.0399692012612406,validation
2024,300,0.8,ALL,ALL,-0.0156914648310235,-0.1079530208899136,-0.0937220586910712,0.4959102152169116,152,0.9522605241776104,-0.0011777278394057,validation
2024,300,0.8,pct_up_1d,Q1,0.0087772578997107,-0.0310372831302568,0.1931345332937861,0.1939999563080893,55,1.1030246228808835,0.0021260191235065,validation
2024,300,0.8,pct_up_1d,Q5,0.0092426450587799,-0.0365971376380142,0.2773553968875527,0.0329821281484295,10,1.379344046263119,0.0099672397085768,validation
2024,300,0.8,new_low_relief_1d,Q1,-0.0429158622823336,-0.0667548366958158,-0.7352455108672709,0.1664340999007092,49,0.6787259371345535,-0.0085764751339694,validation
2024,300,0.8,new_low_relief_1d,Q5,0.1089421037276536,-0.017918116606732,2.034680570894214,0.0591385283603166,13,29.412605498081792,0.0817125618667689,validation
2024,300,0.8,new_low_relief_3d,Q1,0.0109106819506155,-0.0289532479258508,0.2530859887092082,0.1491847172070571,44,1.1339220940633012,0.0026443204143538,validation
2024,300,0.8,new_low_relief_3d,Q5,0.0692844124667442,-0.0249592645310378,1.2205112160506657,0.0850430753586584,23,2.6268878115619936,0.0306723939853075,validation
2024,300,0.8,ma50_recovery_3d,Q1,-0.0175827119468606,-0.0600519005983481,-0.2280292484047211,0.1949027033431735,54,0.8949917660329545,-0.0028857422684043,validation
2024,300,0.8,ma50_recovery_3d,Q5,-0.0436526509723959,-0.0620362914451401,-0.8124069200373365,0.1282015904665005,41,0.6612742696526355,-0.0105734578637135,validation
2024,300,0.8,ret20_recovery_3d,Q1,-0.0286675999150481,-0.0555463172469046,-0.5321682146363889,0.1599948450234249,39,0.7042871767523121,-0.0073549003513814,validation
2024,300,0.8,ret20_recovery_3d,Q5,-0.1105526059250606,-0.1203776378320204,-2.3852902820823525,0.1123504775149874,34,0.2332923258360657,-0.0340539212518536,validation
2024,300,0.8,median_ret20_recovery_3d,Q1,-0.0046692813479014,-0.0499030640114577,-0.0810058023130647,0.1162468965258024,30,0.9550812457925608,-0.0010820493447938,validation
2024,300,0.8,median_ret20_recovery_3d,Q5,-0.0662696658011975,-0.0682242726817371,-2.5632807538291726,0.0492783724740978,18,0.1311598131627802,-0.0377160113286086,validation
2024,500,0.6,ALL,ALL,0.5039481210972423,-0.0589177464510047,1.1598257126069615,0.6160326356213762,255,1.7908247478859909,0.0177411429490812,validation
2024,500,0.6,pct_up_1d,Q1,-0.0071688746804474,-0.0776342108498225,-0.0638816939788171,0.2861722594528401,97,0.9689303916127384,-0.0007269365311616,validation
2024,500,0.6,pct_up_1d,Q5,0.051602701939571,-0.0311438349760442,1.189187755011629,0.0470157833711454,18,2.4243041875134765,0.0291268566245355,validation
2024,500,0.6,new_low_relief_1d,Q1,-0.0272040256635098,-0.079089203247969,-0.3494040455584906,0.2863999254123522,99,0.886023389521919,-0.0026582352015153,validation
2024,500,0.6,new_low_relief_1d,Q5,0.138046266629537,-0.01362367209599,2.4080669275987003,0.0570196764948568,22,9.67591941491268,0.0650936339001646,validation
2024,500,0.6,new_low_relief_3d,Q1,-0.0527847817633093,-0.0829676716530773,-0.7362529274715847,0.2465842823535735,96,0.767269786180882,-0.0059240855950981,validation
2024,500,0.6,new_low_relief_3d,Q5,0.0628498341116698,-0.0461886570377396,1.3141735301238595,0.0865340848112659,29,2.51548005795194,0.0240277523329733,validation
2024,500,0.6,ma50_recovery_3d,Q1,0.0795845077600654,-0.0411161920475571,1.2154616408463224,0.1940582614989553,79,1.6158017809159153,0.0121700707111788,validation
2024,500,0.6,ma50_recovery_3d,Q5,0.0446165214191427,-0.0546284699293017,0.6672080626452903,0.2235404956380893,74,1.2880435127295782,0.0065520961972909,validation
2024,500,0.6,ret20_recovery_3d,Q1,0.4831338549478241,-0.0482085503293382,1.1411171888752818,0.2462404788459988,87,3.606261519695066,0.0518616520347789,validation
2024,500,0.6,ret20_recovery_3d,Q5,-0.1100978562744319,-0.1296273052099888,-1.8290151543999071,0.1924121571149019,59,0.3483271577737129,-0.0228395427175703,validation
2024,500,0.6,median_ret20_recovery_3d,Q1,0.413057760335213,-0.0548089053908632,1.0236433397483264,0.1810941487730592,57,4.30327442111235,0.0718777903620109,validation
2024,500,0.6,median_ret20_recovery_3d,Q5,-0.0642109695240782,-0.0707413172878645,-1.7407105272609442,0.1151314091516722,36,0.407759645202349,-0.0181173359883107,validation
2024,500,0.8,ALL,ALL,0.4790940663610494,-0.0765175447230429,1.115567091370614,0.6867864170602928,247,1.6993231284478263,0.0171086145559001,validation
2024,500,0.8,pct_up_1d,Q1,-0.0227162593878555,-0.0871777381152097,-0.2597022760090614,0.3291721711985301,96,0.9101872286096688,-0.0022153837393185,validation
2024,500,0.8,pct_up_1d,Q5,0.0407714806289285,-0.0387085190548731,0.765686119511641,0.0641887429738512,18,2.167983847018953,0.0237023298285812,validation
2024,500,0.8,new_low_relief_1d,Q1,-0.0643325450499694,-0.0932127664241876,-0.8422137782871395,0.3234638202622243,97,0.7034004646651664,-0.0073243162500574,validation
2024,500,0.8,new_low_relief_1d,Q5,0.1490649508606045,-0.0200948534573998,2.073947086655477,0.0801672542197028,21,12.41754962832328,0.0760726253837479,validation
2024,500,0.8,new_low_relief_3d,Q1,-0.0726761518305108,-0.0956709442283145,-0.9304194586612504,0.288109123118861,96,0.7031210298001409,-0.0080373439881146,validation
2024,500,0.8,new_low_relief_3d,Q5,0.0843529249375516,-0.0461886570377396,1.3097144620637011,0.1179057201258571,30,2.805134486762657,0.0311189964438404,validation
2024,500,0.8,ma50_recovery_3d,Q1,0.0878251238376697,-0.0453708999613838,1.163053677800788,0.2496249734435299,78,1.5812351635945356,0.0118739682170773,validation
2024,500,0.8,ma50_recovery_3d,Q5,0.025273347840981,-0.0859934945567607,0.3316774434458691,0.2879548213234501,74,1.1612151338897556,0.0040350678651898,validation
2024,500,0.8,ret20_recovery_3d,Q1,0.4720177544486512,-0.0554027315328097,1.1177632948103555,0.2966195734202569,87,3.285425797574604,0.0506139064651158,validation
2024,500,0.8,ret20_recovery_3d,Q5,-0.1274427902596412,-0.145384451063023,-1.9309175150552904,0.230576582348103,59,0.2736620583512588,-0.0272311405227099,validation
2024,500,0.8,median_ret20_recovery_3d,Q1,0.4289229616892789,-0.0522907432551341,1.0497467656915025,0.2073942549165403,57,4.389183420086243,0.0739128588273048,validation
2024,500,0.8,median_ret20_recovery_3d,Q5,-0.0667319850097594,-0.0716144818393547,-1.5316566303248889,0.1418435412154179,36,0.3517372497524419,-0.0198311276153314,validation
2025,300,0.6,ALL,ALL,0.3313683032256924,-0.068165856786273,1.1032198652964156,0.3600070098959776,141,2.380346932461017,0.0256411725357868,validation
2025,300,0.6,pct_up_1d,Q1,0.3780811680586999,-0.0306019816324262,1.2424327388036405,0.1245648261069756,33,7.879561103979933,0.1074561622683337,validation
2025,300,0.6,pct_up_1d,Q5,-0.0097939674362138,-0.0197059361993735,-0.6354069502871,0.0273428049528535,9,0.6989514080686342,-0.0106541695961823,validation
2025,300,0.6,new_low_relief_1d,Q1,0.3577893043773688,-0.035851869567446,1.186975657221139,0.1436518706470371,42,5.109367708977126,0.0809010874912567,validation
2025,300,0.6,new_low_relief_1d,Q5,-0.01826538798802,-0.0381575668514179,-0.6969136083839423,0.0345821276210926,10,0.4687079687835609,-0.0182362236409945,validation
2025,300,0.6,new_low_relief_3d,Q1,0.4213548332187398,-0.020142789987627,1.3606098880236157,0.1259437746464743,37,10.155126713378923,0.1076467820675966,validation
2025,300,0.6,new_low_relief_3d,Q5,0.0101705506381222,-0.0094102942452344,0.9590889979466682,0.0189967308712565,8,2.136740429538341,0.012747710252868,validation
2025,300,0.6,ma50_recovery_3d,Q1,0.3404283299620907,-0.0372525283503918,1.1535644188970469,0.1221665176408174,55,4.998458152761595,0.0661122287145197,validation
2025,300,0.6,ma50_recovery_3d,Q5,-0.0101381108517205,-0.0311249481642015,-0.2991112717765717,0.0956299647705865,35,1.1194868734735162,0.002596836426424,validation
2025,300,0.6,ret20_recovery_3d,Q1,0.0269491782187367,-0.0281895016209269,0.8010271010794077,0.0817698866466678,26,1.4490849265388543,0.0103774330613894,validation
2025,300,0.6,ret20_recovery_3d,Q5,0.0147972678795467,-0.0366112997984772,0.3841742571512189,0.1331431898180433,41,1.1669214015664358,0.0032248152410207,validation
2025,300,0.6,median_ret20_recovery_3d,Q1,0.0358700966869423,-0.0318636005194108,0.873573154160446,0.0988349341270062,29,1.5556664578992918,0.0124428864435696,validation
2025,300,0.6,median_ret20_recovery_3d,Q5,-0.0016059249611368,-0.0291776209029402,-0.0414202130900416,0.0962694010262381,29,1.064765486211172,0.0011778293905925,validation
2025,300,0.8,ALL,ALL,0.3117923574433392,-0.0701853458696499,1.0498283769416747,0.4152470821178786,140,2.463057968937732,0.0283000459807493,validation
2025,300,0.8,pct_up_1d,Q1,0.3769433366320409,-0.0305877319371608,1.2368017000423517,0.166468071003225,33,7.77881279696084,0.1072162395717787,validation
2025,300,0.8,pct_up_1d,Q5,-0.0082910863459155,-0.0192689045787327,-0.4949382881627518,0.0382984012644828,9,0.7479535136672,-0.0089199753245273,validation
2025,300,0.8,new_low_relief_1d,Q1,0.364266278754251,-0.0348277498533197,1.2005996207862808,0.2034893900351294,42,5.173908109008152,0.0821716938033237,validation
2025,300,0.8,new_low_relief_1d,Q5,-0.0222720019983259,-0.0378305593249833,-0.8325218512927216,0.0425148739594085,11,0.3497659500179954,-0.0202898403715457,validation
2025,300,0.8,new_low_relief_3d,Q1,0.4408922710197669,-0.0201282735462852,1.4052987636993075,0.1755102269463914,37,10.579620004705747,0.1126380113810956,validation
2025,300,0.8,new_low_relief_3d,Q5,0.0135257468271137,-0.0094102942452343,1.122193880852543,0.0279737527961997,8,2.511569710492489,0.0169511457459075,validation
2025,300,0.8,ma50_recovery_3d,Q1,0.3563800522483311,-0.0375485171874911,1.1930400560472407,0.1512424290711509,56,5.052044724077742,0.0687331886759482,validation
2025,300,0.8,ma50_recovery_3d,Q5,-0.0099147889305899,-0.0285530789546804,-0.298642947510083,0.1006031560248521,31,1.236396017792405,0.0051554476593664,validation
2025,300,0.8,ret20_recovery_3d,Q1,0.0401901417177812,-0.0274998462918136,1.0647963345415234,0.1160721660764561,27,1.6539251874477072,0.014708460557556,validation
2025,300,0.8,ret20_recovery_3d,Q5,0.0137722582309534,-0.0350507449275204,0.3340200087853759,0.1468855074018888,35,1.280130073264956,0.0052953004236618,validation
2025,300,0.8,median_ret20_recovery_3d,Q1,0.0479145450650646,-0.0240010979328861,1.1225569998706804,0.1320827544833632,30,1.7269214265631403,0.0158924837823107,validation
2025,300,0.8,median_ret20_recovery_3d,Q5,0.007127366490804,-0.0347997862458223,0.2402477964312482,0.1109932362299372,28,1.2977920570296115,0.0060840896847828,validation
2025,500,0.6,ALL,ALL,0.1349116395890177,-0.0913425269520015,0.964721537596126,0.569469830304512,301,2.7046837570821083,0.0298053887870792,validation
2025,500,0.6,pct_up_1d,Q1,0.9355413412584253,-0.0253899451252385,1.231450061841612,0.2196482640775891,69,10.326201078061011,0.1192142063461149,validation
2025,500,0.6,pct_up_1d,Q5,0.0033891880515337,-0.0396896357169314,0.1356232209878715,0.052222182859546,16,1.090586286035329,0.002687582792671,validation
2025,500,0.6,new_low_relief_1d,Q1,0.8225729408423188,-0.0453843614171222,1.137590909603915,0.2684616370671903,86,6.278370427992654,0.0915571231122729,validation
2025,500,0.6,new_low_relief_1d,Q5,-0.0153461494721985,-0.0358784762404468,-0.4527431810273203,0.0479512064645069,20,0.7315486027355051,-0.0074542785734663,validation
2025,500,0.6,new_low_relief_3d,Q1,0.414150446340102,-0.0524053887974966,1.1790405641898856,0.2327039751593043,78,6.339431186091005,0.0961455292759226,validation
2025,500,0.6,new_low_relief_3d,Q5,0.0337594347380871,-0.0246999148335531,1.2938939746707103,0.0502197179720727,18,2.3286732000594834,0.0188228259147154,validation
2025,500,0.6,ma50_recovery_3d,Q1,0.3842417852590181,-0.0538803565806482,1.1360197929218463,0.2101240829321183,71,6.181023857569931,0.1033460492485932,validation
2025,500,0.6,ma50_recovery_3d,Q5,-0.0152812666731628,-0.0633574280352555,-0.3346119829209465,0.1333654661692969,59,1.0436047920024916,0.0009289154880657,validation
2025,500,0.6,ret20_recovery_3d,Q1,0.0012339997876771,-0.0475763045266265,0.0505722371441449,0.1875633008275213,63,0.9679760334314804,-0.0007709344421562,validation
2025,500,0.6,ret20_recovery_3d,Q5,0.0003066100955506,-0.0773751796532307,0.0347157901814675,0.2019861776185774,78,1.1340179684500926,0.0027982636741628,validation
2025,500,0.6,median_ret20_recovery_3d,Q1,0.0183798983727874,-0.0415021353617217,0.3417807626351795,0.2020630633545957,65,1.0849107857980738,0.0019258721116456,validation
2025,500,0.6,median_ret20_recovery_3d,Q5,0.0698200196318841,-0.0226135932661838,1.950022282307416,0.1011548113925237,38,2.5694430989262,0.020618399319239,validation
2025,500,0.8,ALL,ALL,0.1072550315772014,-0.0894626118040764,0.7761395591022461,0.6371495050978003,298,2.4838217048569247,0.0292954574008335,validation
2025,500,0.8,pct_up_1d,Q1,0.9240740301654058,-0.0253756156836367,1.216201660005277,0.2938070985521798,69,8.233753747361044,0.1170432746911985,validation
2025,500,0.8,pct_up_1d,Q5,0.0170333987631097,-0.0396896357169314,0.560586622958334,0.079461291453962,16,1.3857677057902622,0.0114452495341927,validation
2025,500,0.8,new_low_relief_1d,Q1,0.7971237588256583,-0.0508224843832341,1.1111046772681878,0.3368233339681529,86,5.327424189185231,0.0885991112879977,validation
2025,500,0.8,new_low_relief_1d,Q5,-0.0060030889805171,-0.0316068270047018,-0.1437626490959761,0.0699895815549945,21,0.9064644670631976,-0.0024735874906554,validation
2025,500,0.8,new_low_relief_3d,Q1,0.4059284587444367,-0.0597993783764523,1.1490822475006297,0.2948910264913461,78,6.015108212833772,0.0961323271713803,validation
2025,500,0.8,new_low_relief_3d,Q5,0.0462387874063947,-0.0246999148335531,1.5107098121635911,0.0798215360829424,18,2.812467019000347,0.0256765555091195,validation
2025,500,0.8,ma50_recovery_3d,Q1,0.366878209089589,-0.0537977665429103,1.0843195306555764,0.2708371388834431,72,5.566042103608692,0.0987508918888911,validation
2025,500,0.8,ma50_recovery_3d,Q5,-0.0356917211422953,-0.0712329766572946,-0.7790592318919882,0.1515181457168515,53,0.9600725527795384,-0.001039321160679,validation
2025,500,0.8,ret20_recovery_3d,Q1,0.0240014316115986,-0.0469005144108809,0.4304646895878,0.2228349500016231,64,1.0019967989061571,4.909105393802182e-05,validation
2025,500,0.8,ret20_recovery_3d,Q5,0.0032423173550901,-0.0687299952266788,0.0834147233533589,0.2298301188236466,69,1.1596194052816955,0.0035985388285195,validation
2025,500,0.8,median_ret20_recovery_3d,Q1,0.0640093169650299,-0.0408223612949857,1.0600035867869766,0.2329470101898637,66,1.267446072266624,0.00620419732847,validation
2025,500,0.8,median_ret20_recovery_3d,Q5,0.0738516734879159,-0.0309759913306644,1.8564826715095888,0.131666727271404,37,2.289882806364068,0.024421761301925,validation
2026,300,0.6,ALL,ALL,0.045716738915448,-0.0133461304714033,3.2449488436418643,0.3709968310575511,42,1.8684071505113915,0.013465806315414,validation
2026,300,0.6,pct_up_1d,Q1,0.0143832172104509,-0.0182982472163096,1.427495324394286,0.1007594563592635,11,1.6520760433739317,0.0131801970630286,validation
2026,300,0.6,pct_up_1d,Q5,-0.0044623101059754,-0.0053645747349476,-2.490993145567423,0.0194970306431571,1,0.0,-0.0446231010597546,validation
2026,300,0.6,new_low_relief_1d,Q1,0.025413354205567,-0.0138522113957872,2.320259061556328,0.1682524898407841,18,1.8105140368745776,0.01400377734642,validation
2026,300,0.6,new_low_relief_1d,Q5,-0.0044623101059754,-0.0053645747349476,-2.490993145567423,0.0194970306431571,1,0.0,-0.0446231010597546,validation
2026,300,0.6,new_low_relief_3d,Q1,0.0204326751855097,-0.0110658752683628,2.2928912322726145,0.1403482398895275,14,2.0406628249644303,0.0144868427331936,validation
2026,300,0.6,new_low_relief_3d,Q5,0.0,0.0,,0.0,0,,,validation
2026,300,0.6,ma50_recovery_3d,Q1,0.0467839786428638,-0.0095920746704012,2.9653165359495475,0.172902368154253,16,3.282648500372882,0.0288654322063839,validation
2026,300,0.6,ma50_recovery_3d,Q5,-0.0283826339910567,-0.0301955861246697,-3.573859136026982,0.1252600304072875,10,0.138850326849342,-0.0287026516613134,validation
2026,300,0.6,ret20_recovery_3d,Q1,0.0012910456090302,-0.0106151749313873,0.2468793115013245,0.0323487815209824,1,,0.0129104560903023,validation
2026,300,0.6,ret20_recovery_3d,Q5,-0.0116106708394128,-0.0116106708394128,-5.153727393287395,0.0193626103424701,3,0.0,-0.0387022361313762,validation
2026,300,0.6,median_ret20_recovery_3d,Q1,0.0130859773528966,-0.0114909596773489,1.4385046019297818,0.0832704218014536,7,2.474946023297593,0.0186725274178407,validation
2026,300,0.6,median_ret20_recovery_3d,Q5,0.0,0.0,,0.0,0,,,validation
2026,300,0.8,ALL,ALL,0.0520249674511086,-0.0175404993569673,3.319582545253468,0.4102947773564986,43,1.8751456194297929,0.0152823975062583,validation
2026,300,0.8,pct_up_1d,Q1,0.0179387458439548,-0.0182982472163096,1.5882210951996738,0.1426012096419749,11,1.8105794720450965,0.0163839743621337,validation
2026,300,0.8,pct_up_1d,Q5,-0.0044623101059754,-0.0053645747349476,-2.490993145567423,0.0194970306431571,1,0.0,-0.0446231010597546,validation
2026,300,0.8,new_low_relief_1d,Q1,0.0341046509447793,-0.0138522113957872,2.6715804905480325,0.2203461393545783,17,2.0842348320715125,0.0198349721722135,validation
2026,300,0.8,new_low_relief_1d,Q5,-0.0044623101059754,-0.0053645747349476,-2.490993145567423,0.0194970306431571,1,0.0,-0.0446231010597546,validation
2026,300,0.8,new_low_relief_3d,Q1,0.0290283939066466,-0.0113115701439595,2.569213373074,0.1924243367841606,13,2.477453355238895,0.0221494102274446,validation
2026,300,0.8,new_low_relief_3d,Q5,0.0,0.0,,0.0,0,,,validation
2026,300,0.8,ma50_recovery_3d,Q1,0.0563683908438792,-0.0104038410314101,3.457973910234048,0.2282750931496555,16,3.867797494978561,0.036264985239479,validation
2026,300,0.8,ma50_recovery_3d,Q5,-0.0321783350062058,-0.0339842046971878,-4.206677002262932,0.1303067147629491,10,0.0803555705048614,-0.0324983526764625,validation
2026,300,0.8,ret20_recovery_3d,Q1,0.0012910456090302,-0.0106151749313873,0.2468793115013245,0.0323487815209824,1,,0.0129104560903023,validation
2026,300,0.8,ret20_recovery_3d,Q5,-0.0116106708394128,-0.0116106708394128,-5.153727393287395,0.0193626103424701,3,0.0,-0.0387022361313762,validation
2026,300,0.8,median_ret20_recovery_3d,Q1,0.0151476728123276,-0.0114706261713171,1.5997144745664915,0.0832475648647162,7,2.70729414370031,0.0216140090586425,validation
2026,300,0.8,median_ret20_recovery_3d,Q5,0.0,0.0,,0.0,0,,,validation
2026,500,0.6,ALL,ALL,0.0119024965201806,-0.0214230189607468,0.7393402123434956,0.4129461945758856,98,1.166156971743626,0.0031127356119019,validation
2026,500,0.6,pct_up_1d,Q1,-0.0341706107539337,-0.0359753165567692,-1.9827994118846848,0.1818402793035003,23,0.5268632500192985,-0.0147723742365404,validation
2026,500,0.6,pct_up_1d,Q5,-0.000503521249715,-0.0053434403544698,-0.171740550709706,0.0194200753952741,2,0.8871613048494863,-0.0025176062485761,validation
2026,500,0.6,new_low_relief_1d,Q1,-0.0031858980938795,-0.027497685067074,-0.2135290264871153,0.241090139183128,33,1.1221058412597733,0.0025124590226365,validation
2026,500,0.6,new_low_relief_1d,Q5,-0.000503521249715,-0.0053434403544698,-0.171740550709706,0.0194200753952741,2,0.8871613048494863,-0.0025176062485761,validation
2026,500,0.6,new_low_relief_3d,Q1,0.0036007941793239,-0.0125958207102672,0.3413741746251523,0.2365272129161282,30,1.2313284917244904,0.0040081414490563,validation
2026,500,0.6,new_low_relief_3d,Q5,-0.0012145783594983,-0.0012145783594983,-2.438903989850291,0.0016362034313442,1,0.0,-0.0121457835949839,validation
2026,500,0.6,ma50_recovery_3d,Q1,0.0404059145115076,-0.0151971578759663,2.5909613031819183,0.2184416617711477,27,2.4941525929727546,0.0215042975553329,validation
2026,500,0.6,ma50_recovery_3d,Q5,-0.0455736426891123,-0.0488906566731462,-3.776193618751911,0.219693722166781,18,0.1605239448288559,-0.0282695085904383,validation
2026,500,0.6,ret20_recovery_3d,Q1,-0.0110255763325982,-0.0197228940017171,-1.7059079479358326,0.0406693455314205,4,0.399459342400972,-0.0275636807303053,validation
2026,500,0.6,ret20_recovery_3d,Q5,-0.0280718261313843,-0.0280718261313843,-5.251998871455967,0.0443736811711454,6,0.0,-0.0467863768856411,validation
2026,500,0.6,median_ret20_recovery_3d,Q1,-0.0078594625783633,-0.0115973041619679,-1.3197165394413697,0.0390048855670477,4,0.1409227715020365,-0.0196758102301113,validation
2026,500,0.6,median_ret20_recovery_3d,Q5,0.0,0.0,,0.0,0,,,validation
2026,500,0.8,ALL,ALL,-0.0068676055603673,-0.0342245793685378,-0.3748060976226351,0.4739554362327755,90,1.1253622843465287,0.0026930714053685,validation
2026,500,0.8,pct_up_1d,Q1,-0.0379203173313575,-0.0428081074492279,-2.066400965980163,0.2618367126292297,23,0.4905451020347321,-0.0164294160931876,validation
2026,500,0.8,pct_up_1d,Q5,-0.0155532213088933,-0.0156633028467757,-4.232515008873245,0.0306106458769229,2,0.0,-0.0777661065444671,validation
2026,500,0.8,new_low_relief_1d,Q1,-0.0018494280900414,-0.0350250556048599,-0.0981374929552641,0.287998890500379,32,1.136791770988749,0.003003549442643,validation
2026,500,0.8,new_low_relief_1d,Q5,-0.0155532213088933,-0.0156633028467757,-4.232515008873245,0.0306106458769229,2,0.0,-0.0777661065444671,validation
2026,500,0.8,new_low_relief_3d,Q1,0.0070489092336889,-0.014706187810895,0.5611913598148439,0.2831658901947587,29,1.078315549435796,0.0015862425056482,validation
2026,500,0.8,new_low_relief_3d,Q5,-0.0012145783594983,-0.0012145783594983,-2.438903989850291,0.0016362034313442,1,0.0,-0.0121457835949839,validation
2026,500,0.8,ma50_recovery_3d,Q1,0.0295695581892845,-0.0125124762450018,2.1917534663856904,0.2738689763565961,27,2.2448523062128216,0.0190051430555537,validation
2026,500,0.8,ma50_recovery_3d,Q5,-0.0487328850548097,-0.0520389194058676,-4.151378198349044,0.2239962653762341,18,0.1268206309588646,-0.0303782313766322,validation
2026,500,0.8,ret20_recovery_3d,Q1,-0.0110255763325982,-0.0197228940017171,-1.7059079479358326,0.0406693455314205,4,0.399459342400972,-0.0275636807303053,validation
2026,500,0.8,ret20_recovery_3d,Q5,-0.0280718261313843,-0.0280718261313843,-5.251998871455967,0.0443736811711454,6,0.0,-0.0467863768856411,validation
2026,500,0.8,median_ret20_recovery_3d,Q1,-0.0078594625783633,-0.0115973041619679,-1.3197165394413697,0.0390048855670477,4,0.1409227715020365,-0.0196758102301113,validation
2026,500,0.8,median_ret20_recovery_3d,Q5,0.0,0.0,,0.0,0,,,validation
