rank_cap,target_fraction,period,dimension,bin,n,mean_trade,median_trade,profit_factor,win_rate,target_share,stop_share,max_hold_share,mean_holding_sessions,mean_mfe_return,mean_mae_return,unique_symbols,mean_box_width_pct,mean_box_age,mean_entry_box_position,mean_stop_distance_pct,mean_target_distance_pct,median_liquidity_rank,median_adv20_prior
300,0.6,discovery,box_width_pct,Q1,265,-0.003001043932394319,-0.0072990839206231,0.7810428253324594,0.39622641509433965,0.3283018867924528,0.5509433962264151,0.12075471698113208,8.007547169811321,0.021476653500205632,-0.0213337647658056,105,0.10063278558861302,10.924528301886792,0.24214636308206133,0.024301385170808314,0.03607828618235944,135.0,477894552.7445
300,0.6,discovery,box_width_pct,Q2,265,0.0015600313635619773,-0.015204366004855,1.0794878648265887,0.4188679245283019,0.3132075471698113,0.539622641509434,0.1471698113207547,8.879245283018868,0.036219118725014314,-0.030814192339616613,103,0.1553882890835816,8.486792452830189,0.2160772481916244,0.03348527994222683,0.05974769350792207,147.0,438521779.00650007
300,0.6,discovery,box_width_pct,Q3,264,0.0007473999085324711,-0.019521577757495898,1.0309350536979611,0.3787878787878788,0.2878787878787879,0.5643939393939394,0.14772727272727273,10.261363636363637,0.043285562180331735,-0.036533547942713754,109,0.20295339968578682,10.291666666666666,0.21053685949670717,0.04247789095657579,0.07929414885489623,146.0,467314996.67324996
300,0.6,discovery,box_width_pct,Q4,265,0.00344102810311458,-0.0131279005170862,1.1240457551627905,0.44528301886792454,0.3132075471698113,0.5056603773584906,0.1811320754716981,9.60377358490566,0.05234951762138898,-0.04788595628138715,98,0.24555114530756494,9.369811320754717,0.2190103593750348,0.05384424779954172,0.09348643938499715,157.0,387397059.1585
300,0.6,discovery,box_width_pct,Q5,265,-0.0032146302053122026,-0.0309911036591878,0.9043138427977345,0.3320754716981132,0.24528301886792453,0.6452830188679245,0.10943396226415095,8.256603773584906,0.05731192612236646,-0.04784186303689978,105,0.2911610534863343,9.41132075471698,0.1800911017965782,0.05192595720352332,0.12277067488827723,144.0,459649891.512
300,0.6,discovery,box_age_sessions,Q1,237,0.016721459565840383,0.0203378771234072,2.060285446386205,0.5654008438818565,0.37130801687763715,0.3881856540084388,0.24050632911392406,11.130801687763713,0.05196967775211841,-0.029291431401299806,109,0.2067530240784602,0.20253164556962025,0.2100679397203757,0.04252613061499006,0.08152568383208599,133.0,379213006.136
300,0.6,discovery,box_age_sessions,Q2,267,-0.008050963366140777,-0.022573490807393,0.7153201659642472,0.3258426966292135,0.25842696629213485,0.602996254681648,0.13857677902621723,8.224719101123595,0.03761132996489769,-0.042052815242163984,154,0.19571746526375466,4.194756554307116,0.2234342013087327,0.04201738862975328,0.07541309052849945,127.0,500981860.649
300,0.6,discovery,box_age_sessions,Q3,241,0.0018402489687193847,-0.0176198701332321,1.0745805870564473,0.4024896265560166,0.35269709543568467,0.5726141078838174,0.07468879668049792,8.174273858921161,0.047630871982495986,-0.03819646607365751,149,0.2061764070950039,8.618257261410788,0.21302450401949596,0.042233666084863,0.08147217817213928,149.0,453444432.91175
300,0.6,discovery,box_age_sessions,Q4,302,-0.005292629125977838,-0.01976491545954585,0.7949490410015256,0.3443708609271523,0.26158940397350994,0.6291390728476821,0.10927152317880795,8.473509933774835,0.038827256575825246,-0.037921460225863284,154,0.19550650113035903,13.533112582781458,0.20229652133563067,0.038795186847017195,0.07850871383119815,153.5,436927266.28699994
300,0.6,discovery,box_age_sessions,Q5,277,-0.002826945905166125,-0.0172030843046561,0.8783122461618278,0.36101083032490977,0.26353790613718414,0.5848375451263538,0.15162454873646208,9.220216606498195,0.0368705425481067,-0.03611601871996876,158,0.19373829459307101,19.87725631768953,0.21984616147983826,0.041028657469872234,0.0752143192859703,141.0,487774678.951
300,0.6,discovery,central_geometry,Q2_Q4_both,454,-0.005475314246302655,-0.021633161069878448,0.8026592959565007,0.3458149779735683,0.2687224669603524,0.6057268722466961,0.12555066079295155,8.766519823788546,0.04155351865373716,-0.04199793633452516,169,0.19958651428444607,8.984581497797357,0.2094255246840704,0.04166727435263456,0.07808463421803301,154.0,439624787.5145
300,0.6,validation,box_width_pct,Q1,187,0.00212823578530092,-0.0032990600920643,1.1938510574005867,0.47058823529411764,0.40106951871657753,0.49732620320855614,0.10160427807486631,7.951871657754011,0.022365337799042515,-0.02001802443687636,82,0.09680499566778018,9.83957219251337,0.2438830689170121,0.023401811356165033,0.03468118604450301,166.0,480187982.6035
300,0.6,validation,box_width_pct,Q2,227,-0.00029101658972023684,-0.0109913136818251,0.985612296607362,0.41409691629955947,0.33480176211453744,0.5550660792951542,0.11013215859030837,7.682819383259912,0.03610736369163602,-0.030401197343379288,93,0.1564104525099731,10.986784140969164,0.21444271960405278,0.033329248980631714,0.060517022525352085,158.0,476449398.7035
300,0.6,validation,box_width_pct,Q3,236,0.0008006348384389681,-0.02012092580200755,1.0372212252707234,0.3601694915254237,0.2245762711864407,0.5932203389830508,0.18220338983050846,10.161016949152541,0.040888531338676315,-0.034861888368500855,88,0.19705275279211926,11.860169491525424,0.19282241668804898,0.03807126213344148,0.08016038954183,154.5,498606785.43325007
300,0.6,validation,box_width_pct,Q4,126,0.016414697022700694,-0.016809887465295,1.710722611258123,0.4523809523809524,0.3253968253968254,0.5238095238095238,0.15079365079365079,8.912698412698413,0.062424827523452575,-0.0364892514904761,64,0.24420529004981717,11.19047619047619,0.19441441925236672,0.04766826862383558,0.09885490540605461,157.5,480567398.11275
300,0.6,validation,box_width_pct,Q5,237,0.00662932736933843,-0.0347119408469054,1.1931326503608903,0.31223628691983124,0.21518987341772153,0.6286919831223629,0.15611814345991562,9.61603375527426,0.07251467644004751,-0.05188562788974996,85,0.2883856280813643,12.223628691983123,0.19099594246118112,0.054656802190395,0.11837457465842348,172.0,476342238.143
300,0.6,validation,box_age_sessions,Q1,81,0.005801667802727178,-0.0139553403801739,1.27954664282684,0.4074074074074074,0.37037037037037035,0.5679012345679012,0.06172839506172839,7.506172839506172,0.04187784783844902,-0.03354404207856043,67,0.19209598349641882,0.48148148148148145,0.20051167752467425,0.037086672243572184,0.07817091785427906,178.0,430078432.8115
300,0.6,validation,box_age_sessions,Q2,226,0.013404943179175441,-0.0134143933700416,1.6026256868551294,0.41150442477876104,0.34513274336283184,0.5663716814159292,0.08849557522123894,8.309734513274336,0.05441126724040747,-0.03548607880512258,141,0.18519950267355234,4.185840707964601,0.22268335073915876,0.04041744288849982,0.07070225871563152,162.5,464918978.723125
300,0.6,validation,box_age_sessions,Q3,154,0.015140893303857587,0.00558118982439855,1.9592098451976572,0.5194805194805194,0.33116883116883117,0.45454545454545453,0.21428571428571427,9.590909090909092,0.05149918234575934,-0.027866660312567123,111,0.19165393169565076,8.746753246753247,0.19889607811096383,0.03747349675215576,0.07751886226523462,135.0,523712110.44025004
300,0.6,validation,box_age_sessions,Q4,285,0.0026788405203442773,-0.0178821936076412,1.1204331070327462,0.38596491228070173,0.28421052631578947,0.5543859649122806,0.16140350877192983,9.631578947368421,0.0461745943146322,-0.03514964706648683,150,0.19804386033977373,13.540350877192983,0.20404969041010249,0.03837525387230024,0.0804510623315639,155.0,504901548.206
300,0.6,validation,box_age_sessions,Q5,267,-0.009117407521935834,-0.0259305526991149,0.6659590328308121,0.30711610486891383,0.20973782771535582,0.6441947565543071,0.14606741573033707,8.700374531835205,0.038577543724466846,-0.04015112808567314,133,0.2092035543997781,19.65917602996255,0.20299975963506672,0.041349556829428806,0.084172575810438,173.0,471576587.104
300,0.6,validation,central_geometry,Q2_Q4_both,392,0.0050077771796126,-0.01520989731584525,1.234468325322016,0.41581632653061223,0.3010204081632653,0.5535714285714286,0.14540816326530612,9.017857142857142,0.04598889878858935,-0.033510733235501654,145,0.19190789718245965,9.39795918367347,0.202020714130483,0.03841369169968433,0.07673104660979138,150.5,512631601.82799995
300,0.8,discovery,box_width_pct,Q1,267,-0.0043905883275341465,-0.0143261342908206,0.7295187086510375,0.33707865168539325,0.1797752808988764,0.6067415730337079,0.21348314606741572,10.0,0.024901630610498725,-0.023826709919951325,106,0.1008557527384309,10.891385767790263,0.24559134796425128,0.024805694758459708,0.05587890743228497,135.0,477894552.7445
300,0.8,discovery,box_width_pct,Q2,266,0.0011659814064793675,-0.017918004999168652,1.0533352488967385,0.37593984962406013,0.16541353383458646,0.5714285714285714,0.2631578947368421,10.857142857142858,0.04268319087310726,-0.0331470968750341,104,0.15542981725472868,8.458646616541353,0.2176258456786045,0.033752334300077236,0.09059151950370563,146.5,439376256.09375006
300,0.8,discovery,box_width_pct,Q3,265,-0.002292218536222841,-0.0248626049790398,0.9120481176330666,0.33962264150943394,0.11320754716981132,0.5962264150943396,0.29056603773584905,11.766037735849057,0.04742279043778291,-0.038495579941279105,109,0.20298379283401152,10.320754716981131,0.21267739126380553,0.04293690649919555,0.11945012776801361,146.0,465376457.1545
300,0.8,discovery,box_width_pct,Q4,265,0.006598740646818536,-0.019098956353731,1.2214261538666749,0.41509433962264153,0.19622641509433963,0.5207547169811321,0.2830188679245283,11.535849056603773,0.061543764512859374,-0.05085651821459114,98,0.24555114530756494,9.369811320754717,0.2190103593750348,0.05384424779954172,0.14259666844651017,157.0,387397059.1585
300,0.8,discovery,box_width_pct,Q5,266,-0.0031374322856202426,-0.03308857040771515,0.9109769748987705,0.3082706766917293,0.10526315789473684,0.6654135338345865,0.22932330827067668,10.075187969924812,0.06562887238785478,-0.05031333139179372,106,0.2910809590336518,9.38345864661654,0.1817273456409818,0.052354998638635936,0.18050976858828544,144.0,456979697.93850005
300,0.8,discovery,box_age_sessions,Q1,238,0.01871048132985091,0.01109019342825375,2.0656450872835928,0.5294117647058824,0.21428571428571427,0.41596638655462187,0.3697478991596639,13.512605042016807,0.06011952707465665,-0.03142651231473528,110,0.20658361970253683,0.20588235294117646,0.21182397434225783,0.04278661636505496,0.12248027939697445,131.5,379331087.377
300,0.8,discovery,box_age_sessions,Q2,269,-0.006887287405304447,-0.0238558091039085,0.7685172895092985,0.29739776951672864,0.14869888475836432,0.620817843866171,0.23048327137546468,9.776951672862454,0.0434578606369645,-0.043825429042532865,156,0.19574063812080025,4.178438661710037,0.2265554381341779,0.042641170978020844,0.11395133951861931,127.0,500981860.649
300,0.8,discovery,box_age_sessions,Q3,241,0.0017472327383474828,-0.0214753425913836,1.0623501042842745,0.34439834024896265,0.1908713692946058,0.6265560165975104,0.1825726141078838,10.112033195020746,0.05519146634692774,-0.04223662360632032,149,0.2061764070950039,8.618257261410788,0.21302450401949596,0.042233666084863,0.1227074595911401,149.0,453444432.91175
300,0.8,discovery,box_age_sessions,Q4,303,-0.006793110017252683,-0.0225706056005396,0.7557516378782778,0.30363036303630364,0.12211221122112212,0.6666666666666666,0.21122112211221122,10.052805280528053,0.0447590251293564,-0.04011095890707194,155,0.19530016053315846,13.524752475247524,0.2040478679498845,0.038988840290573375,0.11725128813595335,154.0,434835690.726
300,0.8,discovery,box_age_sessions,Q5,278,-0.005462768551032489,-0.019859866688263353,0.7819479507352449,0.3273381294964029,0.10071942446043165,0.60431654676259,0.2949640287769784,11.093525179856115,0.041273889580658106,-0.03827091473954851,159,0.19380041433901438,19.8705035971223,0.22185310973990277,0.041471421326997916,0.11356891014421355,141.5,484562415.41824996
300,0.8,discovery,central_geometry,Q2_Q4_both,454,-0.00536096285607616,-0.02509960650944105,0.8201168280505363,0.30616740088105726,0.15198237885462554,0.6365638766519823,0.21145374449339208,10.156387665198238,0.04744988158586498,-0.04432725260704327,169,0.19958651428444607,8.984581497797357,0.2094255246840704,0.04166727435263456,0.11800193707492225,154.0,439624787.5145
300,0.8,validation,box_width_pct,Q1,189,0.002032499024601215,-0.0076844428745818,1.1601830829698212,0.4021164021164021,0.2328042328042328,0.544973544973545,0.2222222222222222,10.476190476190476,0.026922740157482628,-0.021883071657681694,83,0.09704011366862376,9.925925925925926,0.24859798988345938,0.024017633455461904,0.05361445747943705,164.0,489638027.0405
300,0.8,validation,box_width_pct,Q2,227,0.0041094439843512316,-0.0130019300717626,1.197288161992515,0.3964757709251101,0.2290748898678414,0.5638766519823789,0.20704845814977973,9.638766519823788,0.04386034968524324,-0.031176058671177363,93,0.1564104525099731,10.986784140969164,0.21444271960405278,0.033329248980631714,0.09179911302734674,158.0,476449398.7035
300,0.8,validation,box_width_pct,Q3,237,0.0020295372961877654,-0.0207399949399998,1.0930075571083093,0.350210970464135,0.11392405063291139,0.5949367088607594,0.2911392405063291,11.358649789029537,0.04593844397432375,-0.03520215422154764,89,0.19709075245742422,11.886075949367088,0.19517566230531017,0.03856317922251936,0.11910942274341996,155.0,497931098.2185
300,0.8,validation,box_width_pct,Q4,126,0.021176485873363078,-0.0178713536603606,1.8912619478090276,0.42063492063492064,0.20634920634920634,0.5317460317460317,0.2619047619047619,11.142857142857142,0.07339609976708834,-0.03836432860865275,64,0.24420529004981717,11.19047619047619,0.19441441925236672,0.04766826862383558,0.14769596341601807,157.5,480567398.11275
300,0.8,validation,box_width_pct,Q5,237,0.006007442894349277,-0.0369052321015609,1.1678971133732394,0.2911392405063291,0.10548523206751055,0.6455696202531646,0.2489451476793249,10.9915611814346,0.07968560774818138,-0.053413044002598414,85,0.2883856280813643,12.223628691983123,0.19099594246118112,0.054656802190395,0.17605170027469635,172.0,476342238.143
300,0.8,validation,box_age_sessions,Q1,81,-0.0015555612104505515,-0.0167328418341257,0.9349282721523792,0.345679012345679,0.13580246913580246,0.6172839506172839,0.24691358024691357,10.679012345679013,0.049195134307030874,-0.03671082987248351,67,0.19209598349641882,0.48148148148148145,0.20051167752467425,0.037086672243572184,0.11659011455356286,178.0,430078432.8115
300,0.8,validation,box_age_sessions,Q2,226,0.0161277047742309,-0.01810008732961655,1.6750619269798523,0.36283185840707965,0.2168141592920354,0.6017699115044248,0.18141592920353983,10.194690265486726,0.06359604581447997,-0.03719436983348359,141,0.18519950267355234,4.185840707964601,0.22268335073915876,0.04041744288849982,0.107742159250342,162.5,464918978.723125
300,0.8,validation,box_age_sessions,Q3,154,0.016371116392494136,-0.00392304604146125,1.9581733169624094,0.487012987012987,0.19480519480519481,0.4805194805194805,0.3246753246753247,11.493506493506494,0.05816448885316636,-0.02960100809732208,111,0.19165393169565076,8.746753246753247,0.19889607811096383,0.03747349675215576,0.11584964860436477,135.0,523712110.44025004
300,0.8,validation,box_age_sessions,Q4,286,0.005004758265417201,-0.0182097216466776,1.2226568329168053,0.36363636363636365,0.16083916083916083,0.5524475524475524,0.2867132867132867,11.328671328671328,0.05225170045122357,-0.0357428165849372,150,0.19772299812221264,13.545454545454545,0.20587388614058202,0.03851076982479905,0.11966762867297101,155.5,508281885.233125
300,0.8,validation,box_age_sessions,Q5,269,-0.00587875830477591,-0.0261038375512385,0.7856174396480701,0.3048327137546468,0.1412639405204461,0.6468401486988847,0.21189591078066913,10.0,0.04389098978372392,-0.04047608792994003,133,0.20890400641482468,19.65799256505576,0.20670852781303745,0.041936983155743,0.12518622197611673,173.0,471576587.104
300,0.8,validation,central_geometry,Q2_Q4_both,392,0.009093032321254732,-0.01713152602005565,1.419718855722419,0.3979591836734694,0.1913265306122449,0.5561224489795918,0.25255102040816324,10.755102040816327,0.05371687395753464,-0.034255557885358175,145,0.19190789718245965,9.39795918367347,0.202020714130483,0.03841369169968433,0.11511262604628333,150.5,512631601.82799995
500,0.6,discovery,box_width_pct,Q1,450,-0.0017503897481815193,-0.0074016696777509,0.8681808765843138,0.4088888888888889,0.34444444444444444,0.5466666666666666,0.10888888888888888,7.751111111111111,0.02099816727611102,-0.02074363056562208,164,0.10003338839032203,11.275555555555556,0.2370366290904981,0.02347391961960597,0.036546113414587175,248.0,284379061.693
500,0.6,discovery,box_width_pct,Q2,449,0.0005283949993858242,-0.0160123504419889,1.0276282627610192,0.40757238307349664,0.3207126948775056,0.5545657015590201,0.12472160356347439,8.594654788418708,0.0358063070827747,-0.029704279160424944,167,0.15291836374019607,9.144766146993318,0.218290957775502,0.033279331922809775,0.05847168632130779,248.0,258744642.626
500,0.6,discovery,box_width_pct,Q3,450,-0.0037077552979932105,-0.02334828112390865,0.8533698047766505,0.36,0.26,0.5866666666666667,0.15333333333333332,9.7,0.04011859254468566,-0.03863220476346389,191,0.1999447085937136,10.433333333333334,0.2112133487664664,0.04201384577117039,0.0779529793850577,235.0,289234060.4
500,0.6,discovery,box_width_pct,Q4,449,-0.0007852541657920324,-0.0213192710478888,0.973451375989235,0.41202672605790647,0.2873051224944321,0.5300668151447662,0.18262806236080179,9.737193763919821,0.051811480135089016,-0.04871327560137746,166,0.2456270664032441,9.449888641425389,0.2167578618137968,0.05325568564620159,0.0941205541957448,253.0,285426352.359
500,0.6,discovery,box_width_pct,Q5,450,-0.00024276024733708824,-0.0281401399164632,0.9924769929373694,0.36666666666666664,0.26666666666666666,0.5888888888888889,0.14444444444444443,8.824444444444444,0.05934343211734712,-0.04966593044724538,179,0.29089785242753813,10.322222222222223,0.19385028759056747,0.05587908619789403,0.11865962525862879,264.0,278474755.28025
500,0.6,discovery,box_age_sessions,Q1,380,0.013427012773016148,0.01384273852448785,1.7907742714083146,0.5394736842105263,0.37894736842105264,0.4052631578947368,0.21578947368421053,10.58421052631579,0.048801320518108114,-0.030167291708157358,190,0.20103625715737194,0.21578947368421053,0.21495492851232487,0.04266678385779087,0.07795497043663221,260.5,244134426.78000003
500,0.6,discovery,box_age_sessions,Q2,457,-0.00868682533434718,-0.023031830461485,0.6958038313086786,0.3304157549234136,0.25601750547045954,0.6039387308533917,0.1400437636761488,8.531728665207877,0.03971820453540293,-0.04287858596880857,275,0.19775665065611772,4.183807439824945,0.2242028467506088,0.04300673415507336,0.07564725623859721,255.0,284779119.1685
500,0.6,discovery,box_age_sessions,Q3,480,0.0005892148451244287,-0.0152987824126554,1.0251665935298546,0.4083333333333333,0.3375,0.56875,0.09375,8.19375,0.0437844681260206,-0.0368721085166335,270,0.1969655566641473,8.972916666666666,0.2126626881368835,0.04080314006589828,0.07737619393259004,250.5,281598524.518625
500,0.6,discovery,box_age_sessions,Q4,476,-0.003786453277841606,-0.0188689237348611,0.8456810631540388,0.3550420168067227,0.2605042016806723,0.6029411764705882,0.13655462184873948,8.573529411764707,0.0396468468484268,-0.038008123689093044,249,0.1983295083388124,14.453781512605042,0.20485446467911161,0.039883852296679526,0.07911385270660783,230.5,286357123.17974997
500,0.6,discovery,box_age_sessions,Q5,455,-0.005040866349787479,-0.0209627651998297,0.7974399171597512,0.34725274725274724,0.25934065934065936,0.5978021978021978,0.14285714285714285,9.054945054945055,0.037281995083701634,-0.038304863926507046,261,0.19587735193824243,21.05934065934066,0.22098824209738824,0.04182775781034744,0.07569865335259794,250.0,297881563.972
500,0.6,discovery,central_geometry,Q2_Q4_both,814,-0.006370505676066125,-0.0230751303331059,0.7659209039771552,0.3452088452088452,0.2616707616707617,0.6081081081081081,0.13022113022113022,8.733415233415233,0.04124426590713783,-0.04152482405737252,302,0.1985810610553765,9.34029484029484,0.21117929628093807,0.0416934698037367,0.07745516682948912,235.0,286677917.77725005
500,0.6,validation,box_width_pct,Q1,340,0.0025746450468735363,-0.0011481571557640999,1.2409916589300936,0.48823529411764705,0.4117647058823529,0.4852941176470588,0.10294117647058823,7.732352941176471,0.022616455808376394,-0.018363523940663817,142,0.0931241346983628,10.255882352941176,0.23766248483400523,0.022277166831269197,0.033597313987748414,291.5,306462665.821875
500,0.6,validation,box_width_pct,Q2,458,0.012443272639628914,-0.008612529360485701,1.7167087299578152,0.4519650655021834,0.37117903930131,0.5218340611353712,0.10698689956331878,8.013100436681222,0.04599100286342124,-0.027809959199882505,174,0.15290851443473633,11.449781659388647,0.21364775751856258,0.03264530882263501,0.05909979983820669,287.5,300608760.9325
500,0.6,validation,box_width_pct,Q3,419,0.00029376005621706096,-0.0208541455587102,1.012951559661218,0.36515513126491644,0.26014319809069214,0.5894988066825776,0.15035799522673032,9.844868735083532,0.04175072177094219,-0.035238089664805586,149,0.1973169185167029,11.909307875894989,0.19560310287011198,0.038557688026644145,0.07983246308337752,250.0,337232337.75249994
500,0.6,validation,box_width_pct,Q4,279,0.009803722132000436,-0.0159919738011221,1.399657064792504,0.4551971326164875,0.32974910394265233,0.5017921146953405,0.16845878136200718,9.498207885304659,0.05596288528304763,-0.041093620685100495,126,0.24516225269629335,11.229390681003585,0.21473858942824514,0.0527804197871678,0.09431693183060814,287.0,279073842.981
500,0.6,validation,box_width_pct,Q5,392,0.0178877318328216,-0.029531572305509,1.5488072861495727,0.34183673469387754,0.2423469387755102,0.5994897959183674,0.15816326530612246,9.637755102040817,0.0799519219872521,-0.05037492147886598,134,0.2890640952401514,12.420918367346939,0.18571571670967577,0.05331312013211763,0.12012533701197316,257.5,351410791.05799997
500,0.6,validation,box_age_sessions,Q1,143,0.0032281949336764857,-0.0153341906732891,1.147333211757991,0.40559440559440557,0.35664335664335667,0.5314685314685315,0.11188811188811189,8.643356643356643,0.04279374320958332,-0.0360826502352143,119,0.19305238574950792,0.5104895104895105,0.20854486156356966,0.0393223596056503,0.07650907184405438,269.0,298469681.695
500,0.6,validation,box_age_sessions,Q2,426,0.01945828167546956,-0.0098070345949417,1.9513794485780007,0.4413145539906103,0.34507042253521125,0.5305164319248826,0.12441314553990611,8.60093896713615,0.05884004590504541,-0.033881848226443446,246,0.18589275208873468,4.206572769953052,0.21881615126831544,0.03993487193555732,0.07160077931768342,289.5,293858937.51075006
500,0.6,validation,box_age_sessions,Q3,397,0.01530284797537114,0.0090736183066759,1.9841576047859208,0.5264483627204031,0.3879093198992443,0.4433249370277078,0.16876574307304787,9.428211586901764,0.048247569056881726,-0.02726436005706898,234,0.1903927919782715,9.125944584382871,0.20615896509634202,0.037571519073716024,0.07666415611324678,289.0,309258437.882
500,0.6,validation,box_age_sessions,Q4,473,0.010548886702297613,-0.01575926121751,1.4659086831885033,0.386892177589852,0.2832980972515856,0.5644820295983086,0.1522198731501057,9.215644820295983,0.05369860237564204,-0.03583846791972244,230,0.19679151265533654,14.543340380549683,0.20170143438830418,0.0388882226100593,0.07918668498314255,246.0,337798891.4495
500,0.6,validation,box_age_sessions,Q5,449,-0.007507797157992649,-0.0223577695977775,0.7186085056714865,0.33184855233853006,0.267260579064588,0.6258351893095768,0.10690423162583519,8.574610244988865,0.03889250879178686,-0.039172329213804626,228,0.20182262951030674,20.83741648106904,0.20721327847996693,0.04089212566590969,0.08020145204027426,272.0,310902911.8965
500,0.6,validation,central_geometry,Q2_Q4_both,790,0.011116483450433293,-0.0099552147212157,1.550566548989566,0.4506329113924051,0.330379746835443,0.520253164556962,0.14936708860759493,9.167088607594936,0.05038054198807631,-0.03306170678315813,280,0.19118634398713208,9.606329113924051,0.20807898917766832,0.03979281989334391,0.07491898649893527,275.0,307013705.70225
500,0.8,discovery,box_width_pct,Q1,452,-0.002969630331512581,-0.013869172335720499,0.8150492081883,0.336283185840708,0.2013274336283186,0.6106194690265486,0.18805309734513273,9.710176991150442,0.025196851772898293,-0.023307237108949122,165,0.10002136049267495,11.245575221238939,0.23887881737902078,0.023653791891581476,0.05636329650255843,248.0,284379061.693
500,0.8,discovery,box_width_pct,Q2,452,0.0012547209739400117,-0.01774615482148545,1.060093801099557,0.37168141592920356,0.18584070796460178,0.581858407079646,0.2323008849557522,10.422566371681416,0.04183428314524531,-0.03172127976655819,169,0.15293790796602258,9.132743362831858,0.2216216965836892,0.033802764625036966,0.08854756174778104,248.0,258714041.41275
500,0.8,discovery,box_width_pct,Q3,451,-0.0053560198071079335,-0.024949912104148,0.8014057482783015,0.3259423503325942,0.10421286031042129,0.6119733924611973,0.2838137472283814,11.29490022172949,0.04432792381232096,-0.04044045137710418,191,0.19996923825085688,10.45011086474501,0.21246958918556022,0.04228458449396339,0.11769080610672206,235.0,289374153.923
500,0.8,discovery,box_width_pct,Q4,449,0.0015286333141647293,-0.0273706002498229,1.0487585378771629,0.3830734966592428,0.16926503340757237,0.5501113585746102,0.2806236080178174,11.512249443207127,0.06057218863346539,-0.05094496807865995,166,0.2456270664032441,9.449888641425389,0.2167578618137968,0.05325568564620159,0.14324596747639365,253.0,285426352.359
500,0.8,discovery,box_width_pct,Q5,451,-0.00034106465231310655,-0.031911150140647,0.9901811494180458,0.3325942350332594,0.12416851441241686,0.6164079822616408,0.25942350332594233,10.592017738359202,0.06989097281289407,-0.05239354186039145,180,0.2908511962781927,10.303769401330378,0.1947848367631115,0.056123369773826585,0.1765575872487276,264.0,276108639.388
500,0.8,discovery,box_age_sessions,Q1,381,0.015584862119084598,0.001303769993932,1.8323818890613817,0.5039370078740157,0.2099737532808399,0.43832020997375326,0.35170603674540685,13.118110236220472,0.05797436138934289,-0.031978724465775654,191,0.20094543963887146,0.2178477690288714,0.21603904728192067,0.04282913282176106,0.11792721888933606,260.0,244260516.805
500,0.8,discovery,box_age_sessions,Q2,459,-0.005805961189152649,-0.0244997558808807,0.8050969192124441,0.3028322440087146,0.16339869281045752,0.6209150326797386,0.21568627450980393,9.952069716775599,0.04616845277344625,-0.044264977318273634,277,0.1977613459235699,4.174291938997821,0.226028719114794,0.043367995071485844,0.11484108166737,255.0,284779119.1685
500,0.8,discovery,box_age_sessions,Q3,483,0.00045678531100353686,-0.0200357259867779,1.0174682274595443,0.3581780538302277,0.18840579710144928,0.6086956521739131,0.2028985507246377,10.074534161490684,0.05033220114176191,-0.04002045911251519,271,0.19650401483337548,8.975155279503106,0.21583032331457944,0.041117772103204976,0.11608543976349539,252.0,281430676.097
500,0.8,discovery,box_age_sessions,Q4,476,-0.004834809846040325,-0.02203475543140085,0.819577629287095,0.3088235294117647,0.12605042016806722,0.6449579831932774,0.22899159663865545,10.102941176470589,0.046713768840597594,-0.040152277404590576,249,0.1983295083388124,14.453781512605042,0.20485446467911161,0.039883852296679526,0.11877975437437033,230.5,286357123.17974997
500,0.8,discovery,box_age_sessions,Q5,456,-0.008443688295639048,-0.02383136280828745,0.6896992483638369,0.3026315789473684,0.10526315789473684,0.6293859649122807,0.26535087719298245,10.743421052631579,0.04206567856458753,-0.0409461114883335,262,0.19591053227163513,21.05263157894737,0.2222092717808979,0.0420959359944274,0.11463248982288066,249.5,298469176.94575
500,0.8,discovery,central_geometry,Q2_Q4_both,816,-0.005252947911470945,-0.02521898607189455,0.8172677464658479,0.3161764705882353,0.15318627450980393,0.6299019607843137,0.21691176470588236,10.159313725490197,0.04676067288613482,-0.04341266895747008,302,0.198463404409022,9.343137254901961,0.2125395953524294,0.04187548070868426,0.1168952428185333,235.0,286317757.851
500,0.8,validation,box_width_pct,Q1,341,0.0041599168126026445,-0.0050887464624019,1.3498572915270233,0.44281524926686217,0.25806451612903225,0.5161290322580645,0.22580645161290322,10.070381231671554,0.027430238253643945,-0.01970428051432866,143,0.09316270693126291,10.269794721407624,0.23909388420202066,0.022438033838470636,0.052092131706539646,290.0,306623956.32850003
500,0.8,validation,box_width_pct,Q2,460,0.014268932204435624,-0.01287882581989925,1.752844227109224,0.41304347826086957,0.23043478260869565,0.55,0.21956521739130436,10.102173913043478,0.05356319708500826,-0.029509012735572958,175,0.1528291050501974,11.482608695652173,0.21563845037581889,0.032896709669409475,0.08936657437074837,287.5,300608760.9325
500,0.8,validation,box_width_pct,Q3,420,3.834576868671053e-05,-0.02173052039113045,1.0016446420533487,0.3476190476190476,0.10952380952380952,0.5952380952380952,0.29523809523809524,11.42142857142857,0.046981488276867975,-0.03602313072639171,150,0.19733773221897122,11.923809523809524,0.19692438507275206,0.038834111655735234,0.11903607411944168,250.0,337259877.3055
500,0.8,validation,box_width_pct,Q4,280,0.012618411688184557,-0.01950671888370015,1.4888916683249307,0.425,0.17857142857142858,0.5142857142857142,0.30714285714285716,11.596428571428572,0.06534639202791306,-0.0429641258231606,126,0.24523000725162852,11.207142857142857,0.2163377113226451,0.05321687021470277,0.1429671355866,287.5,278840876.36312497
500,0.8,validation,box_width_pct,Q5,392,0.017664121358039273,-0.0323491126022687,1.5206357482186628,0.32142857142857145,0.12244897959183673,0.6122448979591837,0.2653061224489796,11.193877551020408,0.087485730227988,-0.05168508290430731,134,0.2890640952401514,12.420918367346939,0.18571571670967577,0.05331312013211763,0.17793815606000343,257.5,351410791.05799997
500,0.8,validation,box_age_sessions,Q1,143,-0.00025460440809326406,-0.0191814223196555,0.9895678915268458,0.34965034965034963,0.14685314685314685,0.5594405594405595,0.2937062937062937,11.244755244755245,0.050518714986346205,-0.03834686350853498,119,0.19305238574950792,0.5104895104895105,0.20854486156356966,0.0393223596056503,0.11511954899395599,269.0,298469681.695
500,0.8,validation,box_age_sessions,Q2,427,0.020268834907099024,-0.0153341906732891,1.9058132968156654,0.39344262295081966,0.19672131147540983,0.5644028103044496,0.2388758782201405,10.508196721311476,0.06660562584467082,-0.03581690544696455,246,0.18607598575641945,4.208430913348946,0.21985520646408108,0.040251152187457576,0.10860963641767794,290.0,293310942.472
500,0.8,validation,box_age_sessions,Q3,397,0.01625017552258711,0.0001303129902867,1.987823227901429,0.5012594458438288,0.20151133501259447,0.45591939546599497,0.3425692695214106,11.76574307304786,0.0556259412989186,-0.02852130704592473,234,0.1903927919782715,9.125944584382871,0.20615896509634202,0.037571519073716024,0.1147427145089011,289.0,309258437.882
500,0.8,validation,box_age_sessions,Q4,475,0.012878453215590188,-0.0169953093204454,1.5558463884549885,0.3705263157894737,0.17473684210526316,0.5726315789473684,0.25263157894736843,10.903157894736841,0.06021811829907529,-0.036732352102543865,231,0.19647617144567447,14.549473684210525,0.20383251754358914,0.03908660196802959,0.11809433518850991,246.0,337798891.4495
500,0.8,validation,box_age_sessions,Q5,451,-0.00605572620801994,-0.0239647003964295,0.7817086530073161,0.3082039911308204,0.15521064301552107,0.6407982261640798,0.2039911308203991,10.12860310421286,0.04426722756233811,-0.04027778690530548,229,0.2016766947915184,20.83148558758315,0.20940669666662842,0.04124452598543421,0.12009682984778049,269.0,311427818.45
500,0.8,validation,central_geometry,Q2_Q4_both,792,0.01327696364160225,-0.014125737359499749,1.6287538979646534,0.4255050505050505,0.18686868686868688,0.5340909090909091,0.27904040404040403,11.118686868686869,0.058015088258231186,-0.0343381292038078,281,0.19121068682150047,9.609848484848484,0.20926110084397465,0.04003306575657538,0.11293548370062496,275.0,306018489.19850004
