rank_cap,target_fraction,end_quarter,quarters,n,mean_trade,median_trade,profit_factor,win_rate,target_share,stop_share,max_hold_share,mean_holding_sessions,mean_mfe_return,mean_mae_return,unique_symbols,mean_box_width_pct,mean_box_age,mean_entry_box_position,mean_stop_distance_pct,mean_target_distance_pct,median_liquidity_rank,median_adv20_prior
300,0.6,2019Q4,2019Q1;2019Q2;2019Q3;2019Q4,425,0.011826351904635088,0.0062709074300544,1.6793108723955437,0.52,0.36470588235294116,0.40705882352941175,0.22823529411764706,11.171764705882353,0.04853531012209451,-0.03166159600522968,146,0.19396173293373792,6.670588235294118,0.21346974022197568,0.04026987187905457,0.0761071678811881,141.0,328501692.59250003
300,0.6,2020Q1,2019Q2;2019Q3;2019Q4;2020Q1,386,-0.0048210679206824175,-0.01777236135824995,0.8018305164143824,0.3963730569948187,0.3005181347150259,0.5466321243523317,0.15284974093264247,9.5,0.0376357475441729,-0.03796874000051921,157,0.18107335625841525,9.650259067357513,0.2253397349330975,0.03936898167595268,0.06927503207909641,159.5,307865285.31525004
300,0.6,2020Q3,2019Q3;2019Q4;2020Q1;2020Q3,303,-0.0038117836986091623,-0.0169156487587993,0.8499370853236236,0.39603960396039606,0.31353135313531355,0.528052805280528,0.15841584158415842,9.607260726072607,0.041249814968243134,-0.039943439820852224,132,0.18568894814513812,10.6996699669967,0.2312062361091565,0.04121467314680391,0.07019869574027889,179.0,305053105.70175
300,0.6,2020Q4,2019Q4;2020Q1;2020Q3;2020Q4,302,-0.0007239543585218761,-0.015591907525089748,0.96922552817054,0.40728476821192056,0.32781456953642385,0.5331125827814569,0.1390728476821192,9.079470198675496,0.041972031702275335,-0.036970132894016135,134,0.1815953806156278,11.403973509933774,0.2394824094348235,0.0421340257820703,0.0668232025873063,170.0,324461025.46125
300,0.6,2021Q1,2020Q1;2020Q3;2020Q4;2021Q1,279,0.0017402913007570457,-0.0153931988204558,1.0700691413784416,0.4157706093189964,0.3333333333333333,0.5412186379928315,0.12544802867383512,8.347670250896057,0.04538448095948489,-0.038032642401585944,130,0.1951352314786187,11.555555555555555,0.24119821673330025,0.04552782309530837,0.07155331579186278,166.0,371235580.6975
300,0.6,2021Q2,2020Q3;2020Q4;2021Q1;2021Q2,245,0.015744158574408442,-0.0005076316502462,1.8497070356619731,0.49387755102040815,0.363265306122449,0.4448979591836735,0.19183673469387755,9.906122448979591,0.05093189824846341,-0.03230787363938171,97,0.20493459517411927,11.457142857142857,0.2207726893579354,0.044281278760969205,0.07867947834350233,165.0,442195677.6125
300,0.6,2021Q3,2020Q4;2021Q1;2021Q2;2021Q3,256,0.006518289495650229,-0.010576055177382849,1.3288881565200277,0.43359375,0.32421875,0.5234375,0.15234375,8.8828125,0.04094873876256133,-0.031725236867147205,109,0.19078983489346996,11.3046875,0.21805452900613648,0.040213572210104825,0.07426032872597707,162.0,464361495.1155
300,0.6,2021Q4,2021Q1;2021Q2;2021Q3;2021Q4,266,0.009940546787988586,-0.0066612489675306995,1.5407652863536117,0.45864661654135336,0.3684210526315789,0.5,0.13157894736842105,8.857142857142858,0.04171537071562806,-0.030752582976650854,119,0.1942009087806776,11.75563909774436,0.2088394820387158,0.03881505986048754,0.07770548540791894,159.0,515095012.30649996
300,0.6,2022Q1,2021Q2;2021Q3;2021Q4;2022Q1,317,-0.0047467438049817985,-0.0202730667202573,0.8114866084749117,0.35331230283911674,0.3028391167192429,0.6056782334384858,0.0914826498422713,7.763406940063091,0.03414571230488734,-0.03760107437810193,147,0.19492540501094024,11.968454258675079,0.21549947233320496,0.040132097513500255,0.07682314549306382,149.0,575206533.7395
300,0.6,2022Q2,2021Q3;2021Q4;2022Q1;2022Q2,426,-0.013833677119121767,-0.026396378045254,0.5223251339281091,0.2652582159624413,0.22769953051643194,0.7089201877934272,0.06338028169014084,7.098591549295775,0.032766977319021395,-0.04045053116778981,163,0.19853430724670867,10.976525821596244,0.20378230496044847,0.03908966449666122,0.0800309198513639,133.5,634521370.71525
300,0.6,2022Q3,2021Q4;2022Q1;2022Q2;2022Q3,424,-0.014473831431006721,-0.02704138334534565,0.5042214533945963,0.25471698113207547,0.20754716981132076,0.7193396226415094,0.07311320754716981,7.2334905660377355,0.033505247824431254,-0.04084447976334627,167,0.2021420319762424,11.084905660377359,0.20158773761483753,0.03956839243322091,0.08171682675252444,120.5,665236775.2780001
300,0.6,2022Q4,2022Q1;2022Q2;2022Q3;2022Q4,414,-0.018582381586230955,-0.0298269864768759,0.4221705338309842,0.21256038647342995,0.1497584541062802,0.7657004830917874,0.08454106280193237,7.475845410628019,0.0340140724764391,-0.04409045998107746,156,0.20846979171949734,10.828502415458937,0.19777618493971236,0.04046066959512874,0.08462120543656959,119.0,658563145.778625
300,0.6,2023Q1,2022Q2;2022Q3;2022Q4;2023Q1,389,-0.010267703500650536,-0.0257958514758109,0.6341624136200336,0.2750642673521851,0.18508997429305912,0.699228791773779,0.11568123393316196,8.372750642673521,0.04088379292156513,-0.040718014401260876,153,0.21221064007320378,10.406169665809768,0.19087439371986806,0.04023666143276657,0.0870897226111556,124.0,546159242.66975
300,0.6,2023Q2,2022Q3;2022Q4;2023Q1;2023Q2,302,-0.001103308320306691,-0.019653341465952802,0.9545877000655115,0.3443708609271523,0.23509933774834438,0.609271523178808,0.15562913907284767,9.132450331125828,0.04487104434496363,-0.03791303661717576,129,0.2160392140485155,11.241721854304636,0.19779601644521752,0.04207161726300702,0.08755191116610221,138.5,447172699.236375
300,0.6,2023Q3,2022Q4;2023Q1;2023Q2;2023Q3,333,-0.0036420019433741745,-0.0231427793397107,0.8611922817919483,0.3303303303303303,0.23423423423423423,0.6246246246246246,0.14114114114114115,9.384384384384385,0.04505256088800237,-0.039394227737385906,132,0.21442015330595657,11.198198198198199,0.2015868356025348,0.042702966969408916,0.08594912501416496,154.0,405334658.6895
300,0.6,2023Q4,2023Q1;2023Q2;2023Q3;2023Q4,328,-0.0015311965253855936,-0.0194901120025278,0.9362468333960909,0.3628048780487805,0.2804878048780488,0.5884146341463414,0.13109756097560976,8.926829268292684,0.04271091717809423,-0.03674748247488512,134,0.2026928466909225,11.40548780487805,0.20670384063791464,0.040996257403520954,0.08061945061103246,158.0,393467872.581
300,0.6,2024Q1,2023Q2;2023Q3;2023Q4;2024Q1,318,-0.003635008548907784,-0.0199246059614782,0.8531365084137806,0.37735849056603776,0.22641509433962265,0.5786163522012578,0.1949685534591195,9.757861635220126,0.03942711314943323,-0.03736198141004238,121,0.19883564827182781,12.10377358490566,0.2024118787925875,0.03915544090937882,0.08014594805371782,153.5,421946485.321
300,0.6,2024Q2,2023Q3;2023Q4;2024Q1;2024Q2,344,-0.005047364235574995,-0.01950671888370015,0.7951767235087531,0.3691860465116279,0.2238372093023256,0.5901162790697675,0.18604651162790697,9.436046511627907,0.03813087843770806,-0.037412771205003956,126,0.1971728694567874,12.098837209302326,0.19799624811845892,0.03778456364982183,0.08051915802425053,154.0,442976979.581125
300,0.6,2024Q3,2023Q4;2024Q1;2024Q2;2024Q3,305,0.0032739708637217215,-0.0120140207829725,1.1456980921929194,0.419672131147541,0.26885245901639343,0.5442622950819672,0.18688524590163935,8.98688524590164,0.04395459279558649,-0.03631448392335222,116,0.19672664809533313,12.134426229508197,0.19857626753616262,0.03770962994249539,0.08032635891470442,160.0,440876004.142
300,0.6,2024Q4,2024Q1;2024Q2;2024Q3;2024Q4,328,-0.002598558926075349,-0.020723105892728848,0.8946358355810701,0.35365853658536583,0.21341463414634146,0.6158536585365854,0.17073170731707318,9.158536585365853,0.04181680503219866,-0.03778583842461377,132,0.20183270822541396,11.207317073170731,0.19057172587830612,0.037227425462233406,0.08387219947301491,154.5,456006408.18437505
300,0.6,2025Q1,2024Q2;2024Q3;2024Q4;2025Q1,392,0.002754151929281418,-0.01574495365206725,1.1226388352589451,0.3979591836734694,0.32653061224489793,0.5714285714285714,0.10204081632653061,8.125,0.04316552753425572,-0.034979675231414764,161,0.19373875456422476,10.204081632653061,0.2087468611964795,0.03846624143549177,0.077777011303043,166.0,460079712.8351251
300,0.6,2025Q2,2024Q3;2024Q4;2025Q1;2025Q2,310,0.007147753605977424,-0.0114900332159124,1.3324808960872307,0.44193548387096776,0.3741935483870968,0.532258064516129,0.0935483870967742,8.306451612903226,0.04655488621309045,-0.03460294923036453,137,0.18935005604935268,9.661290322580646,0.21840325612558084,0.03944787939970316,0.0741621542299084,162.0,490211541.311
300,0.6,2025Q3,2024Q4;2025Q1;2025Q2;2025Q3,318,0.005506653450913597,-0.00942681517983295,1.2658193058241145,0.4528301886792453,0.3710691823899371,0.5125786163522013,0.11635220125786164,8.933962264150944,0.04349016106432212,-0.03346443131556064,136,0.18884751739259292,10.069182389937106,0.21775436511508192,0.03949380258135737,0.0738147078541983,156.0,513611467.80762506
300,0.6,2025Q4,2025Q1;2025Q2;2025Q3;2025Q4,277,0.020065478537064092,-0.003407624196572,2.114374942074754,0.48736462093862815,0.3935018050541516,0.4620938628158845,0.1444043321299639,9.216606498194945,0.05623698704031518,-0.03105220988264837,122,0.19019672208359448,10.87725631768953,0.22393695251088958,0.04072413007694354,0.07339390317321308,172.0,557518142.8785001
300,0.6,2026Q1,2025Q2;2025Q3;2025Q4;2026Q1,217,0.018890004723986272,-0.01074345333243,1.9469101480226827,0.4055299539170507,0.34101382488479265,0.5576036866359447,0.10138248847926268,8.59447004608295,0.061661144434606886,-0.03308317252127796,95,0.1958080440542254,11.649769585253456,0.20989719297495835,0.040194482080726554,0.07729034435180863,162.0,683754432.2265
300,0.8,2019Q4,2019Q1;2019Q2;2019Q3;2019Q4,426,0.01389109872200098,0.0001694974826212,1.7728667254380353,0.5023474178403756,0.1784037558685446,0.42018779342723006,0.4014084507042254,13.539906103286384,0.05535562430377011,-0.03245719703840534,146,0.19381859576764607,6.68075117370892,0.2146891881215826,0.04040414959822237,0.1146507270158944,141.0,327754180.77750003
300,0.8,2020Q1,2019Q2;2019Q3;2019Q4;2020Q1,388,-0.006739596157502626,-0.020469249771567652,0.7473532580424569,0.35309278350515466,0.13144329896907217,0.5876288659793815,0.2809278350515464,11.3840206185567,0.042522987525350386,-0.04020751615128364,158,0.18091168968694737,9.631443298969073,0.22768581548803737,0.03968665166570286,0.10504270008385501,159.5,307865285.31525004
300,0.8,2020Q2,2019Q3;2019Q4;2020Q1;2020Q2,257,-0.014321740569760304,-0.0233301085607524,0.5307480876998163,0.29571984435797666,0.12840466926070038,0.6342412451361867,0.23735408560311283,10.809338521400779,0.039471786594291444,-0.04367846219594195,117,0.17249531951648606,10.821011673151752,0.24001078902656892,0.03980685251791927,0.09818940309526952,171.0,290861443.063
300,0.8,2020Q3,2019Q4;2020Q1;2020Q2;2020Q3,230,-0.003750976537357098,-0.02010701749806995,0.8649290653206427,0.33043478260869563,0.14782608695652175,0.591304347826087,0.2608695652173913,11.378260869565217,0.046591964819165645,-0.041829995239699845,112,0.18216457540484624,11.47391304347826,0.2433685744103398,0.04262632708862935,0.1031053332352476,178.5,307201949.24675
300,0.8,2020Q4,2020Q1;2020Q2;2020Q3;2020Q4,215,-0.0012233783114467595,-0.0237613573044059,0.9607557340639125,0.3395348837209302,0.2186046511627907,0.6139534883720931,0.16744186046511628,9.604651162790697,0.05303092847689964,-0.04606615910364212,109,0.19567323559990044,10.95813953488372,0.2570219362337735,0.04842211313201894,0.10811647534790139,178.0,335134661.71375
300,0.8,2021Q1,2020Q2;2020Q3;2020Q4;2021Q1,194,0.018797715323177845,-0.00566905346321335,1.9440551282864393,0.4639175257731959,0.20618556701030927,0.4587628865979381,0.33505154639175255,11.463917525773196,0.0612426648194922,-0.035039804465959425,80,0.20349240653647052,11.20103092783505,0.2297985329639322,0.04587459271153647,0.11691933251763989,165.0,427543304.86775
300,0.8,2021Q2,2020Q3;2020Q4;2021Q1;2021Q2,246,0.01630630067741706,-0.00566905346321335,1.8155352934299882,0.45528455284552843,0.17073170731707318,0.4634146341463415,0.36585365853658536,11.93089430894309,0.05790036397174954,-0.03455184014776856,98,0.20462109072219198,11.41869918699187,0.222603487955075,0.044449977831046567,0.119246894746707,164.5,445612006.57350004
300,0.8,2021Q3,2020Q4;2021Q1;2021Q2;2021Q3,256,0.006715242001510812,-0.0122391405518039,1.3176998012623014,0.40234375,0.1640625,0.54296875,0.29296875,10.8515625,0.04689033172523825,-0.03368130563564356,109,0.19078983489346996,11.3046875,0.21805452900613648,0.040213572210104825,0.11241829570467107,162.0,464361495.1155
300,0.8,2021Q4,2021Q1;2021Q2;2021Q3;2021Q4,266,0.008486239472037489,-0.01145292534318175,1.4072790351163957,0.40977443609022557,0.16541353383458646,0.5375939849624061,0.29699248120300753,11.210526315789474,0.04898475442294269,-0.03329185914137221,119,0.1942009087806776,11.75563909774436,0.2088394820387158,0.03881505986048754,0.11654566716405448,159.0,515095012.30649996
300,0.8,2022Q1,2021Q2;2021Q3;2021Q4;2022Q1,317,-0.007642321452077226,-0.0237204379886282,0.7285592446596768,0.29337539432176657,0.14195583596214512,0.6529968454258676,0.20504731861198738,9.735015772870662,0.03996731622948767,-0.040812598601928936,147,0.19492540501094024,11.968454258675079,0.21549947233320496,0.040132097513500255,0.1158082264952519,149.0,575206533.7395
300,0.8,2022Q2,2021Q3;2021Q4;2022Q1;2022Q2,427,-0.017622563065945025,-0.0296180912296165,0.4488787274967842,0.21311475409836064,0.117096018735363,0.7540983606557377,0.1288056206088993,8.653395784543326,0.037236624301958524,-0.04387048167401965,163,0.19856351866759536,10.992974238875878,0.20512655665322907,0.039382468583907496,0.11946834635016879,134.0,634264667.9990001
300,0.8,2022Q3,2021Q4;2022Q1;2022Q2;2022Q3,425,-0.01949619000336637,-0.0301021970156839,0.4039535550043908,0.1952941176470588,0.1011764705882353,0.7694117647058824,0.12941176470588237,8.585882352941177,0.037424374218468594,-0.04473692578080281,167,0.20216289209856966,11.101176470588236,0.20294347888580913,0.03986144800337994,0.12186886567547571,121.0,664697972.95
300,0.8,2022Q4,2022Q1;2022Q2;2022Q3;2022Q4,415,-0.02121673655855387,-0.0315787725977092,0.38416426185968866,0.17349397590361446,0.0819277108433735,0.7951807228915663,0.12289156626506025,8.479518072289157,0.03806083104859773,-0.046827564097027256,156,0.20847590688153553,10.845783132530121,0.19917377913932216,0.04075863667984124,0.12602208882538712,119.0,657417557.5747501
300,0.8,2023Q1,2022Q2;2022Q3;2022Q4;2023Q1,390,-0.008688425811352285,-0.0272580824793398,0.7054537337790425,0.25384615384615383,0.12307692307692308,0.7153846153846154,0.16153846153846155,9.428205128205128,0.04726769250012769,-0.04242500215312262,153,0.21220755531395286,10.425641025641026,0.19237927419181142,0.040554303351530784,0.12921174089963142,124.5,536222926.196875
300,0.8,2023Q2,2022Q3;2022Q4;2023Q1;2023Q2,302,0.0032764163972588507,-0.02120066162995075,1.130539063403263,0.33112582781456956,0.1456953642384106,0.6158940397350994,0.23841059602649006,10.370860927152318,0.05300729187058784,-0.038765543730165,129,0.2160392140485155,11.241721854304636,0.19779601644521752,0.04207161726300702,0.13075975397580533,138.5,447172699.236375
300,0.8,2023Q3,2022Q4;2023Q1;2023Q2;2023Q3,333,-0.001587720073638779,-0.0245112171359883,0.9410328467491648,0.3063063063063063,0.12612612612612611,0.6306306306306306,0.24324324324324326,10.813813813813814,0.052120346692872264,-0.040352508796493075,132,0.21442015330595657,11.198198198198199,0.2015868356025348,0.042702966969408916,0.1288331556753563,154.0,405334658.6895
300,0.8,2023Q4,2023Q1;2023Q2;2023Q3;2023Q4,328,2.9635777906653804e-06,-0.0216862556502299,1.0001178769878143,0.32621951219512196,0.1402439024390244,0.6067073170731707,0.2530487804878049,10.740853658536585,0.0504009046326341,-0.038136823263448014,134,0.2026928466909225,11.40548780487805,0.20670384063791464,0.040996257403520954,0.12115801994921697,158.0,393467872.581
300,0.8,2024Q1,2023Q2;2023Q3;2023Q4;2024Q1,318,-0.004334156118527108,-0.02217192821179865,0.8327790207918726,0.33647798742138363,0.10062893081761007,0.60062893081761,0.29874213836477986,11.257861635220126,0.044344809176009664,-0.03880001359842316,121,0.19883564827182781,12.10377358490566,0.2024118787925875,0.03915544090937882,0.11991307770808342,153.5,421946485.321
300,0.8,2024Q2,2023Q3;2023Q4;2024Q1;2024Q2,345,-0.004464923232955875,-0.0210832152756624,0.8262444279638677,0.3333333333333333,0.13043478260869565,0.6115942028985507,0.2579710144927536,10.808695652173913,0.04290161565456799,-0.0387126538770566,126,0.19719862541044708,12.115942028985508,0.19959782892964872,0.038123320312416255,0.11963558001594138,154.0,442962535.49425
300,0.8,2024Q3,2023Q4;2024Q1;2024Q2;2024Q3,306,0.0037032925387869343,-0.0154165616957435,1.153171962848743,0.38235294117647056,0.16993464052287582,0.5784313725490197,0.25163398692810457,10.46078431372549,0.04991094474589403,-0.037900219906142854,116,0.196757144910281,12.15359477124183,0.20038007590362272,0.038091806355248344,0.11931390957297643,160.0,439628746.12175
300,0.8,2024Q4,2024Q1;2024Q2;2024Q3;2024Q4,329,-0.0025577472597081473,-0.0223860943773425,0.9013811413162968,0.3252279635258359,0.14285714285714285,0.6413373860182371,0.21580547112462006,10.179331306990882,0.04591076067936364,-0.038939445742266286,132,0.20184555310457497,11.227963525835866,0.19227376205490385,0.03758435004211992,0.12389209244154,155.0,455694414.021
300,0.8,2025Q1,2024Q2;2024Q3;2024Q4;2025Q1,393,0.0038543167186272597,-0.0192908923369404,1.161199595445779,0.3638676844783715,0.19592875318066158,0.5954198473282443,0.20865139949109415,10.21882951653944,0.05043957902372916,-0.03651702370432864,161,0.1937701029583855,10.223918575063614,0.21012547383460284,0.03876188868945974,0.1162541936772486,166.0,459434825.7165001
300,0.8,2025Q2,2024Q3;2024Q4;2025Q1;2025Q2,310,0.007960345916158029,-0.0172709916593681,1.3425112996820276,0.4,0.2032258064516129,0.5612903225806452,0.23548387096774193,10.819354838709678,0.055221661015224265,-0.03643679567490175,137,0.18935005604935268,9.661290322580646,0.21840325612558084,0.03944787939970316,0.11203216543977895,162.0,490211541.311
300,0.8,2025Q3,2024Q4;2025Q1;2025Q2;2025Q3,318,0.009077217873276049,-0.0132526341578453,1.4254183263757483,0.4276729559748428,0.1949685534591195,0.5251572327044025,0.279874213836478,11.522012578616351,0.05187394927532352,-0.03434747004531034,136,0.18884751739259292,10.069182389937106,0.21775436511508192,0.03949380258135737,0.11158421133271686,156.0,513611467.80762506
300,0.8,2025Q4,2025Q1;2025Q2;2025Q3;2025Q4,278,0.022797286821097353,-0.0066308114063686,2.227906421376182,0.46402877697841727,0.19784172661870503,0.4712230215827338,0.33093525179856115,12.010791366906474,0.06487765396194055,-0.032094461949748576,123,0.18989485353695315,10.892086330935252,0.22574210616850238,0.04085509657410187,0.1110607862554606,172.0,557996226.269125
300,0.8,2026Q1,2025Q2;2025Q3;2025Q4;2026Q1,219,0.022373762966518915,-0.0130019300717626,2.1212487622267355,0.3972602739726027,0.2237442922374429,0.5570776255707762,0.2191780821917808,10.406392694063927,0.06865728415667206,-0.03362914293295761,96,0.19510681668156124,11.707762557077626,0.21427660765323525,0.04057258726482695,0.11551286608042201,162.0,684458721.1452245
500,0.6,2019Q4,2019Q1;2019Q2;2019Q3;2019Q4,703,0.009523041819251097,-0.0006753992694804,1.541423184192451,0.49786628733997157,0.3541963015647226,0.41536273115220484,0.23044096728307253,10.708392603129445,0.04613398765305863,-0.03170320565493533,247,0.1935509495788439,7.21479374110953,0.2140587274479306,0.04037667061480126,0.075753899132505,250.0,210976173.0565
500,0.6,2020Q1,2019Q2;2019Q3;2019Q4;2020Q1,678,-0.0029826912651428343,-0.01575201915891825,0.86961800615314,0.4056047197640118,0.308259587020649,0.528023598820059,0.16371681415929204,9.233038348082596,0.03807089193062888,-0.036752872019825834,269,0.1824865896173718,9.88495575221239,0.22274599442434057,0.03931781695312385,0.07017413681729916,261.5,197060591.38625002
500,0.6,2020Q2,2019Q3;2019Q4;2020Q1;2020Q2,480,-0.007188743333205994,-0.01802736027146815,0.7124667011613858,0.37916666666666665,0.28958333333333336,0.5479166666666667,0.1625,9.066666666666666,0.037013817995741466,-0.03888762286120156,212,0.17965197983956574,10.81875,0.2307565754502018,0.03996024138521208,0.06783094651852731,279.0,189279955.2215
500,0.6,2020Q3,2019Q4;2020Q1;2020Q2;2020Q3,418,-0.0012051931081020486,-0.015066148744857,0.9479954395064082,0.4043062200956938,0.3062200956937799,0.5167464114832536,0.17703349282296652,9.67224880382775,0.04088321674312109,-0.03749028922968014,196,0.18573521065399684,11.92822966507177,0.23065020644495016,0.041483086020898945,0.06995804037149908,266.5,202401107.60925
500,0.6,2020Q4,2020Q1;2020Q2;2020Q3;2020Q4,370,0.000894491300365554,-0.01614199833512825,1.0351137917746498,0.43783783783783786,0.37027027027027026,0.5162162162162162,0.11351351351351352,8.343243243243244,0.046179193690353365,-0.040717247492432454,185,0.1981336319454665,11.42972972972973,0.24801337275467397,0.04775265384761226,0.07112752531966757,264.0,222125718.78775
500,0.6,2021Q1,2020Q2;2020Q3;2020Q4;2021Q1,310,0.017460735407518666,0.0065472233772643,1.9921550513426707,0.532258064516129,0.4,0.3935483870967742,0.2064516129032258,10.106451612903227,0.056531444730601496,-0.03302744871252599,134,0.20549338079978144,11.435483870967742,0.2324847816835529,0.04730122630163922,0.07599480217822957,246.0,299642252.55324996
500,0.6,2021Q2,2020Q3;2020Q4;2021Q1;2021Q2,395,0.013365724985725209,0.0009077608619187,1.69927732489651,0.5037974683544304,0.3620253164556962,0.42278481012658226,0.21518987341772153,10.524050632911392,0.052554538115460424,-0.03443244868318526,166,0.20622637405739516,11.49620253164557,0.22833334523261192,0.04653086603389684,0.07720495840054017,248.0,305752522.1605
500,0.6,2021Q3,2020Q4;2021Q1;2021Q2;2021Q3,454,0.0010548363958841698,-0.0130728422371914,1.0476543141672416,0.40748898678414097,0.2973568281938326,0.5484581497797357,0.15418502202643172,9.325991189427313,0.04208036456832907,-0.03590493047626685,189,0.1938696126414307,11.32819383259912,0.2208680067126438,0.04238015377979303,0.0739416138050653,266.5,293529458.042
500,0.6,2021Q4,2021Q1;2021Q2;2021Q3;2021Q4,494,0.001291320272032808,-0.01219598719677915,1.0587749648350961,0.41295546558704455,0.32793522267206476,0.5526315789473685,0.1194331983805668,8.868421052631579,0.03972135760603272,-0.03423984738320681,210,0.1906152052508962,11.714574898785425,0.21366660412422836,0.03961526109423285,0.0747538620563048,266.5,299953787.09337497
500,0.6,2022Q1,2021Q2;2021Q3;2021Q4;2022Q1,563,-0.00960606046022469,-0.0221006852586312,0.6440540642417364,0.31261101243339257,0.26465364120781526,0.6571936056838366,0.07815275310834814,7.644760213143872,0.03231607057143913,-0.03921886539654216,245,0.19069617981658826,12.341030195381883,0.2153562156653371,0.03987761604823748,0.0745400918417154,258.0,342991771.956
500,0.6,2022Q2,2021Q3;2021Q4;2022Q1;2022Q2,726,-0.014993796386423393,-0.026562334471103302,0.48646426350949146,0.2534435261707989,0.2190082644628099,0.7286501377410468,0.05234159779614325,6.946280991735537,0.03165042333484144,-0.04085811578697662,279,0.19306581136241371,11.214876033057852,0.20588080230859881,0.038662376555997524,0.07717711026145063,243.0,363256421.6315
500,0.6,2022Q3,2021Q4;2022Q1;2022Q2;2022Q3,699,-0.013381582318361417,-0.0267645966303061,0.5358044181958499,0.2646638054363376,0.21888412017167383,0.7181688125894135,0.06294706723891273,6.982832618025751,0.03371812606584629,-0.040463625946475255,280,0.19788439495130225,11.476394849785407,0.20519181712418355,0.03927209632329895,0.07945854064748237,221.0,402441959.8965
500,0.6,2022Q4,2022Q1;2022Q2;2022Q3;2022Q4,673,-0.015671475444411553,-0.0286845854861437,0.49642967556797213,0.2362555720653789,0.16790490341753342,0.7459138187221397,0.0861812778603269,7.420505200594354,0.035648586230235306,-0.0442077008885749,254,0.20697834592707118,11.338781575037148,0.20075796962220213,0.04087449665928894,0.08331251089695368,230.0,381373910.058
500,0.6,2023Q1,2022Q2;2022Q3;2022Q4;2023Q1,649,-0.007473095218021717,-0.0250554308665643,0.7289303882007083,0.3066255778120185,0.21417565485362094,0.6687211093990755,0.11710323574730354,8.39291217257319,0.042225037603645245,-0.04126410489985879,245,0.21122535488400043,10.567026194144837,0.198366514330698,0.04153509340075131,0.08520011952964887,238.0,330438910.7585
500,0.6,2023Q2,2022Q3;2022Q4;2023Q1;2023Q2,535,0.0031939557732811445,-0.0189094905522968,1.1360015587431558,0.38691588785046727,0.27850467289719627,0.5626168224299065,0.1588785046728972,9.246728971962616,0.04747874512495116,-0.03813018989560543,218,0.21619867340457607,11.665420560747664,0.2075658925916503,0.0444434151339548,0.08527578890879078,247.0,278845622.973
500,0.6,2023Q3,2022Q4;2023Q1;2023Q2;2023Q3,569,0.0004651905150186578,-0.0204527989894008,1.0188125069173586,0.36731107205623903,0.2759226713532513,0.5782073813708261,0.14586994727592267,9.413005272407732,0.046189111655074236,-0.039127911482839936,222,0.21101283079196254,11.351493848857645,0.2086966821605715,0.04377471584777944,0.08283298262739802,247.0,274897461.3805
500,0.6,2023Q4,2023Q1;2023Q2;2023Q3;2023Q4,598,0.0029107199681221462,-0.017675148435630048,1.1310983382121116,0.3862876254180602,0.31270903010033446,0.5618729096989966,0.1254180602006689,9.088628762541806,0.04454183442315168,-0.03493395334742994,233,0.19961012523556423,11.431438127090301,0.20998041311228674,0.04134703775325037,0.07841903738808811,269.0,249586994.525
500,0.6,2024Q1,2023Q2;2023Q3;2023Q4;2024Q1,583,-0.0013604828108015473,-0.0193566211315278,0.9423527848739868,0.37564322469982847,0.26758147512864494,0.5780445969125214,0.15437392795883362,9.524871355060034,0.040422176196304734,-0.03613722583790509,213,0.1973661611618399,12.032590051457976,0.20338702902187675,0.03912625820820176,0.07929343848890211,274.0,253924970.0285
500,0.6,2024Q2,2023Q3;2023Q4;2024Q1;2024Q2,638,0.0023647889055517708,-0.01808153820626305,1.0988657007444416,0.36363636363636365,0.2601880877742947,0.6003134796238244,0.13949843260188088,9.11128526645768,0.04467947905576313,-0.035789723435943374,225,0.193279873469827,11.960815047021944,0.19561687770652617,0.03650758294098172,0.0794603411409144,278.5,259999382.4975
500,0.6,2024Q3,2023Q4;2024Q1;2024Q2;2024Q3,586,0.010813815555335213,-0.0139537304163872,1.4998669212938427,0.4180887372013652,0.30887372013651876,0.5426621160409556,0.14846416382252559,9.008532423208191,0.051056687756021936,-0.033902608622665004,215,0.19527944473077616,11.986348122866895,0.19768551188475125,0.03724478307685135,0.07992288376161427,285.0,256182114.38475
500,0.6,2024Q4,2024Q1;2024Q2;2024Q3;2024Q4,579,0.006730577725202956,-0.0169898454649388,1.2839851626052998,0.3799654576856649,0.2711571675302245,0.5820379965457686,0.14680483592400692,9.036269430051814,0.04994503777730124,-0.036324659202822795,215,0.20091377131539043,11.578583765112263,0.1918909732453074,0.03730623869970268,0.08324202408953149,264.0,278156792.05575
500,0.6,2025Q1,2024Q2;2024Q3;2024Q4;2025Q1,696,0.012646621279204122,-0.00919698449583775,1.61557637742863,0.4482758620689655,0.3735632183908046,0.5172413793103449,0.10919540229885058,8.34051724137931,0.05081178997853595,-0.03313470793997072,262,0.19333693430701848,10.764367816091953,0.20775891050668072,0.038591059764300044,0.07741110081991098,266.0,308341378.0055
500,0.6,2025Q2,2024Q3;2024Q4;2025Q1;2025Q2,559,0.011491354761675197,-0.0023894143868817,1.5973872813602779,0.49552772808586765,0.40608228980322003,0.47227191413237923,0.12164579606440072,8.84257602862254,0.04832712790293584,-0.03267892364716092,234,0.19293452399991085,10.52772808586762,0.21506242757071878,0.03996559503893452,0.07579511936101194,265.0,317210457.027
500,0.6,2025Q3,2024Q4;2025Q1;2025Q2;2025Q3,577,0.006616461885432359,-0.0056307647831983,1.329376633748104,0.4800693240901213,0.3847487001733102,0.4904679376083189,0.12478336221837089,8.998266897746968,0.043410303459731805,-0.03308243412872316,234,0.18962933879401384,10.838821490467938,0.21565639053281663,0.039624740470201925,0.0741528628062063,267.0,342820514.184
500,0.6,2025Q4,2025Q1;2025Q2;2025Q3;2025Q4,543,0.020967003447988852,0.0005986504000001,2.1561892263245013,0.5046040515653776,0.39226519337016574,0.4585635359116022,0.14917127071823205,9.10865561694291,0.05661293304725554,-0.03112462263824592,231,0.1868263093517634,11.213627992633517,0.22079269964936468,0.04005731203036506,0.0720384735806929,287.0,363918786.143
500,0.6,2026Q1,2025Q2;2025Q3;2025Q4;2026Q1,456,0.017044501694929864,-0.012360912437496801,1.8261214280020577,0.42105263157894735,0.3157894736842105,0.5482456140350878,0.13596491228070176,8.723684210526315,0.05872259976385883,-0.03401798344786576,183,0.18759355814770864,11.81140350877193,0.21361203673431947,0.039504660265565546,0.07305147462305961,305.0,408118999.80825
500,0.8,2019Q4,2019Q1;2019Q2;2019Q3;2019Q4,704,0.012486980287585143,-0.00477666069770895,1.6831646452271432,0.4786931818181818,0.18892045454545456,0.4303977272727273,0.3806818181818182,12.911931818181818,0.05337217418041413,-0.03242175849475568,247,0.19346491882685493,7.220170454545454,0.21479579537123542,0.04045777219097986,0.11431416287050401,250.5,210838754.07674998
500,0.8,2020Q1,2019Q2;2019Q3;2019Q4;2020Q1,681,-0.005045662395434861,-0.0200343689266432,0.803381960287358,0.34801762114537443,0.14684287812041116,0.580029368575624,0.27312775330396477,11.076358296622614,0.04383397528254408,-0.03936389140230521,271,0.18222047798885396,9.869309838472834,0.22469652887698202,0.039503586886586034,0.1062727955044971,262.0,196359469.4595
500,0.8,2020Q2,2019Q3;2019Q4;2020Q1;2020Q2,484,-0.010335080051812188,-0.023502908589741252,0.6391615664895255,0.30578512396694213,0.14049586776859505,0.6157024793388429,0.24380165289256198,10.834710743801653,0.0427823779814214,-0.04230069117992163,215,0.17948149587168552,10.772727272727273,0.2342459506736088,0.04047816037064544,0.10310703632670293,281.0,189279955.2215
500,0.8,2020Q3,2019Q4;2020Q1;2020Q2;2020Q3,423,-0.0018497316130014101,-0.0200343689266432,0.9303868456926387,0.3404255319148936,0.1536643026004728,0.574468085106383,0.2718676122931442,11.444444444444445,0.048419268579681964,-0.04098499503210771,199,0.18534568376424326,11.84160756501182,0.23568515212334096,0.04216601645679988,0.1061105305545947,268.0,202493345.6535
500,0.8,2020Q4,2020Q1;2020Q2;2020Q3;2020Q4,374,-0.001760267852036722,-0.024994414900122552,0.9426820463438803,0.33689839572192515,0.20320855614973263,0.6016042780748663,0.19518716577540107,10.382352941176471,0.0561659627509967,-0.04637176877001146,188,0.1977015098891664,11.33957219251337,0.25217921504801843,0.04830830146487324,0.10985290644645984,264.0,223988430.03900003
500,0.8,2021Q1,2020Q2;2020Q3;2020Q4;2021Q1,312,0.01902780722872008,-0.0033408859863527,1.9577096027928882,0.4807692307692308,0.20512820512820512,0.4230769230769231,0.3717948717948718,12.326923076923077,0.06670987735682808,-0.036150209389727996,134,0.20545069383655454,11.375,0.23511783150821672,0.04780516789247321,0.11655538717677039,246.0,299642252.55324996
500,0.8,2021Q2,2020Q3;2020Q4;2021Q1;2021Q2,396,0.013995170784350818,-0.0067094989801783,1.6677772806886553,0.45707070707070707,0.1691919191919192,0.44696969696969696,0.3838383838383838,12.578282828282829,0.06126123761042521,-0.03677669267011909,166,0.20602835922391685,11.472222222222221,0.2294515669473131,0.04662998316512438,0.11819270421400908,247.5,306391203.52575004
500,0.8,2021Q3,2020Q4;2021Q1;2021Q2;2021Q3,454,0.0007921782931100519,-0.0166027974359951,1.0332917664038663,0.36784140969163,0.14317180616740088,0.5726872246696035,0.2841409691629956,11.077092511013216,0.04826458089327868,-0.03794865461431851,189,0.1938696126414307,11.32819383259912,0.2208680067126438,0.04238015377979303,0.11271553633335146,266.5,293529458.042
500,0.8,2021Q4,2021Q1;2021Q2;2021Q3;2021Q4,494,0.0013207314023961562,-0.01625760743012425,1.0555876413751841,0.3765182186234818,0.1680161943319838,0.5809716599190283,0.25101214574898784,10.793522267206479,0.046159370404615,-0.03628424800355333,210,0.1906152052508962,11.714574898785425,0.21366660412422836,0.03961526109423285,0.11287690310648406,266.5,299953787.09337497
500,0.8,2022Q1,2021Q2;2021Q3;2021Q4;2022Q1,563,-0.011232086153240065,-0.0260669149446494,0.6174543122023886,0.2682060390763766,0.14031971580817051,0.6927175843694494,0.1669626998223801,9.300177619893429,0.03753820052516149,-0.04173689395698733,245,0.19069617981658826,12.341030195381883,0.2153562156653371,0.03987761604823748,0.11267932780503308,258.0,342991771.956
500,0.8,2022Q2,2021Q3;2021Q4;2022Q1;2022Q2,728,-0.017410849406392082,-0.02885707113518625,0.4505482748611491,0.21016483516483517,0.125,0.7651098901098901,0.10989010989010989,8.328296703296703,0.03587773207573036,-0.04357155322684653,279,0.19305625773569313,11.222527472527473,0.20748165981217687,0.038966261053853236,0.1154787451347012,243.0,363225452.96800005
500,0.8,2022Q3,2021Q4;2022Q1;2022Q2;2022Q3,701,-0.016739738605603304,-0.0294976294720251,0.47100113956245093,0.21683309557774608,0.11982881597717546,0.7574893009985735,0.12268188302425106,8.342368045649073,0.0379089900790143,-0.04349054228688436,280,0.19786072561117335,11.483594864479315,0.2068562996248593,0.039585945788212444,0.11870263470072619,221.0,400370026.517
500,0.8,2022Q4,2022Q1;2022Q2;2022Q3;2022Q4,675,-0.017413708954333598,-0.0302494295702839,0.474200047719639,0.20148148148148148,0.09037037037037036,0.7718518518518519,0.13777777777777778,8.52,0.040120817607652036,-0.046316531846884085,254,0.20692681983909797,11.346666666666666,0.2024997028488357,0.04119568728778134,0.12434576858349694,230.0,378329250.11675
500,0.8,2023Q1,2022Q2;2022Q3;2022Q4;2023Q1,651,-0.005680878241585245,-0.0261421895263214,0.8024738096311067,0.2857142857142857,0.13517665130568357,0.6835637480798771,0.18125960061443933,9.599078341013826,0.04872208634801056,-0.04259172294912457,245,0.211158881570182,10.57757296466974,0.2001798059413902,0.04186609567532804,0.1270610095808175,238.0,330438910.7585
500,0.8,2023Q2,2022Q3;2022Q4;2023Q1;2023Q2,535,0.008191532446089146,-0.0194783673410403,1.3400074558236257,0.3775700934579439,0.17570093457943925,0.5682242990654206,0.2560747663551402,10.770093457943926,0.05617149244196673,-0.03875219876871376,218,0.21619867340457607,11.665420560747664,0.2075658925916503,0.0444434151339548,0.12851552358970603,247.0,278845622.973
500,0.8,2023Q3,2022Q4;2023Q1;2023Q2;2023Q3,569,0.003741272616191026,-0.0208541455587102,1.1478641053809953,0.34797891036906853,0.1616871704745167,0.5834797891036907,0.2548330404217926,11.028119507908611,0.053792539473625514,-0.03984799152313185,222,0.21101283079196254,11.351493848857645,0.2086966821605715,0.04377471584777944,0.12503554878579054,247.0,274897461.3805
500,0.8,2023Q4,2023Q1;2023Q2;2023Q3;2023Q4,598,0.006102704852623651,-0.0186728600038625,1.2667828755557375,0.362876254180602,0.17558528428093645,0.5719063545150501,0.2525083612040134,10.926421404682275,0.052057262890963976,-0.035790816110512366,233,0.19961012523556423,11.431438127090301,0.20998041311228674,0.04134703775325037,0.118341062435201,269.0,249586994.525
500,0.8,2024Q1,2023Q2;2023Q3;2023Q4;2024Q1,583,-7.921794063251748e-05,-0.0200624520444762,0.9967359097906392,0.34991423670668953,0.14065180102915953,0.5900514579759862,0.2692967409948542,11.111492281303603,0.04576262286522471,-0.036983105539720965,213,0.1973661611618399,12.032590051457976,0.20338702902187675,0.03912625820820176,0.11876667072127012,274.0,253924970.0285
500,0.8,2024Q2,2023Q3;2023Q4;2024Q1;2024Q2,639,0.0030724207261413183,-0.019840179360949,1.1245055800789971,0.3364632237871675,0.14084507042253522,0.6150234741784038,0.24413145539906103,10.68701095461659,0.049765299201213115,-0.03684237127982504,225,0.19329987159189205,11.970266040688577,0.19648530454576316,0.036692478135510534,0.11794741913800304,278.0,260037154.25
500,0.8,2024Q3,2023Q4;2024Q1;2024Q2;2024Q3,588,0.011805162642784426,-0.0155236150241474,1.5173298888857385,0.39285714285714285,0.17857142857142858,0.564625850340136,0.2568027210884354,10.789115646258503,0.057759688180985744,-0.03527588865290288,215,0.19541487553383394,11.98469387755102,0.1994162318236453,0.03767871604553869,0.1186531843815284,285.0,256182114.38475
500,0.8,2024Q4,2024Q1;2024Q2;2024Q3;2024Q4,581,0.006166216516055242,-0.019193926590081,1.2474916363580717,0.35456110154905335,0.14629948364888123,0.6024096385542169,0.2512908777969019,10.645438898450946,0.055096271016727934,-0.03768337736380085,215,0.20103143854263436,11.578313253012048,0.19366249200838578,0.037745188225249075,0.12307996260885838,264.0,278156792.05575
500,0.8,2025Q1,2024Q2;2024Q3;2024Q4;2025Q1,698,0.01253129960092694,-0.0133696538139046,1.5607150286024714,0.40830945558739257,0.20057306590257878,0.5444126074498568,0.25501432664756446,10.740687679083095,0.05870255510771576,-0.035077310003806546,262,0.19345658807928995,10.76647564469914,0.2091880172786374,0.03895275035486345,0.11581252010856845,266.0,308341378.0055
500,0.8,2025Q2,2024Q3;2024Q4;2025Q1;2025Q2,560,0.011733477355515092,-0.00942681517983295,1.5521591260661562,0.45,0.20714285714285716,0.5017857142857143,0.2910714285714286,11.441071428571428,0.05717506973748011,-0.034696805024865794,234,0.19306166507882197,10.517857142857142,0.2158614102355215,0.040206703868323854,0.11424262819473367,266.0,316027819.35950005
500,0.8,2025Q3,2024Q4;2025Q1;2025Q2;2025Q3,577,0.00829292611247755,-0.0101481039377288,1.3870933301323254,0.4436741767764298,0.19064124783362218,0.511265164644714,0.29809358752166376,11.53899480069324,0.051278269700354415,-0.03448521236510252,234,0.18962933879401384,10.838821490467938,0.21565639053281663,0.039624740470201925,0.11207873056500907,267.0,342820514.184
500,0.8,2025Q4,2025Q1;2025Q2;2025Q3;2025Q4,545,0.021693005721571814,-0.0069431247532383,2.1006551925354624,0.46238532110091746,0.2,0.48073394495412847,0.3192660550458716,11.587155963302752,0.06441732402295862,-0.03280696959650561,233,0.1865880402361995,11.231192660550459,0.2225800060131046,0.04022592123439309,0.10904451095456644,287.0,363918786.143
500,0.8,2026Q1,2025Q2;2025Q3;2025Q4;2026Q1,459,0.017368485979663017,-0.0141465133330768,1.7906854349635337,0.39215686274509803,0.1830065359477124,0.5664488017429193,0.25054466230936817,10.40958605664488,0.06479428457890053,-0.03557671634423164,185,0.1871856829922746,11.84967320261438,0.21672303409488447,0.039808699138445265,0.10993984725537438,305.0,408815727.457
