year,rank_cap,target_fraction,method,lane,expanding_q20,candidate_count,total_return,max_drawdown,sharpe,avg_exposure,completed_trades,profit_factor,mean_trade
2021,300,0.6,BASELINE,ALL,-0.0094821298322392,265,0.073958124175897,-0.0768558801930935,0.9289909769176534,0.4103155559343598,146,1.3320795810619628,0.0065392955192088
2021,300,0.6,EXPANDING,EXTREME_TAIL,-0.0094821298322392,40,0.0165351891836449,-0.0339742015043831,0.4256194795692029,0.123061358358921,35,1.1965937871617067,0.0049690009422433
2021,300,0.6,EXPANDING,NON_EXTREME,-0.0094821298322392,225,0.0652412155068948,-0.0663400773159308,0.9273429780229672,0.3608958667962244,129,1.3009181555011036,0.0058241483365464
2021,300,0.6,FIXED_-1PCT,EXTREME_TAIL,-0.0094821298322392,38,0.0221285773974448,-0.0323590899472286,0.5612578622529654,0.1210669691357469,33,1.2765918090348491,0.0069500415260301
2021,300,0.6,FIXED_-1PCT,NON_EXTREME,-0.0094821298322392,227,0.0623380202731795,-0.0660620657493284,0.8922346526741869,0.3624170516265907,131,1.2726606768772444,0.0053120518933894
2022,300,0.6,BASELINE,ALL,-0.0087663031858029,422,-0.2482271254430867,-0.2720329161831671,-2.1433620225451384,0.3787813077847932,240,0.3641569471272334,-0.0203241357304895
2022,300,0.6,EXPANDING,EXTREME_TAIL,-0.0087663031858029,97,-0.1991633122602809,-0.2065810704650128,-2.218032214086949,0.1825285389311211,83,0.3417167229794903,-0.0263307160747296
2022,300,0.6,EXPANDING,NON_EXTREME,-0.0087663031858029,325,-0.2082610253844574,-0.2188359556331377,-1.993670287482035,0.3367612608250437,191,0.3581820043994054,-0.0195495207756516
2022,300,0.6,FIXED_-1PCT,EXTREME_TAIL,-0.0087663031858029,85,-0.1610961752427011,-0.17215166563805,-1.8708386380870483,0.1733039140864633,74,0.3934857450551203,-0.0234092704561923
2022,300,0.6,FIXED_-1PCT,NON_EXTREME,-0.0087663031858029,337,-0.2171771542643868,-0.2276210308802486,-1.995917883241617,0.3509222023043989,198,0.3569523404832987,-0.0197977951763142
2023,300,0.6,BASELINE,ALL,-0.0091528684586762,322,-0.0003735549370942,-0.0777479863170204,0.0486988410262284,0.5281500423100506,186,0.9991467867386944,-1.8809284144685837e-05
2023,300,0.6,EXPANDING,EXTREME_TAIL,-0.0091528684586762,64,-0.0448204760114491,-0.0661210000584279,-0.6809922337712215,0.2150346972371837,62,0.7071356244313515,-0.0072781488127798
2023,300,0.6,EXPANDING,NON_EXTREME,-0.0091528684586762,258,-0.0017768777159721,-0.0843717991284634,0.0252503320655753,0.4516530921815442,162,0.9599566815678736,-0.0009222957230371
2023,300,0.6,FIXED_-1PCT,EXTREME_TAIL,-0.0091528684586762,60,-0.0460802513434992,-0.0673526823733223,-0.7346982656074158,0.2062145061128679,58,0.6834600033146305,-0.008035838455742
2023,300,0.6,FIXED_-1PCT,NON_EXTREME,-0.0091528684586762,262,-0.0025628692980664,-0.0875508747474824,0.0170330780443113,0.4557414626250293,164,0.9575291307693716,-0.0009785134956278
2024,300,0.6,BASELINE,ALL,-0.0091522193513164,335,-0.0328611320244912,-0.1027975480639838,-0.2964963774929456,0.4227361092132097,149,0.928591767148448,-0.0016809053166312
2024,300,0.6,EXPANDING,EXTREME_TAIL,-0.0091522193513164,48,-0.0354813538054468,-0.0677036203773124,-0.5654184230942766,0.1369080611372879,40,0.7449930932510006,-0.0083637527870566
2024,300,0.6,EXPANDING,NON_EXTREME,-0.0091522193513164,287,-0.0205227367363213,-0.0718270234345292,-0.1984964289966347,0.3719455688626157,133,0.9573565481894424,-0.0009794063047736
2024,300,0.6,FIXED_-1PCT,EXTREME_TAIL,-0.0091522193513164,46,-0.026823708136715,-0.0593352059927279,-0.42012310058832,0.136035955185727,38,0.7983509962054873,-0.0064965097529721
2024,300,0.6,FIXED_-1PCT,NON_EXTREME,-0.0091522193513164,289,-0.029210837055223,-0.0791521518165248,-0.3019698380051888,0.3728553834323071,135,0.9306427924536188,-0.0016143983659572
2025,300,0.6,BASELINE,ALL,-0.0088334465137354,272,0.3313683032256924,-0.068165856786273,1.1032198652964156,0.3600070098959776,141,2.380346932461017,0.0256411725357868
2025,300,0.6,EXPANDING,EXTREME_TAIL,-0.0088334465137354,44,0.0204419663018244,-0.0468174083875836,0.4640336209766471,0.1411842400726204,38,1.2367610673414222,0.0056026793844476
2025,300,0.6,EXPANDING,NON_EXTREME,-0.0088334465137354,228,0.3478632582199448,-0.0511679537206769,1.152339629495416,0.2981069637365741,130,2.8095701916406086,0.0300349958332716
2025,300,0.6,FIXED_-1PCT,EXTREME_TAIL,-0.0088334465137354,38,0.0202749728100133,-0.0438817646531919,0.4791008559840719,0.1181709582456002,35,1.2571738813810491,0.0063306422327991
2025,300,0.6,FIXED_-1PCT,NON_EXTREME,-0.0088334465137354,234,0.3398431374822541,-0.0526812653268842,1.1308037330896807,0.3093114473160984,131,2.719430789488253,0.028815319574263
2026,300,0.6,BASELINE,ALL,-0.0086549539495517,90,0.045716738915448,-0.0133461304714033,3.2449488436418643,0.3709968310575511,42,1.8684071505113915,0.013465806315414
2026,300,0.6,EXPANDING,EXTREME_TAIL,-0.0086549539495517,10,0.0244332352478071,-0.0171587417708884,2.149008871650166,0.0775195642891151,7,2.780111473079374,0.0349102952889448
2026,300,0.6,EXPANDING,NON_EXTREME,-0.0086549539495517,80,0.0172790772633086,-0.0261281135985719,1.3043629537452828,0.3539854450328445,41,1.4038266851004615,0.0068600813610531
2026,300,0.6,FIXED_-1PCT,EXTREME_TAIL,-0.0086549539495517,9,0.022625920675769,-0.0171808102813213,2.0124157630829997,0.0518136329278181,6,2.6498391938063586,0.0377480680416733
2026,300,0.6,FIXED_-1PCT,NON_EXTREME,-0.0086549539495517,81,0.0210049194984789,-0.0261031146272655,1.5116162094889845,0.3577442547053535,42,1.429503329441514,0.0071225474898988
2021,300,0.8,BASELINE,ALL,-0.0094821298322392,265,0.0546499558494966,-0.0706412566446242,0.6483572398511593,0.5007915743666963,145,1.3164903668803352,0.00656517400453
2021,300,0.8,EXPANDING,EXTREME_TAIL,-0.0094821298322392,40,0.0049433291544624,-0.0392242640243144,0.1250096390681949,0.1455506073045436,35,1.0657197343191087,0.001738823387836
2021,300,0.8,EXPANDING,NON_EXTREME,-0.0094821298322392,225,0.0511917401783208,-0.0606398722611717,0.6771417376620981,0.4449899556692961,128,1.3181843822430372,0.0065279103434479
2021,300,0.8,FIXED_-1PCT,EXTREME_TAIL,-0.0094821298322392,38,0.0104518592307132,-0.0376179301174722,0.2362126531465854,0.1435299667438911,33,1.133580570121757,0.0035240956349921
2021,300,0.8,FIXED_-1PCT,NON_EXTREME,-0.0094821298322392,227,0.0486470427989982,-0.0606486951272534,0.6478525874981074,0.4469552303714403,130,1.2909327293196018,0.0060010475890835
2022,300,0.8,BASELINE,ALL,-0.0087663031858029,422,-0.2852525638548132,-0.3239775149382952,-2.212126326345423,0.4359625533585432,236,0.2819503708982038,-0.0252019350097003
2022,300,0.8,EXPANDING,EXTREME_TAIL,-0.0087663031858029,97,-0.2125482008396905,-0.2343985052008135,-2.042900412893233,0.2205902573774976,82,0.3085572058601302,-0.0286327571361841
2022,300,0.8,EXPANDING,NON_EXTREME,-0.0087663031858029,325,-0.2460628126529127,-0.2588856287477503,-2.1610489693053943,0.3879966921782157,193,0.2715810400335554,-0.0249849353997095
2022,300,0.8,FIXED_-1PCT,EXTREME_TAIL,-0.0087663031858029,85,-0.1912261511937111,-0.2090270591743263,-1.9012010378136068,0.210389448041936,75,0.3209905937592974,-0.0278085779525567
2022,300,0.8,FIXED_-1PCT,NON_EXTREME,-0.0087663031858029,337,-0.2502194388959415,-0.2763370615405837,-2.0679501206927347,0.4031267999230221,200,0.28205469930514,-0.024762199301969
2023,300,0.8,BASELINE,ALL,-0.0091528684586762,322,0.0433972187577738,-0.0708016589636567,0.426739034525801,0.5939445071735492,177,1.0486345289186587,0.0011437438673737
2023,300,0.8,EXPANDING,EXTREME_TAIL,-0.0091528684586762,64,-0.094363155455197,-0.1144643678912031,-1.3971704507760458,0.2586586155877194,62,0.4101853542745429,-0.01595128363336
2023,300,0.8,EXPANDING,NON_EXTREME,-0.0091528684586762,258,0.0508602286381081,-0.0930295381439646,0.5426173553462526,0.5206346531153374,153,1.048331346697695,0.001191667881495
2023,300,0.8,FIXED_-1PCT,EXTREME_TAIL,-0.0091528684586762,60,-0.0850514325887227,-0.1053593249103935,-1.3284350018372522,0.2397203670671628,58,0.4344502952222349,-0.0152008119728509
2023,300,0.8,FIXED_-1PCT,NON_EXTREME,-0.0091528684586762,262,0.047508249703343,-0.0944921075545127,0.5082643477168137,0.5280999825603648,154,1.0323773912591958,0.0008075169683809
2024,300,0.8,BASELINE,ALL,-0.0091522193513164,335,-0.0156914648310235,-0.1079530208899136,-0.0937220586910712,0.4959102152169116,152,0.9522605241776104,-0.0011777278394057
2024,300,0.8,EXPANDING,EXTREME_TAIL,-0.0091522193513164,48,-0.0357795547536237,-0.0646148835056017,-0.5560441340313954,0.1573555714340657,40,0.7406762678594555,-0.0085053366400591
2024,300,0.8,EXPANDING,NON_EXTREME,-0.0091522193513164,287,-0.0066973872000046,-0.0893656342110421,-0.0196711946261544,0.4423526435222942,135,0.9867103664222768,-0.0003164262141449
2024,300,0.8,FIXED_-1PCT,EXTREME_TAIL,-0.0091522193513164,46,-0.0271248011772137,-0.0562189531743047,-0.4140173973655452,0.1564836191594746,38,0.7937249911015385,-0.0066455453877116
2024,300,0.8,FIXED_-1PCT,NON_EXTREME,-0.0091522193513164,289,-0.0113713383577097,-0.0889304185974199,-0.0680673013950564,0.4423373261614773,137,0.9605090940933688,-0.0009518268596999
2025,300,0.8,BASELINE,ALL,-0.0088334465137354,272,0.3117923574433392,-0.0701853458696499,1.0498283769416747,0.4152470821178786,140,2.463057968937732,0.0283000459807493
2025,300,0.8,EXPANDING,EXTREME_TAIL,-0.0088334465137354,44,0.0431791854824124,-0.0448943368058385,0.8395254071707903,0.1765224349568002,38,1.4978042467087094,0.0117799671282248
2025,300,0.8,EXPANDING,NON_EXTREME,-0.0088334465137354,228,0.3490563646919709,-0.0511495676128482,1.154076630130706,0.3527182490526737,129,2.873076654724392,0.0325208124241467
2025,300,0.8,FIXED_-1PCT,EXTREME_TAIL,-0.0088334465137354,38,0.0335570200414843,-0.0445804054116162,0.705008292765713,0.1558130292730513,35,1.420132150908771,0.0103420546581827
2025,300,0.8,FIXED_-1PCT,NON_EXTREME,-0.0088334465137354,234,0.3398882714122906,-0.0543685482024269,1.129681218560259,0.3605423424172208,132,2.833611617485939,0.031635204469781
2026,300,0.8,BASELINE,ALL,-0.0086549539495517,90,0.0520249674511086,-0.0175404993569673,3.319582545253468,0.4102947773564986,43,1.8751456194297929,0.0152823975062583
2026,300,0.8,EXPANDING,EXTREME_TAIL,-0.0086549539495517,10,0.0259676599451958,-0.0172855511699506,2.2284575211373383,0.0921624853323521,7,2.644163797404758,0.0369590246682529
2026,300,0.8,EXPANDING,NON_EXTREME,-0.0086549539495517,80,0.0302946693137586,-0.0255133910390531,1.925971742758688,0.4045264619759155,40,1.688559224603708,0.011989454359728
2026,300,0.8,FIXED_-1PCT,EXTREME_TAIL,-0.0086549539495517,9,0.0280276615814714,-0.0171806301968839,2.379941652955174,0.061698610034685,6,3.030801212510523,0.0464644206761144
2026,300,0.8,FIXED_-1PCT,NON_EXTREME,-0.0086549539495517,81,0.0289415371301298,-0.0259016547857855,1.8015882495471744,0.4014371377929185,40,1.5833143212905385,0.0104496170217598
2021,500,0.6,BASELINE,ALL,-0.009843699679689,493,0.0446448428305228,-0.1263605448865958,0.4437965060850606,0.5816098733180302,247,1.1702026051829977,0.0035150476971875
2021,500,0.6,EXPANDING,EXTREME_TAIL,-0.009843699679689,77,-0.0149449234915705,-0.0692652718673859,-0.194260622545018,0.2229915443395858,63,0.911134845032449,-0.0026475883047098
2021,500,0.6,EXPANDING,NON_EXTREME,-0.009843699679689,416,0.0264093542580368,-0.1303530913274752,0.3113719940488997,0.5439510952703728,222,1.1133701652744017,0.0022618120454704
2021,500,0.6,FIXED_-1PCT,EXTREME_TAIL,-0.009843699679689,77,-0.0149449234915705,-0.0692652718673859,-0.194260622545018,0.2229915443395858,63,0.911134845032449,-0.0026475883047098
2021,500,0.6,FIXED_-1PCT,NON_EXTREME,-0.009843699679689,416,0.0264093542580368,-0.1303530913274752,0.3113719940488997,0.5439510952703728,222,1.1133701652744017,0.0022618120454704
2022,500,0.6,BASELINE,ALL,-0.0091535175660361,683,-0.1954931661553192,-0.2662971391238634,-1.4066447873933403,0.4985221227264809,398,0.465630212494298,-0.0164159347641613
2022,500,0.6,EXPANDING,EXTREME_TAIL,-0.0091535175660361,143,-0.168801588853969,-0.2231693397738219,-1.36657154153149,0.2767455561902209,124,0.5574949182411039,-0.0153344814191996
2022,500,0.6,EXPANDING,NON_EXTREME,-0.0091535175660361,540,-0.1851493330993259,-0.226853738129668,-1.4778696140022634,0.4526106866878345,321,0.4579030829409792,-0.0158540355590935
2022,500,0.6,FIXED_-1PCT,EXTREME_TAIL,-0.0091535175660361,133,-0.1714392056265451,-0.2189196803034421,-1.452781155864257,0.2631762345343718,115,0.5428567432680189,-0.0163056757250461
2022,500,0.6,FIXED_-1PCT,NON_EXTREME,-0.0091535175660361,550,-0.1638038777687176,-0.2136070898586609,-1.271324015151089,0.4542513097288713,327,0.4715061364725321,-0.0153504509004712
2023,500,0.6,BASELINE,ALL,-0.0092496912843834,592,0.1479408120560392,-0.0706465864703861,1.272970976180311,0.6366609327844295,310,1.111309010467877,0.002354535331433
2023,500,0.6,EXPANDING,EXTREME_TAIL,-0.0092496912843834,105,-0.0153895689124858,-0.0796869333880748,-0.1524637348744321,0.3257649840934625,93,0.916391698942817,-0.0019383366395409
2023,500,0.6,EXPANDING,NON_EXTREME,-0.0092496912843834,487,0.1211256657052721,-0.0814542766802619,1.1258873410019128,0.5760680713250589,270,1.1037891465309275,0.0022433872377361
2023,500,0.6,FIXED_-1PCT,EXTREME_TAIL,-0.0092496912843834,97,-0.0154372234175216,-0.0796015144008506,-0.160753855482245,0.3108780136444287,87,0.9000230403991567,-0.0023435156370096
2023,500,0.6,FIXED_-1PCT,NON_EXTREME,-0.0092496912843834,495,0.1393085634273991,-0.0850211584530062,1.272545499020444,0.5797034430957768,273,1.0931182394854195,0.0020203390223841
2024,500,0.6,BASELINE,ALL,-0.0090481360839667,591,0.5039481210972423,-0.0589177464510047,1.1598257126069615,0.6160326356213762,255,1.7908247478859909,0.0177411429490812
2024,500,0.6,EXPANDING,EXTREME_TAIL,-0.0090481360839667,91,-0.0173978777369825,-0.0593515989227537,-0.1921930558876491,0.2403246376712754,77,0.933531664135618,-0.001778684118383
2024,500,0.6,EXPANDING,NON_EXTREME,-0.0090481360839667,500,0.4988801050183278,-0.0626971098885665,1.153858091001423,0.5646970072815729,213,1.9330443003399291,0.0210433172062015
2024,500,0.6,FIXED_-1PCT,EXTREME_TAIL,-0.0090481360839667,83,-0.0113793318280509,-0.0512485459183317,-0.1131500344588313,0.2346561807893892,70,0.960210043172392,-0.0011002526187463
2024,500,0.6,FIXED_-1PCT,NON_EXTREME,-0.0090481360839667,508,0.5037170951101593,-0.0639254552765286,1.1618895310708686,0.5674622556544058,218,1.8843272330632304,0.0201086927373639
2025,500,0.6,BASELINE,ALL,-0.0087632562858997,535,0.1349116395890177,-0.0913425269520015,0.964721537596126,0.569469830304512,301,2.7046837570821083,0.0298053887870792
2025,500,0.6,EXPANDING,EXTREME_TAIL,-0.0087632562858997,93,0.0637491140032304,-0.0738143095299463,1.0005406493438271,0.2548451667270219,83,1.4793307580391444,0.0099690875242314
2025,500,0.6,EXPANDING,NON_EXTREME,-0.0087632562858997,442,0.1607741985687447,-0.0668232632219347,1.0141949904418228,0.4885648630548396,260,2.9630928739361555,0.0335211945350881
2025,500,0.6,FIXED_-1PCT,EXTREME_TAIL,-0.0087632562858997,77,0.0406264609014195,-0.0779903923086685,0.7059024946614247,0.2059425266473063,69,1.3278538730195808,0.0075548291677868
2025,500,0.6,FIXED_-1PCT,NON_EXTREME,-0.0087632562858997,458,0.1331403670705555,-0.06491448931689,1.035459933540081,0.5022795819744372,266,2.986468448120967,0.0332993409236565
2026,500,0.6,BASELINE,ALL,-0.0085768791667665,178,0.0119024965201806,-0.0214230189607468,0.7393402123434956,0.4129461945758856,98,1.166156971743626,0.0031127356119019
2026,500,0.6,EXPANDING,EXTREME_TAIL,-0.0085768791667665,22,0.0363762305898278,-0.0123238425963082,2.726204039105373,0.1998685280914767,18,2.118178611435066,0.0199887983136841
2026,500,0.6,EXPANDING,NON_EXTREME,-0.0085768791667665,156,-0.0202992094210106,-0.0354177843640418,-1.0893642626241076,0.4281539998865932,91,0.9773878124161222,-0.0004689922534741
2026,500,0.6,FIXED_-1PCT,EXTREME_TAIL,-0.0085768791667665,20,0.0360949181920275,-0.0123237787632515,2.606656577550273,0.1740831920271668,16,2.1623795845882645,0.0222976484569662
2026,500,0.6,FIXED_-1PCT,NON_EXTREME,-0.0085768791667665,158,-0.0194144100597418,-0.0351108759986901,-1.0350797756519232,0.4286212500068764,92,0.9506619273838904,-0.0010201450798115
2021,500,0.8,BASELINE,ALL,-0.009843699679689,493,-0.0273261321184135,-0.1242844291589021,-0.1710526231631272,0.6413698622005193,229,1.1710913010705928,0.0037889491637387
2021,500,0.8,EXPANDING,EXTREME_TAIL,-0.009843699679689,77,-0.0147870884359544,-0.0680274974366226,-0.1501232081678667,0.2616383724365608,63,0.8956591751214448,-0.0031772170392978
2021,500,0.8,EXPANDING,NON_EXTREME,-0.009843699679689,416,-0.0194937832583594,-0.1072502514667205,-0.1305177886792193,0.6180721116252886,210,1.1332753603896617,0.0028988255645632
2021,500,0.8,FIXED_-1PCT,EXTREME_TAIL,-0.009843699679689,77,-0.0147870884359544,-0.0680274974366226,-0.1501232081678667,0.2616383724365608,63,0.8956591751214448,-0.0031772170392978
2021,500,0.8,FIXED_-1PCT,NON_EXTREME,-0.009843699679689,416,-0.0194937832583594,-0.1072502514667205,-0.1305177886792193,0.6180721116252886,210,1.1332753603896617,0.0028988255645632
2022,500,0.8,BASELINE,ALL,-0.0091535175660361,683,-0.2240285162790447,-0.3043343799904534,-1.4707572154963615,0.5711028952510729,383,0.4154934510902168,-0.0190328236407922
2022,500,0.8,EXPANDING,EXTREME_TAIL,-0.0091535175660361,143,-0.1651247379556939,-0.2389955442979401,-1.1536808837324497,0.3437044844706592,123,0.5535421684900089,-0.0160817603758019
2022,500,0.8,EXPANDING,NON_EXTREME,-0.0091535175660361,540,-0.2387540714047175,-0.2827649985660565,-1.767957123396789,0.5267878536415019,306,0.3602929847641195,-0.0207819209768045
2022,500,0.8,FIXED_-1PCT,EXTREME_TAIL,-0.0091535175660361,133,-0.1726448885863043,-0.2354380233204104,-1.2857630640219635,0.3194380883635557,114,0.527106485015725,-0.0175691486232907
2022,500,0.8,FIXED_-1PCT,NON_EXTREME,-0.0091535175660361,550,-0.2359090777785349,-0.2880426059682589,-1.740790058832698,0.5314056695774426,312,0.3804312759714578,-0.0198305040705173
2023,500,0.8,BASELINE,ALL,-0.0092496912843834,592,0.1960991569797654,-0.0773447642643808,1.5099983341199146,0.6972994919848774,276,1.402993853563876,0.0082891282184046
2023,500,0.8,EXPANDING,EXTREME_TAIL,-0.0092496912843834,105,-0.0213155799651431,-0.0838014592192445,-0.2053116537224908,0.3756308937496354,93,0.8211801360291591,-0.0044071088936337
2023,500,0.8,EXPANDING,NON_EXTREME,-0.0092496912843834,487,0.1863943784144284,-0.0855953244048131,1.51801105910601,0.6461297724061614,242,1.3389773792425883,0.0075346775147584
2023,500,0.8,FIXED_-1PCT,EXTREME_TAIL,-0.0092496912843834,97,-0.0162945169129602,-0.0846492280303512,-0.1548734555627315,0.3541007260811068,87,0.8415701521587999,-0.0038712112140981
2023,500,0.8,FIXED_-1PCT,NON_EXTREME,-0.0092496912843834,495,0.2022642886035677,-0.0891583802502374,1.6200075726302414,0.651951298301443,242,1.313399030835884,0.007049145479688
2024,500,0.8,BASELINE,ALL,-0.0090481360839667,591,0.4790940663610494,-0.0765175447230429,1.115567091370614,0.6867864170602928,247,1.6993231284478263,0.0171086145559001
2024,500,0.8,EXPANDING,EXTREME_TAIL,-0.0090481360839667,91,-0.039846824320575,-0.0709463384728068,-0.4452773078996715,0.3032397249908392,76,0.8392000857682642,-0.0047379606808639
2024,500,0.8,EXPANDING,NON_EXTREME,-0.0090481360839667,500,0.514583555527623,-0.074081918708077,1.1756148353595013,0.6393174242167007,209,1.9151465193935728,0.0216009587259059
2024,500,0.8,FIXED_-1PCT,EXTREME_TAIL,-0.0090481360839667,83,-0.0129547880340245,-0.0536553052754955,-0.1189838991483018,0.2815913750268845,69,0.9550095427626504,-0.0012830641080331
2024,500,0.8,FIXED_-1PCT,NON_EXTREME,-0.0090481360839667,508,0.5076855983839088,-0.074036513755523,1.1643580991892477,0.6465503582808699,213,1.84757427563026,0.0203482443113982
2025,500,0.8,BASELINE,ALL,-0.0087632562858997,535,0.1072550315772014,-0.0894626118040764,0.7761395591022461,0.6371495050978003,298,2.4838217048569247,0.0292954574008335
2025,500,0.8,EXPANDING,EXTREME_TAIL,-0.0087632562858997,93,0.048017225863711,-0.065993405660676,0.7371951556427073,0.3147511751749243,75,1.250142222924695,0.00625998134185
2025,500,0.8,EXPANDING,NON_EXTREME,-0.0087632562858997,442,0.1665055797434216,-0.0619104239108015,1.026013086267755,0.5684063413729047,257,2.8319192062424943,0.0346296166530533
2025,500,0.8,FIXED_-1PCT,EXTREME_TAIL,-0.0087632562858997,77,0.0223678968332388,-0.0663485371221223,0.3881454975440813,0.2620850856459782,70,1.0956265363274027,0.0025609152103426
2025,500,0.8,FIXED_-1PCT,NON_EXTREME,-0.0087632562858997,458,0.1269223599489346,-0.0688131923397091,0.967938636552999,0.5858941853068426,264,2.812781292606982,0.0340157848633748
2026,500,0.8,BASELINE,ALL,-0.0085768791667665,178,-0.0068676055603673,-0.0342245793685378,-0.3748060976226351,0.4739554362327755,90,1.1253622843465287,0.0026930714053685
2026,500,0.8,EXPANDING,EXTREME_TAIL,-0.0085768791667665,22,0.0171619697469829,-0.0260074184728961,1.1594986808252117,0.2532619582693712,18,1.3790983259973564,0.0095354662146553
2026,500,0.8,EXPANDING,NON_EXTREME,-0.0085768791667665,156,-0.0171824163722319,-0.0355306466111203,-0.9371767316274798,0.479949990328352,83,0.97640088861611,-0.000527120177574
2026,500,0.8,FIXED_-1PCT,EXTREME_TAIL,-0.0085768791667665,20,0.0206785622561616,-0.0259919415427299,1.3408087635249095,0.2226412680968936,16,1.4943584498452829,0.0129099629800269
2026,500,0.8,FIXED_-1PCT,NON_EXTREME,-0.0085768791667665,158,-0.0173471466881451,-0.0355716445094212,-0.9431897158535416,0.47935431039022,84,0.9363674154422892,-0.0014308587225605
