date,equity,exposure
2019-01-02,1.0000000000,0.0000000000
2019-01-03,1.0000000000,0.0000000000
2019-01-04,1.0000000000,0.0000000000
2019-01-07,1.0000000000,0.0000000000
2019-01-08,1.0000000000,0.0000000000
2019-01-09,1.0000000000,0.0000000000
2019-01-10,1.0000000000,0.0000000000
2019-01-11,1.0000000000,0.0000000000
2019-01-14,1.0000000000,0.0000000000
2019-01-15,1.0080454063,0.5039905972
2019-01-16,1.0098781123,0.5048907448
2019-01-17,1.0120001930,0.5059289480
2019-01-18,1.0125789423,0.5062113391
2019-01-22,1.0135435244,0.5066812742
2019-01-23,1.0187522679,0.5092035466
2019-01-24,1.0214530979,0.5105012643
2019-01-25,1.0143151901,0.5070565788
2019-01-28,1.0119037348,0.5058818514
2019-01-29,1.0133506080,0.5065873588
2019-01-30,1.0173053947,0.5085055062
2019-01-31,1.0282051727,0.5137157318
2019-02-01,1.0261795503,0.5127558332
2019-02-04,1.0270476742,0.5131676819
2019-02-05,1.0281087145,0.5136701081
2019-02-06,1.0278193399,0.5135331857
2019-02-07,1.0347643312,0.5167981878
2019-02-08,1.0370793283,0.5178768043
2019-02-11,1.0368864119,0.5177871035
2019-02-12,1.0381403687,0.5183695624
2019-02-13,1.0365970373,0.5176524898
2019-02-14,1.0357289133,0.5172481973
2019-02-15,1.0373687030,0.5180112928
2019-02-19,1.0405518240,0.5194857301
2019-02-20,1.0429632793,0.5205967363
2019-02-21,1.0469180660,0.5224077067
2019-02-22,1.0502941035,0.5239428667
2019-02-25,1.0467251496,0.5223196842
2019-02-26,1.0460499421,0.5220113497
2019-02-27,1.0467251496,0.5223196842
2019-02-28,1.0499082706,0.5237679195
2019-03-01,1.0510657692,0.5242923757
2019-03-04,1.0514651062,0.0000000000
2019-03-05,1.0514651062,0.0000000000
2019-03-06,1.0514651062,0.0000000000
2019-03-07,1.0514651062,0.0000000000
2019-03-08,1.0514651062,0.0000000000
2019-03-11,1.0514651062,0.0000000000
2019-03-12,1.0514651062,0.0000000000
2019-03-13,1.0514651062,0.0000000000
2019-03-14,1.0514651062,0.0000000000
2019-03-15,1.0514651062,0.0000000000
2019-03-18,1.0514651062,0.0000000000
2019-03-19,1.0514651062,0.0000000000
2019-03-20,1.0514651062,0.0000000000
2019-03-21,1.0514651062,0.0000000000
2019-03-22,1.0514651062,0.0000000000
2019-03-25,1.0505248388,0.4995524773
2019-03-26,1.0537183010,0.5010691638
2019-03-27,1.0498346194,0.5022775369
2019-03-28,1.0581881179,1.0000000000
2019-03-29,1.0642685111,1.0000000000
2019-04-01,1.0850429341,0.4977724229
2019-04-02,1.0866174186,0.0000000000
2019-04-03,1.0866174186,0.0000000000
2019-04-04,1.0866174186,0.0000000000
2019-04-05,1.0866174186,0.0000000000
2019-04-08,1.0866174186,0.0000000000
2019-04-09,1.0866174186,0.0000000000
2019-04-10,1.0866174186,0.0000000000
2019-04-11,1.0866174186,0.0000000000
2019-04-12,1.0866174186,0.0000000000
2019-04-15,1.0866174186,0.0000000000
2019-04-16,1.0866174186,0.0000000000
2019-04-17,1.0848325993,0.4991773757
2019-04-18,1.0851163177,0.4993083226
2019-04-22,1.0846434537,0.4990900397
2019-04-23,1.0869284669,0.5026046829
2019-04-24,1.0911788893,1.0000000000
2019-04-25,1.0944744301,1.0000000000
2019-04-26,1.1013077438,1.0000000000
2019-04-29,1.0935290482,1.0000000000
2019-04-30,1.1055600588,1.0000000000
2019-05-01,1.1022478967,1.0000000000
2019-05-02,1.1038887058,1.0000000000
2019-05-03,1.1113371595,1.0000000000
2019-05-06,1.1089515528,1.0000000000
2019-05-07,1.0931948006,1.0000000000
2019-05-08,1.0903614844,0.7542270938
2019-05-09,1.0916184183,0.7545100867
2019-05-10,1.0980134257,0.7559398596
2019-05-13,1.0928485568,0.7547864165
2019-05-14,1.0983068542,1.0000000000
2019-05-15,1.1061746855,1.0000000000
2019-05-16,1.1141887570,0.4938042651
2019-05-17,1.1110824189,0.4923890549
2019-05-20,1.1069982075,0.7457111227
2019-05-21,1.1155687105,0.7476647303
2019-05-22,1.1141488688,0.7473431610
2019-05-23,1.1039716653,0.4916396126
2019-05-24,1.1025141278,1.0000000000
2019-05-28,1.0922684589,0.8299255289
2019-05-29,1.0855290720,0.2490931886
2019-05-30,1.0870511459,0.8130896007
2019-05-31,1.0779058154,0.2504244654
2019-06-03,1.0785552899,0.2508758379
2019-06-04,1.0943847779,1.0000000000
2019-06-05,1.1066953151,1.0000000000
2019-06-06,1.1161163451,0.7540014149
2019-06-07,1.1297775392,0.5075800798
2019-06-10,1.1356482966,0.5101256548
2019-06-11,1.1356482966,0.5101256548
2019-06-12,1.1324118534,0.5087255895
2019-06-13,1.1341429742,0.5094754556
2019-06-14,1.1291001441,0.5072846562
2019-06-17,1.1295517408,0.5074816446
2019-06-18,1.1399384655,0.5119693014
2019-06-19,1.1420459169,0.5128698790
2019-06-20,1.1506262546,0.5165024582
2019-06-21,1.1457339568,0.5144379178
2019-06-24,1.1468629486,0.5149159136
2019-06-25,1.1360246272,0.5102879353
2019-06-26,1.1422717152,0.5129661723
2019-06-27,1.1437770376,0.5136071565
2019-06-28,1.1437017715,0.5135751474
2019-07-01,1.1568739824,0.0000000000
2019-07-02,1.1568739824,0.0000000000
2019-07-03,1.1568739824,0.0000000000
2019-07-05,1.1568739824,0.0000000000
2019-07-08,1.1568739824,0.0000000000
2019-07-09,1.1568739824,0.0000000000
2019-07-10,1.1568739824,0.0000000000
2019-07-11,1.1596011871,0.5011759235
2019-07-12,1.1653323911,0.5036291829
2019-07-15,1.1657345808,0.5038004356
2019-07-16,1.1671422450,0.5043988908
2019-07-17,1.1619137781,0.5021687477
2019-07-18,1.1644274641,0.5032434316
2019-07-19,1.1657345808,0.5038004356
2019-07-22,1.1613834445,0.5043892961
2019-07-23,1.1686072059,0.0000000000
2019-07-24,1.1686072059,0.0000000000
2019-07-25,1.1686072059,0.0000000000
2019-07-26,1.1683784923,0.4999021235
2019-07-29,1.1707891413,0.5009318225
2019-07-30,1.1644722892,0.0000000000
2019-07-31,1.1610436046,0.0000000000
2019-08-01,1.1610436046,0.0000000000
2019-08-02,1.1589106529,0.0000000000
2019-08-05,1.1477916147,0.0000000000
2019-08-06,1.1505680737,0.6700983565
2019-08-07,1.1485988398,0.6708884057
2019-08-08,1.1616839941,0.6745955033
2019-08-09,1.1504157221,1.0000000000
2019-08-12,1.1374300346,0.6737621480
2019-08-13,1.1465999458,0.6763712290
2019-08-14,1.1229024223,0.6695414277
2019-08-15,1.1181868875,0.1104728141
2019-08-16,1.1271300095,1.0000000000
2019-08-19,1.1404119018,1.0000000000
2019-08-20,1.1348378888,1.0000000000
2019-08-21,1.1448132966,1.0000000000
2019-08-22,1.1450194040,1.0000000000
2019-08-23,1.1121593320,0.3366965507
2019-08-26,1.1125437725,1.0000000000
2019-08-27,1.1070166163,1.0000000000
2019-08-28,1.1057900436,0.3441745162
2019-08-29,1.1112243583,0.3473817552
2019-08-30,1.1096175278,0.3464367026
2019-09-03,1.1078202976,0.3453764190
2019-09-04,1.1117933524,0.3477157524
2019-09-05,1.1183864682,0.3515611008
2019-09-06,1.1191322872,0.3519932374
2019-09-09,1.1202094587,0.3526163480
2019-09-10,1.1191239376,0.3519884027
2019-09-11,1.1205392230,0.3528068671
2019-09-12,1.1239337766,0.0000000000
2019-09-13,1.1239337766,0.0000000000
2019-09-16,1.1239337766,0.0000000000
2019-09-17,1.1239337766,0.0000000000
2019-09-18,1.1239337766,0.0000000000
2019-09-19,1.1239337766,0.0000000000
2019-09-20,1.1239337766,0.0000000000
2019-09-23,1.1239337766,0.0000000000
2019-09-24,1.1239337766,0.0000000000
2019-09-25,1.1239337766,0.0000000000
2019-09-26,1.1239337766,0.0000000000
2019-09-27,1.1239337766,0.0000000000
2019-09-30,1.1239337766,0.0000000000
2019-10-01,1.1239337766,0.0000000000
2019-10-02,1.1239337766,0.0000000000
2019-10-03,1.1287094954,0.6708107236
2019-10-04,1.1420893553,1.0000000000
2019-10-07,1.1361038979,1.0000000000
2019-10-08,1.1155583622,0.8351269236
2019-10-09,1.1237270351,1.0000000000
2019-10-10,1.1351236440,1.0000000000
2019-10-11,1.1508125268,1.0000000000
2019-10-14,1.1493996186,1.0000000000
2019-10-15,1.1611349884,1.0000000000
2019-10-16,1.1554885001,1.0000000000
2019-10-17,1.1576686480,1.0000000000
2019-10-18,1.1540746604,1.0000000000
2019-10-21,1.1668742205,1.0000000000
2019-10-22,1.1681109165,1.0000000000
2019-10-23,1.1757264471,1.0000000000
2019-10-24,1.1719303376,1.0000000000
2019-10-25,1.1808688503,0.6610666709
2019-10-28,1.1809774327,0.6610978334
2019-10-29,1.1820225070,0.6613974706
2019-10-30,1.1746423800,0.6592700745
2019-10-31,1.1713634641,0.6583162930
2019-11-01,1.1841343606,0.6620013539
2019-11-04,1.1994341540,0.5027208872
2019-11-05,1.2000440383,0.5029736135
2019-11-06,1.1919546561,1.0000000000
2019-11-07,1.1910886952,0.5052399497
2019-11-08,1.1899512830,0.5047670344
2019-11-11,1.1867710583,0.5034399443
2019-11-12,1.1849295615,0.5026682413
2019-11-13,1.1831182101,0.5019068274
2019-11-14,1.1828165164,1.0000000000
2019-11-15,1.1888458582,0.8345072616
2019-11-18,1.1851958359,0.8339975971
2019-11-19,1.1778172646,0.8329576560
2019-11-20,1.1853291450,0.8340162667
2019-11-21,1.1897347119,0.8346309016
2019-11-22,1.1885878399,0.8344713365
2019-11-25,1.1870133685,0.8342517769
2019-11-26,1.1853171792,0.8340145911
2019-11-27,1.1873529050,0.8342991744
2019-11-29,1.1827837400,0.8336590621
2019-12-02,1.1789278648,0.8331150170
2019-12-03,1.1762657567,1.0000000000
2019-12-04,1.1876242110,1.0000000000
2019-12-05,1.1871009155,1.0000000000
2019-12-06,1.1928417006,1.0000000000
2019-12-09,1.1905647491,1.0000000000
2019-12-10,1.1898715052,1.0000000000
2019-12-11,1.1892989079,1.0000000000
2019-12-12,1.1916191227,0.8366668879
2019-12-13,1.1931569477,0.8368774032
2019-12-16,1.2052821500,0.8391083395
2019-12-17,1.2052883243,0.8409641380
2019-12-18,1.2118828277,1.0000000000
2019-12-19,1.2137781424,1.0000000000
2019-12-20,1.2125335466,1.0000000000
2019-12-23,1.2099199222,1.0000000000
2019-12-24,1.2108217448,1.0000000000
2019-12-26,1.2128987668,1.0000000000
2019-12-27,1.2136660186,1.0000000000
2019-12-30,1.2002024407,1.0000000000
2019-12-31,1.2062035617,1.0000000000
2020-01-02,1.1998893591,1.0000000000
2020-01-03,1.2013421573,1.0000000000
2020-01-06,1.2050947271,1.0000000000
2020-01-07,1.2010328385,1.0000000000
2020-01-08,1.1950473745,1.0000000000
2020-01-09,1.2012247640,1.0000000000
2020-01-10,1.2024459542,1.0000000000
2020-01-13,1.2077327205,0.8351820341
2020-01-14,1.2095863377,0.8354346076
2020-01-15,1.2076598453,0.3283078175
2020-01-16,1.2083273271,0.3286788613
2020-01-17,1.2057908964,0.3272667097
2020-01-21,1.1987155897,0.3232959643
2020-01-22,1.1949776918,0.3211792298
2020-01-23,1.1935092319,0.3203440279
2020-01-24,1.1891038523,0.3178260455
2020-01-27,1.1813094007,0.0000000000
2020-01-28,1.1813094007,0.0000000000
2020-01-29,1.1813094007,0.0000000000
2020-01-30,1.1813094007,0.0000000000
2020-01-31,1.1813094007,0.0000000000
2020-02-03,1.1811361432,0.7517754264
2020-02-04,1.1948312398,1.0000000000
2020-02-05,1.2077090819,0.2482803413
2020-02-06,1.2114565333,0.2506056685
2020-02-07,1.2112392898,0.2504712598
2020-02-10,1.2130315492,0.2515786918
2020-02-11,1.2127056838,0.2513775840
2020-02-12,1.2167602497,0.0000000000
2020-02-13,1.2167602497,0.0000000000
2020-02-14,1.2167602497,0.0000000000
2020-02-18,1.2167602497,0.0000000000
2020-02-19,1.2167602497,0.0000000000
2020-02-20,1.2167602497,0.0000000000
2020-02-21,1.2167602497,0.0000000000
2020-02-24,1.2167602497,0.0000000000
2020-02-25,1.2090412744,0.0000000000
2020-02-26,1.2049618795,0.0000000000
2020-02-27,1.2049618795,0.0000000000
2020-02-28,1.2049618795,0.0000000000
2020-03-02,1.2496588376,1.0000000000
2020-03-03,1.2058883215,1.0000000000
2020-03-04,1.2569231504,1.0000000000
2020-03-05,1.2179957104,1.0000000000
2020-03-06,1.1948515528,1.0000000000
2020-03-09,1.1033162861,0.0000000000
2020-03-10,1.1033162861,0.0000000000
2020-03-11,1.1033162861,0.0000000000
2020-03-12,1.1033162861,0.0000000000
2020-03-13,1.1033162861,0.0000000000
2020-03-16,1.1033162861,0.0000000000
2020-03-17,1.1033162861,0.0000000000
2020-03-18,1.1033162861,0.0000000000
2020-03-19,1.1033162861,0.0000000000
2020-03-20,1.1033162861,0.0000000000
2020-03-23,1.1033162861,0.0000000000
2020-03-24,1.1033162861,0.0000000000
2020-03-25,1.1033162861,0.0000000000
2020-03-26,1.1033162861,0.0000000000
2020-03-27,1.1033162861,0.0000000000
2020-03-30,1.1033162861,0.0000000000
2020-03-31,1.1033162861,0.0000000000
2020-04-01,1.1033162861,0.0000000000
2020-04-02,1.1033162861,0.0000000000
2020-04-03,1.1033162861,0.0000000000
2020-04-06,1.1033162861,0.0000000000
2020-04-07,1.1033162861,0.0000000000
2020-04-08,1.1033162861,0.0000000000
2020-04-09,1.1033162861,0.0000000000
2020-04-13,1.1033162861,0.0000000000
2020-04-14,1.1033162861,0.0000000000
2020-04-15,1.1033162861,0.0000000000
2020-04-16,1.1033162861,0.0000000000
2020-04-17,1.1033162861,0.0000000000
2020-04-20,1.1033162861,0.0000000000
2020-04-21,1.1033162861,0.0000000000
2020-04-22,1.1033162861,0.0000000000
2020-04-23,1.1033162861,0.0000000000
2020-04-24,1.1033162861,0.0000000000
2020-04-27,1.1033162861,0.0000000000
2020-04-28,1.1033162861,0.0000000000
2020-04-29,1.1033162861,0.0000000000
2020-04-30,1.1033162861,0.0000000000
2020-05-01,1.1033162861,0.0000000000
2020-05-04,1.1033162861,0.0000000000
2020-05-05,1.1033162861,0.0000000000
2020-05-06,1.1033162861,0.0000000000
2020-05-07,1.1026219969,1.0000000000
2020-05-08,1.1268086239,1.0000000000
2020-05-11,1.1150642232,1.0000000000
2020-05-12,1.0958110310,1.0000000000
2020-05-13,1.0846802778,0.5046199620
2020-05-14,1.0796101998,0.0000000000
2020-05-15,1.0796299136,0.5042216736
2020-05-18,1.0971489897,1.0000000000
2020-05-19,1.0780353323,1.0000000000
2020-05-20,1.0874417417,1.0000000000
2020-05-21,1.0759353001,1.0000000000
2020-05-22,1.0837449397,1.0000000000
2020-05-26,1.0902138956,1.0000000000
2020-05-27,1.1049510010,1.0000000000
2020-05-28,1.1260952631,1.0000000000
2020-05-29,1.1310511161,1.0000000000
2020-06-01,1.1417109824,1.0000000000
2020-06-02,1.1469478405,1.0000000000
2020-06-03,1.1505622464,0.4936644644
2020-06-04,1.1478114517,0.4924510027
2020-06-05,1.1580524709,0.0000000000
2020-06-08,1.1580524709,0.0000000000
2020-06-09,1.1580524709,0.0000000000
2020-06-10,1.1580524709,0.0000000000
2020-06-11,1.1580524709,0.0000000000
2020-06-12,1.1580524709,0.0000000000
2020-06-15,1.1580524709,0.0000000000
2020-06-16,1.1580524709,0.0000000000
2020-06-17,1.1580524709,0.0000000000
2020-06-18,1.1580524709,0.0000000000
2020-06-19,1.1580524709,0.0000000000
2020-06-22,1.1580524709,0.0000000000
2020-06-23,1.1580524709,0.0000000000
2020-06-24,1.1580524709,0.0000000000
2020-06-25,1.1670145217,0.5038397341
2020-06-26,1.1569063315,0.4995046533
2020-06-29,1.1729942418,1.0000000000
2020-06-30,1.1883078296,1.0000000000
2020-07-01,1.2065552318,1.0000000000
2020-07-02,1.2103216113,1.0000000000
2020-07-06,1.2179435815,1.0000000000
2020-07-07,1.2077957211,1.0000000000
2020-07-08,1.2055720296,1.0000000000
2020-07-09,1.1988914489,1.0000000000
2020-07-10,1.2087637798,1.0000000000
2020-07-13,1.1988545249,0.8302159286
2020-07-14,1.2124165196,0.8321151197
2020-07-15,1.2205779530,0.6593403426
2020-07-16,1.2128751828,0.6571768693
2020-07-17,1.2216940255,0.6596515506
2020-07-20,1.2170184507,0.4883470094
2020-07-21,1.2171897760,0.4884190270
2020-07-22,1.2243854368,0.4914255665
2020-07-23,1.2213015822,0.4901413877
2020-07-24,1.2189030285,0.4891380895
2020-07-27,1.2259273641,0.4920652332
2020-07-28,1.2380914575,0.4970556286
2020-07-29,1.2497415750,0.5017440867
2020-07-30,1.2446018173,0.4996864690
2020-07-31,1.2439165162,0.4994108353
2020-08-03,1.2339796513,0.4953797421
2020-08-04,1.2430598900,0.4990658657
2020-08-05,1.2384341080,0.4971947834
2020-08-06,1.2396333848,0.4976812197
2020-08-07,1.2480283224,0.5010600972
2020-08-10,1.2470003709,0.5006488014
2020-08-11,1.2350076028,0.4957997599
2020-08-12,1.2427172394,0.4989277447
2020-08-13,1.2355215786,0.4960095067
2020-08-14,1.2370635059,0.4966377014
2020-08-17,1.2425459142,0.4988586556
2020-08-18,1.2418606132,0.4985821088
2020-08-19,1.2291825440,0.4934103703
2020-08-20,1.2356929039,0.4960793835
2020-08-21,1.2377488070,0.4969163966
2020-08-24,1.2386054332,0.4972643320
2020-08-25,1.2404900111,0.4980280983
2020-08-26,1.2362068796,0.4962888978
2020-08-27,1.2444304920,0.4996175890
2020-08-28,1.2492275993,0.5015390868
2020-08-31,1.2437451910,0.4993418794
2020-09-01,1.2427172394,0.4989277447
2020-09-02,1.2565945854,0.5044613934
2020-09-03,1.2459724193,0.5002368269
2020-09-04,1.2351565817,1.0000000000
2020-09-08,1.2153509887,0.5045234709
2020-09-09,1.2263083469,1.0000000000
2020-09-10,1.2054645644,1.0000000000
2020-09-11,1.1993061446,0.8355430843
2020-09-14,1.2225476148,1.0000000000
2020-09-15,1.2362198435,1.0000000000
2020-09-16,1.2334043287,1.0000000000
2020-09-17,1.2133858953,1.0000000000
2020-09-18,1.1909365454,0.5949764415
2020-09-21,1.1693129568,0.5046075868
2020-09-22,1.1816756535,1.0000000000
2020-09-23,1.1513990235,0.6291707874
2020-09-24,1.1530963023,0.8760513606
2020-09-25,1.1690208668,0.9188401429
2020-09-28,1.1907972223,1.0000000000
2020-09-29,1.1813440125,1.0000000000
2020-09-30,1.1916236456,1.0000000000
2020-10-01,1.2037588555,1.0000000000
2020-10-02,1.2154357468,1.0000000000
2020-10-05,1.2284573881,1.0000000000
2020-10-06,1.2163333789,1.0000000000
2020-10-07,1.2282622404,1.0000000000
2020-10-08,1.2458274772,1.0000000000
2020-10-09,1.2462660705,1.0000000000
2020-10-12,1.2569311467,0.9588209673
2020-10-13,1.2367987564,0.9581506623
2020-10-14,1.2245808644,0.9577331230
2020-10-15,1.2307134884,0.9579437381
2020-10-16,1.2287336299,0.9578759729
2020-10-19,1.2104628617,0.9572401513
2020-10-20,1.2184413709,0.9575201483
2020-10-21,1.2137061266,0.9573544142
2020-10-22,1.2184505837,0.9575204695
2020-10-23,1.2239014664,0.9577096603
2020-10-26,1.2043025816,0.9570214250
2020-10-27,1.1883603434,0.9564448536
2020-10-28,1.1606193400,0.9153598137
2020-10-29,1.1714901885,0.9762612548
2020-10-30,1.1671971942,0.9332158504
2020-11-02,1.1908692164,1.0000000000
2020-11-03,1.2128331368,0.9888457761
2020-11-04,1.2122299499,0.9772212132
2020-11-05,1.2281002164,0.9538588078
2020-11-06,1.2222095497,0.9536364217
2020-11-09,1.2974738294,0.0504423800
2020-11-10,1.2972960196,0.0503122319
2020-11-11,1.2983999038,0.0511196452
2020-11-12,1.2980839980,0.0508887227
2020-11-13,1.2988165535,0.0300270946
2020-11-16,1.2991468787,0.0302737229
2020-11-17,1.2989882657,0.0301553145
2020-11-18,1.2986522863,0.0299044022
2020-11-19,1.2989594066,0.0301337674
2020-11-20,1.2986429431,0.0298974227
2020-11-23,1.2986403195,0.0298954629
2020-11-24,1.2991838040,0.0303012844
2020-11-25,1.2993691175,0.0304395810
2020-11-27,1.2996785399,0.0306704101
2020-11-30,1.2998259668,0.0307803520
2020-12-01,1.3003288583,0.0111586953
2020-12-02,1.3003068137,0.0111419311
2020-12-03,1.3002975318,0.0111348724
2020-12-04,1.3004425619,0.0112451542
2020-12-07,1.3004843306,0.0112769108
2020-12-08,1.3005319004,0.0113130756
2020-12-09,1.3002499619,0.0110986946
2020-12-10,1.3002708462,0.0111145778
2020-12-11,1.3002406800,0.0110916352
2020-12-14,1.3002928908,0.0111313429
2020-12-15,1.3005342209,0.0113148397
2020-12-16,1.3006300731,0.0000000000
2020-12-17,1.3006300731,0.0000000000
2020-12-18,1.3006300731,0.0000000000
2020-12-21,1.3006300731,0.0000000000
2020-12-22,1.3006300731,0.0000000000
2020-12-23,1.3090723009,0.5032245078
2020-12-24,1.3056341105,0.5019163246
2020-12-28,1.3015082822,0.5003373813
2020-12-29,1.2972105443,0.4986819685
2020-12-30,1.3073532057,0.5025712763
2020-12-31,1.3018521012,0.5004693421
2021-01-04,1.3028835583,0.5008648068
2021-01-05,1.3321081760,0.5118151451
2021-01-06,1.3529092274,0.5193210133
2021-01-07,1.3632237983,0.5229579785
2021-01-08,1.3623642507,0.5226570015
2021-01-11,1.3697691828,0.0000000000
2021-01-12,1.3697691828,0.0000000000
2021-01-13,1.3697691828,0.0000000000
2021-01-14,1.3674149258,0.0000000000
2021-01-15,1.3674149258,0.0000000000
2021-01-19,1.3674149258,0.0000000000
2021-01-20,1.3674149258,0.0000000000
2021-01-21,1.3674149258,0.0000000000
2021-01-22,1.3674149258,0.0000000000
2021-01-25,1.3674149258,0.0000000000
2021-01-26,1.3674149258,0.0000000000
2021-01-27,1.3674149258,0.0000000000
2021-01-28,1.3784221083,1.0000000000
2021-01-29,1.3709222921,1.0000000000
2021-02-01,1.3775397770,1.0000000000
2021-02-02,1.3887895014,1.0000000000
2021-02-03,1.3843778447,1.0000000000
2021-02-04,1.3951864034,1.0000000000
2021-02-05,1.4026862197,1.0000000000
2021-02-08,1.3918776610,1.0000000000
2021-02-09,1.3938629065,1.0000000000
2021-02-10,1.3993774772,1.0000000000
2021-02-11,1.3914364953,1.0000000000
2021-02-12,1.3812896851,1.0000000000
2021-02-16,1.3658488870,1.0000000000
2021-02-17,1.3669518011,1.0000000000
2021-02-18,1.3751133659,1.0000000000
2021-02-19,1.3545991626,1.0000000000
2021-02-22,1.3298903563,0.0000000000
2021-02-23,1.3291673378,0.0000000000
2021-02-24,1.3225762630,0.0000000000
2021-02-25,1.3188593510,0.0000000000
2021-02-26,1.2933207948,0.0000000000
2021-03-01,1.3044898072,1.0000000000
2021-03-02,1.2917237674,1.0000000000
2021-03-03,1.2693837148,0.6695087566
2021-03-04,1.2650086960,0.0000000000
2021-03-05,1.2617878739,0.3399544845
2021-03-08,1.2609015775,1.0000000000
2021-03-09,1.2918550517,1.0000000000
2021-03-10,1.3018785327,1.0000000000
2021-03-11,1.3140878555,1.0000000000
2021-03-12,1.3202585441,1.0000000000
2021-03-15,1.3340238329,1.0000000000
2021-03-16,1.3253021604,1.0000000000
2021-03-17,1.3370633708,1.0000000000
2021-03-18,1.3133327167,1.0000000000
2021-03-19,1.3200916014,1.0000000000
2021-03-22,1.3267338656,1.0000000000
2021-03-23,1.3202898008,1.0000000000
2021-03-24,1.3056131600,1.0000000000
2021-03-25,1.3174828082,1.0000000000
2021-03-26,1.3259602916,0.6621172197
2021-03-29,1.3211492206,0.6608867924
2021-03-30,1.3297139843,0.6630710399
2021-03-31,1.3365869428,0.6648035862
2021-04-01,1.3437242458,0.6665840098
2021-04-05,1.3646247539,0.0000000000
2021-04-06,1.3646247539,0.0000000000
2021-04-07,1.3646247539,0.0000000000
2021-04-08,1.3646247539,0.0000000000
2021-04-09,1.3599246064,0.4982719088
2021-04-12,1.3545813267,0.4962927928
2021-04-13,1.3552843898,0.4965540944
2021-04-14,1.3739858687,0.5034065542
2021-04-15,1.3683613638,0.5013653593
2021-04-16,1.3628774715,0.4993589730
2021-04-19,1.3621744084,0.4991005757
2021-04-20,1.3465153649,0.0000000000
2021-04-21,1.3465153649,0.0000000000
2021-04-22,1.3368557590,0.0000000000
2021-04-23,1.3368557590,0.0000000000
2021-04-26,1.3435748988,0.5025004709
2021-04-27,1.3517567891,0.5055117275
2021-04-28,1.3753149906,0.5139819721
2021-04-29,1.3832147468,0.5167576972
2021-04-30,1.3651581612,0.5103659792
2021-05-03,1.3843432834,0.5171516433
2021-05-04,1.3847664846,0.5172992075
2021-05-05,1.4079014848,0.5252310714
2021-05-06,1.4117102958,0.5265120036
2021-05-07,1.4249706009,0.5309181262
2021-05-10,1.4350260735,0.0000000000
2021-05-11,1.4350260735,0.0000000000
2021-05-12,1.4350260735,0.0000000000
2021-05-13,1.4350260735,0.0000000000
2021-05-14,1.4350260735,0.0000000000
2021-05-17,1.4350260735,0.0000000000
2021-05-18,1.4350260735,0.0000000000
2021-05-19,1.4350260735,0.0000000000
2021-05-20,1.4350260735,0.0000000000
2021-05-21,1.4350260735,0.0000000000
2021-05-24,1.4350260735,0.0000000000
2021-05-25,1.4350260735,0.0000000000
2021-05-26,1.4350260735,0.0000000000
2021-05-27,1.4350260735,0.0000000000
2021-05-28,1.4342273451,0.4997215475
2021-06-01,1.4298276256,0.4981821417
2021-06-02,1.4311527263,0.9985681060
2021-06-03,1.4318552275,0.5030844341
2021-06-04,1.4307552976,0.5027024175
2021-06-07,1.4320752135,0.5031607670
2021-06-08,1.4259156061,0.5010145429
2021-06-09,1.4322951994,0.5032370765
2021-06-10,1.4370248979,0.5048720787
2021-06-11,1.4359323335,1.0000000000
2021-06-14,1.4310306867,0.5092158755
2021-06-15,1.4332305464,0.5099691781
2021-06-16,1.4222312477,0.5061793616
2021-06-17,1.4261909952,0.5075504297
2021-06-18,1.4114271864,0.0000000000
2021-06-21,1.4149724838,0.5012527796
2021-06-22,1.4161318169,1.0000000000
2021-06-23,1.4101227082,1.0000000000
2021-06-24,1.4190994486,1.0000000000
2021-06-25,1.4259259474,1.0000000000
2021-06-28,1.4227895266,1.0000000000
2021-06-29,1.4182198539,1.0000000000
2021-06-30,1.4292482544,1.0000000000
2021-07-01,1.4321660497,1.0000000000
2021-07-02,1.4350216404,1.0000000000
2021-07-06,1.4251682155,1.0000000000
2021-07-07,1.4360507444,1.0000000000
2021-07-08,1.4233784695,1.0000000000
2021-07-09,1.4386680661,1.0000000000
2021-07-12,1.4385123727,1.0000000000
2021-07-13,1.4313592089,1.0000000000
2021-07-14,1.4355445129,0.4966781090
2021-07-15,1.4470870517,0.9953122089
2021-07-16,1.4480666262,0.9953153800
2021-07-19,1.4164528892,0.0000000000
2021-07-20,1.4348643126,1.0000000000
2021-07-21,1.4677476155,1.0000000000
2021-07-22,1.4597288134,1.0000000000
2021-07-23,1.4621150570,1.0000000000
2021-07-26,1.4863678323,1.0000000000
2021-07-27,1.4804206722,1.0000000000
2021-07-28,1.4893477524,1.0000000000
2021-07-29,1.5047197124,1.0000000000
2021-07-30,1.4957068421,1.0000000000
2021-08-02,1.4810084085,1.0000000000
2021-08-03,1.5013574496,1.0000000000
2021-08-04,1.4738606441,1.0000000000
2021-08-05,1.4810744360,1.0000000000
2021-08-06,1.4985882921,1.0000000000
2021-08-09,1.4871465686,1.0000000000
2021-08-10,1.5114642291,1.0000000000
2021-08-11,1.5280740337,1.0000000000
2021-08-12,1.5260684193,1.0000000000
2021-08-13,1.5178941441,1.0000000000
2021-08-16,1.5003365362,1.0000000000
2021-08-17,1.4839476611,1.0000000000
2021-08-18,1.4600250234,1.0000000000
2021-08-19,1.4407638496,0.5170814411
2021-08-20,1.4451466831,0.5185460341
2021-08-23,1.4515867649,0.5206820434
2021-08-24,1.4616286357,1.0000000000
2021-08-25,1.4704764547,1.0000000000
2021-08-26,1.4544802828,1.0000000000
2021-08-27,1.4830389577,1.0000000000
2021-08-30,1.4738326612,1.0000000000
2021-08-31,1.4668164794,1.0000000000
2021-09-01,1.4545643434,1.0000000000
2021-09-02,1.4770106718,1.0000000000
2021-09-03,1.4678564803,1.0000000000
2021-09-07,1.4586468846,1.0000000000
2021-09-08,1.4424211071,1.0000000000
2021-09-09,1.4441379415,1.0000000000
2021-09-10,1.4436693508,1.0000000000
2021-09-13,1.4633348773,1.0000000000
2021-09-14,1.4448215506,1.0000000000
2021-09-15,1.4789105690,1.0000000000
2021-09-16,1.4625145846,1.0000000000
2021-09-17,1.4418599489,1.0000000000
2021-09-20,1.3856200203,0.4938368920
2021-09-21,1.3819805972,1.0000000000
2021-09-22,1.4098856876,1.0000000000
2021-09-23,1.4401652245,1.0000000000
2021-09-24,1.4431920689,0.8393906726
2021-09-27,1.4730942661,0.8426508658
2021-09-28,1.4697948414,0.8422976453
2021-09-29,1.4673982784,1.0000000000
2021-09-30,1.4462903448,1.0000000000
2021-10-01,1.4821769762,1.0000000000
2021-10-04,1.4954797757,0.3902648088
2021-10-05,1.5056776736,1.0000000000
2021-10-06,1.5087536746,0.9249310377
2021-10-07,1.5204235737,0.9255072240
2021-10-08,1.5143655353,0.9252092246
2021-10-11,1.5074691702,1.0000000000
2021-10-12,1.5066441972,0.8002769854
2021-10-13,1.5171625640,1.0000000000
2021-10-14,1.5433388435,1.0000000000
2021-10-15,1.5451987193,1.0000000000
2021-10-18,1.5434423775,1.0000000000
2021-10-19,1.5529359672,1.0000000000
2021-10-20,1.5649615357,1.0000000000
2021-10-21,1.5656260760,1.0000000000
2021-10-22,1.5668426485,1.0000000000
2021-10-25,1.5738826764,1.0000000000
2021-10-26,1.5796507673,1.0000000000
2021-10-27,1.5733621653,0.7911476602
2021-10-28,1.5831373327,0.7924372303
2021-10-29,1.5783870905,0.7918125588
2021-11-01,1.5814723838,0.7922187116
2021-11-02,1.5886074212,0.7931519360
2021-11-03,1.5945607337,0.7939242058
2021-11-04,1.5924093051,0.7936457866
2021-11-05,1.6036059383,0.7178761225
2021-11-08,1.6053746652,0.3933652950
2021-11-09,1.6061724009,0.3936665915
2021-11-10,1.6050552375,0.3932445664
2021-11-11,1.6025053774,0.3922791148
2021-11-12,1.6069493374,0.3939597448
2021-11-15,1.6119733047,0.3958485642
2021-11-16,1.6080630232,0.3943794662
2021-11-17,1.6071164949,0.3940227795
2021-11-18,1.6031847187,0.3925366334
2021-11-19,1.6038923718,0.3928046522
2021-11-22,1.6189681816,0.7001863435
2021-11-23,1.6444064951,0.7048243413
2021-11-24,1.6528169938,0.7063263675
2021-11-26,1.6136462604,0.6991975365
2021-11-29,1.6229732251,0.7009261996
2021-11-30,1.5944804459,0.6955818608
2021-12-01,1.5865241795,0.6940552331
2021-12-02,1.5825687147,0.1971056650
2021-12-03,1.5857006686,0.1986914801
2021-12-06,1.5947458487,0.7010453302
2021-12-07,1.6136386367,0.7045455483
2021-12-08,1.6154685164,0.7048802166
2021-12-09,1.6095332877,0.7037919487
2021-12-10,1.6201397428,0.5054485546
2021-12-13,1.6128856286,0.5032242601
2021-12-14,1.6073015263,0.5014983571
2021-12-15,1.6198961994,0.5053742012
2021-12-16,1.6126768771,0.5031599554
2021-12-17,1.6012303373,0.4996082494
2021-12-20,1.5927237142,0.4969356930
2021-12-21,1.6172839563,1.0000000000
2021-12-22,1.6343406286,1.0000000000
2021-12-23,1.6484872609,1.0000000000
2021-12-27,1.6633779236,0.5050094969
2021-12-28,1.6636004792,0.5050757165
2021-12-29,1.6646245662,0.5053801969
2021-12-30,1.6617690185,0.5045302530
2021-12-31,1.6605440813,0.5041647587
2022-01-03,1.6689920575,0.5066745396
2022-01-04,1.6691759047,0.5067288757
2022-01-05,1.6543861734,0.3307126943
2022-01-06,1.6534688354,0.3303413763
2022-01-07,1.6451249823,0.1669352869
2022-01-10,1.6434453759,0.1660838921
2022-01-11,1.6442584488,0.1676009951
2022-01-12,1.6460757278,0.1685199694
2022-01-13,1.6404999853,0.1656939294
2022-01-14,1.6461715537,0.5862501191
2022-01-18,1.6293539853,0.1629068207
2022-01-19,1.6236176734,1.0000000000
2022-01-20,1.6169925825,0.4238707504
2022-01-21,1.6157006953,0.4234100871
2022-01-24,1.6073132169,0.0000000000
2022-01-25,1.6073132169,0.0000000000
2022-01-26,1.5815865415,0.7512706732
2022-01-27,1.5661609819,0.5018491543
2022-01-28,1.5842868144,0.5084285034
2022-01-31,1.6107544305,1.0000000000
2022-02-01,1.6272271517,1.0000000000
2022-02-02,1.6407125905,1.0000000000
2022-02-03,1.6122120990,1.0000000000
2022-02-04,1.6296033637,1.0000000000
2022-02-07,1.6294081640,1.0000000000
2022-02-08,1.6474522370,1.0000000000
2022-02-09,1.6647449434,1.0000000000
2022-02-10,1.6424751809,1.0000000000
2022-02-11,1.6147876126,1.0000000000
2022-02-14,1.6030530505,1.0000000000
2022-02-15,1.6268890620,1.0000000000
2022-02-16,1.6284076952,1.0000000000
2022-02-17,1.5907756282,1.0000000000
2022-02-18,1.5854152348,1.0000000000
2022-02-22,1.5666339592,0.5042276806
2022-02-23,1.5352921235,0.6531909547
2022-02-24,1.4972486960,0.0000000000
2022-02-25,1.5208466073,0.9188977591
2022-02-28,1.5148329331,0.9185757946
2022-03-01,1.4851079365,0.5874266903
2022-03-02,1.5086856104,1.0000000000
2022-03-03,1.5003434503,1.0000000000
2022-03-04,1.4887254800,0.9195921792
2022-03-07,1.4635099416,0.3083567342
2022-03-08,1.4511398495,0.8634680808
2022-03-09,1.4878189446,1.0000000000
2022-03-10,1.4894979172,1.0000000000
2022-03-11,1.4760550033,1.0000000000
2022-03-14,1.4735498315,0.8689535288
2022-03-15,1.4889021391,0.8703047699
2022-03-16,1.5105564561,1.0000000000
2022-03-17,1.5352151646,0.9144639127
2022-03-18,1.5438596360,0.9149428515
2022-03-21,1.5456970150,0.9150439594
2022-03-22,1.5543282292,0.9155157219
2022-03-23,1.5451170137,0.9150120689
2022-03-24,1.5706956453,0.9163960894
2022-03-25,1.5840007205,0.2077817185
2022-03-28,1.5862236630,0.2088919375
2022-03-29,1.5927979551,0.2121572453
2022-03-30,1.5910857139,0.2113094111
2022-03-31,1.5861528909,0.2088566393
2022-04-01,1.5898460080,0.2106944179
2022-04-04,1.5926073241,0.2120629425
2022-04-05,1.5918508530,0.1270576562
2022-04-06,1.5894654589,0.1257475859
2022-04-07,1.5889272100,0.1254514330
2022-04-08,1.5888828497,0.1254270163
2022-04-11,1.5863979187,0.1240570867
2022-04-12,1.5853075238,0.1234546019
2022-04-13,1.5996207899,0.6267306405
2022-04-14,1.5779705271,0.6216092649
2022-04-18,1.5813353638,0.8115692698
2022-04-19,1.6070231353,0.8153091488
2022-04-20,1.5986587793,0.8143428263
2022-04-21,1.5727646843,0.7558821923
2022-04-22,1.5542111737,0.0619231980
2022-04-25,1.5393645527,0.0629436721
2022-04-26,1.5238885584,0.0620687572
2022-04-27,1.5231792076,0.4709474465
2022-04-28,1.5365147272,0.8960488450
2022-04-29,1.5017302240,0.4702596903
2022-05-02,1.4875099821,0.0000000000
2022-05-03,1.4897971629,1.0000000000
2022-05-04,1.5286605770,1.0000000000
2022-05-05,1.4749348736,0.5050111869
2022-05-06,1.4687799632,0.3373446057
2022-05-09,1.4283364963,0.0000000000
2022-05-10,1.4178992075,1.0000000000
2022-05-11,1.4085113669,1.0000000000
2022-05-12,1.4221460877,1.0000000000
2022-05-13,1.4372336886,1.0000000000
2022-05-16,1.4478508893,1.0000000000
2022-05-17,1.4677441705,1.0000000000
2022-05-18,1.4298575282,1.0000000000
2022-05-19,1.4329868084,1.0000000000
2022-05-20,1.4504213695,1.0000000000
2022-05-23,1.4631620102,1.0000000000
2022-05-24,1.4675206505,1.0000000000
2022-05-25,1.4670736105,1.0000000000
2022-05-26,1.4733321709,1.0000000000
2022-05-27,1.4978076124,1.0000000000
2022-05-31,1.4778025712,1.0000000000
2022-06-01,1.4565681698,1.0000000000
2022-06-02,1.4680794506,1.0000000000
2022-06-03,1.4508684095,1.0000000000
2022-06-06,1.4510919295,1.0000000000
2022-06-07,1.4699793707,1.0000000000
2022-06-08,1.4583563300,1.0000000000
2022-06-09,1.4253871279,1.0000000000
2022-06-10,1.4024763265,1.0000000000
2022-06-13,1.3740724649,0.0000000000
2022-06-14,1.3677732325,0.0000000000
2022-06-15,1.3592224254,0.0000000000
2022-06-16,1.3592224254,0.0000000000
2022-06-17,1.3552506773,0.4985346814
2022-06-21,1.3681097169,0.5032480186
2022-06-22,1.3668845162,0.5033400357
2022-06-23,1.3823616364,1.0000000000
2022-06-24,1.4161215848,1.0000000000
2022-06-27,1.4120836687,1.0000000000
2022-06-28,1.3898381303,1.0000000000
2022-06-29,1.3947641587,1.0000000000
2022-06-30,1.3899964429,1.0000000000
2022-07-01,1.4071622989,1.0000000000
2022-07-05,1.4019320031,1.0000000000
2022-07-06,1.4059323210,1.0000000000
2022-07-07,1.4157190162,1.0000000000
2022-07-08,1.4136108197,1.0000000000
2022-07-11,1.4066763073,1.0000000000
2022-07-12,1.3996321340,1.0000000000
2022-07-13,1.3958573644,1.0000000000
2022-07-14,1.3889903306,0.7588535873
2022-07-15,1.4018997934,1.0000000000
2022-07-18,1.3903391785,1.0000000000
2022-07-19,1.4162132159,1.0000000000
2022-07-20,1.4146388102,1.0000000000
2022-07-21,1.4219822349,0.8759647713
2022-07-22,1.4226340065,0.8760215973
2022-07-25,1.4270848696,0.8764082673
2022-07-26,1.4198971760,0.8757826308
2022-07-27,1.4406744826,1.0000000000
2022-07-28,1.4554063775,0.4944116854
2022-07-29,1.4626813739,0.4969263501
2022-08-01,1.4609948644,0.4963456236
2022-08-02,1.4561141421,0.4946574337
2022-08-03,1.4683693610,0.4988750944
2022-08-04,1.4684789523,0.4989124929
2022-08-05,1.4659257768,0.4980397582
2022-08-08,1.4706025177,0.2440725295
2022-08-09,1.4685522901,0.2430171886
2022-08-10,1.4762500259,0.1255585010
2022-08-11,1.4764402644,0.1256711724
2022-08-12,1.4797377323,0.1276195387
2022-08-15,1.4804035671,0.1280119056
2022-08-16,1.4807840442,0.1282359568
2022-08-17,1.4771060993,0.1260652934
2022-08-18,1.4768207415,0.1258964279
2022-08-19,1.4738086314,0.1241099706
2022-08-22,1.4685770719,0.1209897593
2022-08-23,1.4670551636,0.1200778829
2022-08-24,1.4681014755,0.1207050010
2022-08-25,1.4715574755,0.1227700535
2022-08-26,1.4657869068,0.1193165395
2022-08-29,1.4644235306,0.1184966245
2022-08-30,1.4458089236,0.5613204118
2022-08-31,1.4303000048,0.1205478010
2022-09-01,1.4260895959,0.1220153642
2022-09-02,1.4010000227,0.4149875029
2022-09-06,1.3927739803,0.1210412068
2022-09-07,1.3961665674,0.1231770152
2022-09-08,1.4113159923,0.6266378168
2022-09-09,1.4257230945,1.0000000000
2022-09-12,1.4356749388,1.0000000000
2022-09-13,1.3864655454,0.5035583906
2022-09-14,1.3792254545,0.3006353417
2022-09-15,1.3696108798,0.5529312819
2022-09-16,1.3611849628,0.1006865371
2022-09-19,1.3628336946,0.1017745104
2022-09-20,1.3604820824,0.1002219151
2022-09-21,1.3230817680,0.8980782061
2022-09-22,1.3101016209,0.0881826733
2022-09-23,1.2991597011,0.9711632326
2022-09-26,1.2900772758,0.9712904049
2022-09-27,1.2853147985,0.4985096413
2022-09-28,1.3042164814,0.8361922787
2022-09-29,1.2687065978,0.0961344202
2022-09-30,1.2511864541,0.3386100749
2022-10-03,1.2636160578,0.3451158601
2022-10-04,1.2851893670,1.0000000000
2022-10-05,1.2739424118,1.0000000000
2022-10-06,1.2515598580,1.0000000000
2022-10-07,1.2235260072,0.2910907001
2022-10-10,1.2165948056,0.2912675225
2022-10-11,1.2127036882,0.1267634318
2022-10-12,1.2096038995,0.6258440347
2022-10-13,1.2192757464,0.5473148195
2022-10-14,1.1973055161,0.5474413363
2022-10-17,1.2063999719,1.0000000000
2022-10-18,1.2234051604,1.0000000000
2022-10-19,1.2113581049,1.0000000000
2022-10-20,1.1938689910,0.9874182089
2022-10-21,1.2202924967,1.0000000000
2022-10-24,1.2396614845,1.0000000000
2022-10-25,1.2550936891,1.0000000000
2022-10-26,1.2609873692,1.0000000000
2022-10-27,1.2658389886,1.0000000000
2022-10-28,1.2950840098,1.0000000000
2022-10-31,1.2875072669,1.0000000000
2022-11-01,1.2869504551,1.0000000000
2022-11-02,1.2672511745,1.0000000000
2022-11-03,1.2589646068,1.0000000000
2022-11-04,1.2773564816,1.0000000000
2022-11-07,1.2894674031,1.0000000000
2022-11-08,1.2950524262,1.0000000000
2022-11-09,1.2773143662,1.0000000000
2022-11-10,1.3234075490,0.9680790281
2022-11-11,1.3292127765,0.5056847933
2022-11-14,1.3238999569,0.5037011030
2022-11-15,1.3294795450,0.5057839808
2022-11-16,1.3325656335,0.5069285356
2022-11-17,1.3323374851,0.5068441025
2022-11-18,1.3376981507,0.0121735229
2022-11-21,1.3376389388,0.0121297958
2022-11-22,1.3468536941,1.0000000000
2022-11-23,1.3661768739,1.0000000000
2022-11-25,1.3669305942,1.0000000000
2022-11-28,1.3583349764,1.0000000000
2022-11-29,1.3540465219,1.0000000000
2022-11-30,1.4006664639,1.0000000000
2022-12-01,1.4004647728,1.0000000000
2022-12-02,1.3986465718,1.0000000000
2022-12-05,1.3584862957,1.0000000000
2022-12-06,1.3373256918,1.0000000000
2022-12-07,1.3293452209,1.0000000000
2022-12-08,1.3421586710,1.0000000000
2022-12-09,1.3362616222,1.0000000000
2022-12-12,1.3398084861,1.0000000000
2022-12-13,1.3399326665,1.0000000000
2022-12-14,1.3299805162,1.0000000000
2022-12-15,1.3079922803,1.0000000000
2022-12-16,1.2835879655,1.0000000000
2022-12-19,1.2637997249,0.0123644419
2022-12-20,1.2630120917,1.0000000000
2022-12-21,1.2811274334,1.0000000000
2022-12-22,1.2744387836,1.0000000000
2022-12-23,1.2784344597,1.0000000000
2022-12-27,1.2765633704,1.0000000000
2022-12-28,1.2700554509,1.0000000000
2022-12-29,1.2858943264,1.0000000000
2022-12-30,1.2819063325,1.0000000000
2023-01-03,1.2822641022,1.0000000000
2023-01-04,1.2942862426,1.0000000000
2023-01-05,1.2828237479,1.0000000000
2023-01-06,1.2935794049,0.5211498947
2023-01-09,1.2911519060,0.5202496071
2023-01-10,1.2988890791,1.0000000000
2023-01-11,1.3099078046,1.0000000000
2023-01-12,1.3154096718,1.0000000000
2023-01-13,1.3228260578,0.4917203732
2023-01-17,1.3156242563,0.4889380218
2023-01-18,1.2968088179,0.0124134082
2023-01-19,1.2917557948,0.0123712447
2023-01-20,1.2920534989,0.0125988059
2023-01-23,1.2962384238,1.0000000000
2023-01-24,1.2942483755,0.5088787867
2023-01-25,1.2856129824,0.0128048915
2023-01-26,1.2857939076,0.0129438006
2023-01-27,1.2858321486,0.0129731559
2023-01-30,1.2856228510,0.0128124694
2023-01-31,1.2858650441,0.0129984064
2023-02-01,1.2860426797,0.0131347367
2023-02-02,1.2836045953,0.0133512500
2023-02-03,1.2834224366,0.0132112129
2023-02-06,1.2833188158,0.0131315352
2023-02-07,1.2835392155,0.0133009929
2023-02-08,1.2833525337,0.0131574635
2023-02-09,1.2832061487,0.0130448870
2023-02-10,1.2832452121,0.0130749310
2023-02-13,1.2834421739,0.0132263881
2023-02-14,1.2834343612,0.0132203813
2023-02-15,1.2834894611,0.0132627436
2023-02-16,1.2832550808,0.0130825208
2023-02-17,1.2832131390,0.0130502634
2023-02-21,1.2814915629,1.0000000000
2023-02-22,1.2730420947,1.0000000000
2023-02-23,1.2920896860,1.0000000000
2023-02-24,1.2902584205,1.0000000000
2023-02-27,1.2940759194,1.0000000000
2023-02-28,1.2756569737,1.0000000000
2023-03-01,1.3004235914,1.0000000000
2023-03-02,1.3118357911,1.0000000000
2023-03-03,1.3297042352,1.0000000000
2023-03-06,1.3303176667,1.0000000000
2023-03-07,1.3071898412,1.0000000000
2023-03-08,1.2939743719,1.0000000000
2023-03-09,1.2756141923,1.0000000000
2023-03-10,1.2589596628,0.0126043524
2023-03-13,1.2724071765,1.0000000000
2023-03-14,1.2866569960,1.0000000000
2023-03-15,1.2993562879,1.0000000000
2023-03-16,1.3044193512,1.0000000000
2023-03-17,1.2932568497,1.0000000000
2023-03-20,1.2993848715,1.0000000000
2023-03-21,1.2860378419,1.0000000000
2023-03-22,1.2674435788,1.0000000000
2023-03-23,1.2576828997,0.5117431601
2023-03-24,1.2872006200,1.0000000000
2023-03-27,1.2899563210,1.0000000000
2023-03-28,1.2908525673,1.0000000000
2023-03-29,1.3067857058,1.0000000000
2023-03-30,1.3134833468,1.0000000000
2023-03-31,1.3301329172,1.0000000000
2023-04-03,1.3321890228,1.0000000000
2023-04-04,1.3339217119,1.0000000000
2023-04-05,1.3520249384,1.0000000000
2023-04-06,1.3583455079,1.0000000000
2023-04-10,1.3589287656,1.0000000000
2023-04-11,1.3631012642,1.0000000000
2023-04-12,1.3619168322,1.0000000000
2023-04-13,1.3699101070,1.0000000000
2023-04-14,1.3548992283,1.0000000000
2023-04-17,1.3636352085,1.0000000000
2023-04-18,1.3567298602,1.0000000000
2023-04-19,1.3633113652,1.0000000000
2023-04-20,1.3563296659,1.0000000000
2023-04-21,1.3622098695,1.0000000000
2023-04-24,1.3668098950,1.0000000000
2023-04-25,1.3558948921,1.0000000000
2023-04-26,1.3356554134,1.0000000000
2023-04-27,1.3512674221,1.0000000000
2023-04-28,1.3604759147,1.0000000000
2023-05-01,1.3614013587,1.0000000000
2023-05-02,1.3485283534,1.0000000000
2023-05-03,1.3445372495,1.0000000000
2023-05-04,1.3445967426,1.0000000000
2023-05-05,1.3581193187,1.0000000000
2023-05-08,1.3533290482,1.0000000000
2023-05-09,1.3472539921,1.0000000000
2023-05-10,1.3553558256,1.0000000000
2023-05-11,1.3463594856,1.0000000000
2023-05-12,1.3478806892,1.0000000000
2023-05-15,1.3419658318,1.0000000000
2023-05-16,1.3201980130,1.0000000000
2023-05-17,1.3242479867,1.0000000000
2023-05-18,1.3197817514,1.0000000000
2023-05-19,1.3218227564,1.0000000000
2023-05-22,1.3247233232,1.0000000000
2023-05-23,1.3121333920,1.0000000000
2023-05-24,1.2983978725,1.0000000000
2023-05-25,1.2883527075,1.0000000000
2023-05-26,1.2909162472,1.0000000000
2023-05-30,1.2867087735,1.0000000000
2023-05-31,1.2894155390,0.5049313192
2023-06-01,1.2917694012,1.0000000000
2023-06-02,1.3156025605,1.0000000000
2023-06-05,1.3139626101,1.0000000000
2023-06-06,1.3168423662,1.0000000000
2023-06-07,1.3319486302,1.0000000000
2023-06-08,1.3334079411,1.0000000000
2023-06-09,1.3300626683,0.9866595880
2023-06-12,1.3321234259,0.9866802253
2023-06-13,1.3392221507,0.7823484702
2023-06-14,1.3388127037,0.6822743622
2023-06-15,1.3477336700,0.6843774630
2023-06-16,1.3490894279,0.6846946456
2023-06-20,1.3345828609,0.6812673588
2023-06-21,1.3357463448,0.6815449866
2023-06-22,1.3304496394,0.6802771728
2023-06-23,1.3214258586,0.6780938428
2023-06-26,1.3367892880,1.0000000000
2023-06-27,1.3408419873,1.0000000000
2023-06-28,1.3406168953,1.0000000000
2023-06-29,1.3503916752,1.0000000000
2023-06-30,1.3610964992,1.0000000000
2023-07-03,1.3649982621,1.0000000000
2023-07-05,1.3676937035,1.0000000000
2023-07-06,1.3498440310,1.0000000000
2023-07-07,1.3522231121,1.0000000000
2023-07-10,1.3575257268,1.0000000000
2023-07-11,1.3751383557,1.0000000000
2023-07-12,1.3848895885,1.0000000000
2023-07-13,1.3866594350,1.0000000000
2023-07-14,1.3771737561,1.0000000000
2023-07-17,1.3684506528,1.0000000000
2023-07-18,1.3695757466,1.0000000000
2023-07-19,1.3803957293,1.0000000000
2023-07-20,1.3947688200,1.0000000000
2023-07-21,1.4079177119,1.0000000000
2023-07-24,1.4172138327,1.0000000000
2023-07-25,1.4175539806,1.0000000000
2023-07-26,1.4187876215,1.0000000000
2023-07-27,1.4006396915,1.0000000000
2023-07-28,1.4011610163,1.0000000000
2023-07-31,1.4108486285,1.0000000000
2023-08-01,1.4026327420,1.0000000000
2023-08-02,1.3951313096,1.0000000000
2023-08-03,1.3866635018,1.0000000000
2023-08-04,1.3837331038,0.6523187436
2023-08-07,1.3909284084,0.6541173067
2023-08-08,1.3927320721,0.6545652436
2023-08-09,1.3941286714,0.6549112905
2023-08-10,1.3919164786,0.6543628361
2023-08-11,1.3959005684,0.6553493315
2023-08-14,1.3924803901,0.6545028085
2023-08-15,1.3830892525,0.6521568921
2023-08-16,1.3777228673,0.6512709599
2023-08-17,1.3632242720,0.6543713805
2023-08-18,1.3686642707,1.0000000000
2023-08-21,1.3613176409,0.8280449920
2023-08-22,1.3606910181,0.9427601397
2023-08-23,1.3717313766,0.9432208338
2023-08-24,1.3601302760,0.8295027498
2023-08-25,1.3644567604,0.6576886698
2023-08-28,1.3680955920,1.0000000000
2023-08-29,1.3833011844,1.0000000000
2023-08-30,1.3838316583,1.0000000000
2023-08-31,1.3751476276,1.0000000000
2023-09-01,1.3704899004,0.8871681009
2023-09-05,1.3611050645,0.6674333245
2023-09-06,1.3560174173,0.6670061304
2023-09-07,1.3600273107,0.6679879268
2023-09-08,1.3588571701,0.9171539038
2023-09-11,1.3680171000,0.9182318103
2023-09-12,1.3652662716,0.9182847105
2023-09-13,1.3665372069,0.9183607090
2023-09-14,1.3815062496,0.9192452957
2023-09-15,1.3710975619,0.9190051036
2023-09-18,1.3596138191,0.9183209943
2023-09-19,1.3559863948,1.0000000000
2023-09-20,1.3511710888,0.9187145778
2023-09-21,1.3287044100,0.7180180470
2023-09-22,1.3223141403,0.8130617881
2023-09-25,1.3226278549,0.6963335239
2023-09-26,1.3070678453,0.4293094530
2023-09-27,1.3030958161,0.4275699036
2023-09-28,1.3059734305,0.4299648451
2023-09-29,1.2969194530,0.7733527608
2023-10-02,1.2949478157,0.7730076765
2023-10-03,1.2812198668,0.4267032971
2023-10-04,1.2914729609,0.9276539272
2023-10-05,1.2848357828,0.9457126611
2023-10-06,1.2947964423,0.7259725564
2023-10-09,1.3015358110,0.8914592259
2023-10-10,1.3072742335,1.0000000000
2023-10-11,1.3130342846,1.0000000000
2023-10-12,1.3051362722,0.9468174009
2023-10-13,1.2990335999,0.9464458565
2023-10-16,1.3114224932,1.0000000000
2023-10-17,1.3092845157,1.0000000000
2023-10-18,1.2944909395,0.9470175956
2023-10-19,1.2822992573,0.8367570567
2023-10-20,1.2677183189,0.4419582073
2023-10-23,1.2638720134,0.4220186034
2023-10-24,1.2674782508,1.0000000000
2023-10-25,1.2544796679,0.2229396509
2023-10-26,1.2499053330,0.3721387830
2023-10-27,1.2461223824,0.3710473173
2023-10-30,1.2517673849,0.7401151004
2023-10-31,1.2593278865,0.8458350319
2023-11-01,1.2648885303,1.0000000000
2023-11-02,1.2926124979,1.0000000000
2023-11-03,1.3081563564,0.9469289633
2023-11-06,1.3049248521,0.9467975386
2023-11-07,1.2983327576,0.9098217761
2023-11-08,1.2997332978,0.9099189485
2023-11-09,1.2921420864,0.9093897309
2023-11-10,1.3053691669,0.8705200597
2023-11-13,1.3054770820,1.0000000000
2023-11-14,1.3309267069,0.6875176686
2023-11-15,1.3349662043,1.0000000000
2023-11-16,1.3328915610,0.6913473128
2023-11-17,1.3352451764,0.6918913700
2023-11-20,1.3378389250,1.0000000000
2023-11-21,1.3348812499,0.6955549301
2023-11-22,1.3390515304,0.6965030798
2023-11-24,1.3440588458,1.0000000000
2023-11-27,1.3363966997,0.6978570108
2023-11-28,1.3349868325,1.0000000000
2023-11-29,1.3358597887,0.7005659834
2023-11-30,1.3459180386,0.6251371922
2023-12-01,1.3543718670,0.8698850850
2023-12-04,1.3495191089,0.0550499163
2023-12-05,1.3402781389,0.0549925313
2023-12-06,1.3400899018,0.0548597898
2023-12-07,1.3404036303,0.0550810049
2023-12-08,1.3398912070,0.0547196334
2023-12-11,1.3405918674,0.0552136842
2023-12-12,1.3408323926,0.0553831647
2023-12-13,1.3399450189,0.0564266241
2023-12-14,1.3388365115,0.0556453800
2023-12-15,1.3388365115,0.0556453800
2023-12-18,1.3390456639,0.0557928835
2023-12-19,1.3391920705,0.0558961086
2023-12-20,1.3377384617,0.0548702296
2023-12-21,1.3382508849,0.0552321247
2023-12-22,1.3388155963,0.0556306271
2023-12-26,1.3391293248,0.0558518720
2023-12-27,1.3394744262,0.0560951218
2023-12-28,1.3395057990,0.0561172292
2023-12-29,1.3396626633,0.0562277506
2024-01-02,1.3405097303,0.0568241196
2024-01-03,1.3399136461,0.0564045311
2024-01-04,1.3398090699,0.0563308807
2024-01-05,1.3396417480,0.0562130159
2024-01-08,1.3401960018,0.0566033301
2024-01-09,1.3403946965,0.0567431754
2024-01-10,1.3402378322,0.0566327746
2024-01-11,1.3380135622,0.5558644723
2024-01-12,1.3457691829,0.5584240099
2024-01-16,1.3317867026,0.0568508079
2024-01-17,1.3317344145,0.0568137769
2024-01-18,1.3321184273,0.5568708819
2024-01-19,1.3325476317,0.5570136107
2024-01-22,1.3341280581,0.5575383785
2024-01-23,1.3371335006,0.5585328887
2024-01-24,1.3271193720,0.5552016824
2024-01-25,1.3388806224,1.0000000000
2024-01-26,1.3404138856,1.0000000000
2024-01-29,1.3458839968,1.0000000000
2024-01-30,1.3497648444,1.0000000000
2024-01-31,1.3325300691,1.0000000000
2024-02-01,1.3502733072,1.0000000000
2024-02-02,1.3427410015,1.0000000000
2024-02-05,1.3180657356,0.2848509690
2024-02-06,1.3164490425,0.2860703729
2024-02-07,1.3139358188,0.7861116321
2024-02-08,1.3206094028,0.7871924983
2024-02-09,1.3169635962,0.7866033742
2024-02-12,1.3187369014,0.7868903286
2024-02-13,1.3011185632,0.2880546018
2024-02-14,1.3024318183,0.7890829110
2024-02-15,1.3269448160,0.7929792374
2024-02-16,1.3214675603,0.5590797744
2024-02-20,1.3212368036,0.5590027667
2024-02-21,1.3263537945,0.5607041068
2024-02-22,1.3319330078,1.0000000000
2024-02-23,1.3316692589,1.0000000000
2024-02-26,1.3243280805,1.0000000000
2024-02-27,1.3253693855,1.0000000000
2024-02-28,1.3311499627,1.0000000000
2024-02-29,1.3428732119,1.0000000000
2024-03-01,1.3542565687,0.5616269485
2024-03-04,1.3620892639,0.5641478130
2024-03-05,1.3534715582,0.5613726931
2024-03-06,1.3579290301,0.5628125098
2024-03-07,1.3583787077,0.5629572363
2024-03-08,1.3658665312,0.5653531506
2024-03-11,1.3628419826,0.5643885409
2024-03-12,1.3615231743,0.5639665958
2024-03-13,1.3574052304,0.5626438066
2024-03-14,1.3471189604,0.5593042619
2024-03-15,1.3467422565,0.5591809928
2024-03-18,1.3420070834,0.5576255954
2024-03-19,1.3454419547,1.0000000000
2024-03-20,1.3470941350,1.0000000000
2024-03-21,1.3505037934,1.0000000000
2024-03-22,1.3413554625,1.0000000000
2024-03-25,1.3377270854,1.0000000000
2024-03-26,1.3371760447,1.0000000000
2024-03-27,1.3626929590,1.0000000000
2024-03-28,1.3671960521,1.0000000000
2024-04-01,1.3494858758,1.0000000000
2024-04-02,1.3322287154,0.5569741551
2024-04-03,1.3317060643,0.5568002819
2024-04-04,1.3261914542,0.5549573552
2024-04-05,1.3341709897,1.0000000000
2024-04-08,1.3401203742,1.0000000000
2024-04-09,1.3485604669,1.0000000000
2024-04-10,1.3124944972,0.0592082901
2024-04-11,1.3059309839,0.0593617264
2024-04-12,1.3051466626,0.0587964546
2024-04-15,1.2883333551,0.6879041610
2024-04-16,1.2886568097,0.6879824974
2024-04-17,1.2930609527,1.0000000000
2024-04-18,1.2956480238,1.0000000000
2024-04-19,1.3057359246,1.0000000000
2024-04-22,1.3134989095,0.6801528226
2024-04-23,1.3275836611,1.0000000000
2024-04-24,1.3283481585,1.0000000000
2024-04-25,1.3218245492,1.0000000000
2024-04-26,1.3270814460,1.0000000000
2024-04-29,1.3359588662,1.0000000000
2024-04-30,1.3255952247,1.0000000000
2024-05-01,1.3236750053,1.0000000000
2024-05-02,1.3291277736,1.0000000000
2024-05-03,1.3371510872,1.0000000000
2024-05-06,1.3445656400,0.8371138865
2024-05-07,1.3523468774,1.0000000000
2024-05-08,1.3474067181,1.0000000000
2024-05-09,1.3591506190,1.0000000000
2024-05-10,1.3603551826,0.9403601050
2024-05-13,1.3591104770,0.9403054853
2024-05-14,1.3638835193,0.9405143921
2024-05-15,1.3771025869,0.9410854056
2024-05-16,1.3730912453,0.9409132929
2024-05-17,1.3777296200,0.9411122189
2024-05-20,1.3746050630,0.9409783636
2024-05-21,1.3774612495,0.9411007458
2024-05-22,1.3745236631,0.9409748683
2024-05-23,1.3585344523,1.0000000000
2024-05-24,1.3598413660,1.0000000000
2024-05-28,1.3490683092,1.0000000000
2024-05-29,1.3363414761,0.9407319866
2024-05-30,1.3401418331,1.0000000000
2024-05-31,1.3580503296,1.0000000000
2024-06-03,1.3600818905,0.9418568849
2024-06-04,1.3602148654,0.9419327603
2024-06-05,1.3667788786,1.0000000000
2024-06-06,1.3715669375,1.0000000000
2024-06-07,1.3692338634,1.0000000000
2024-06-10,1.3730308463,1.0000000000
2024-06-11,1.3670644332,0.9428280517
2024-06-12,1.3640764353,0.9718737742
2024-06-13,1.3610156031,0.7880508284
2024-06-14,1.3589849205,0.7877341204
2024-06-17,1.3642888896,1.0000000000
2024-06-18,1.3650710413,1.0000000000
2024-06-20,1.3703494476,1.0000000000
2024-06-21,1.3734456973,0.8376667782
2024-06-24,1.3800153717,1.0000000000
2024-06-25,1.3750429857,0.9461625147
2024-06-26,1.3706765566,0.9459910100
2024-06-27,1.3698625199,0.9459589153
2024-06-28,1.3694204887,0.9459414715
2024-07-01,1.3649602904,0.9457648277
2024-07-02,1.3635082730,1.0000000000
2024-07-03,1.3572756086,1.0000000000
2024-07-05,1.3629516391,1.0000000000
2024-07-08,1.3608080810,1.0000000000
2024-07-09,1.3627632780,0.8920973876
2024-07-10,1.3743298633,0.8930055137
2024-07-11,1.3829224345,0.7842767850
2024-07-12,1.3885733802,0.1617048315
2024-07-15,1.3903951000,0.1628031803
2024-07-16,1.3917903920,0.1636424835
2024-07-17,1.3938913751,0.1102786501
2024-07-18,1.3797861695,0.1116091657
2024-07-19,1.3748520756,0.1107863473
2024-07-22,1.3738956763,0.1101673459
2024-07-23,1.3714881883,0.1086053481
2024-07-24,1.3715046780,0.1086160654
2024-07-25,1.3740770624,0.1102848089
2024-07-26,1.3745552621,0.1105943356
2024-07-29,1.3737014536,1.0000000000
2024-07-30,1.3756135712,0.5589940977
2024-07-31,1.3835940349,0.5615377858
2024-08-01,1.3820637450,0.5610522986
2024-08-02,1.3684561176,0.4498590761
2024-08-05,1.3443319427,0.0000000000
2024-08-06,1.3483519402,0.5014907078
2024-08-07,1.3385421998,0.0000000000
2024-08-08,1.3450700151,0.5024265708
2024-08-09,1.3445362690,0.5022290470
2024-08-12,1.3415625402,0.5011256801
2024-08-13,1.3482724922,0.5036084295
2024-08-14,1.3482724922,0.5036084295
2024-08-15,1.3590236653,0.5075353601
2024-08-16,1.3598624093,0.5078391054
2024-08-19,1.3631411359,0.5090228867
2024-08-20,1.3606249039,0.5081149125
2024-08-21,1.3685548471,0.5109650875
2024-08-22,1.3671061075,0.5104468510
2024-08-23,1.3763322915,0.5137285494
2024-08-26,1.3810087087,0.0000000000
2024-08-27,1.3810087087,0.0000000000
2024-08-28,1.3810087087,0.0000000000
2024-08-29,1.3810087087,0.0000000000
2024-08-30,1.3810087087,0.0000000000
2024-09-03,1.3810087087,0.0000000000
2024-09-04,1.3810087087,0.0000000000
2024-09-05,1.3715016159,0.0000000000
2024-09-06,1.3715016159,0.0000000000
2024-09-09,1.3727725939,1.0000000000
2024-09-10,1.3829017367,1.0000000000
2024-09-11,1.4006622341,0.5156320982
2024-09-12,1.4066381812,0.5176898818
2024-09-13,1.4102901488,0.5189388311
2024-09-16,1.4075013735,0.5179856729
2024-09-17,1.4060737862,0.5174962835
2024-09-18,1.3994338449,0.5152069318
2024-09-19,1.4208476554,0.5225133216
2024-09-20,1.4172288874,0.5212941018
2024-09-23,1.4157681003,0.5208001739
2024-09-24,1.4208144557,0.5225021643
2024-09-25,1.4229392369,0.5232151803
2024-09-26,1.4371011857,0.0000000000
2024-09-27,1.4371011857,0.0000000000
2024-09-30,1.4371011857,0.0000000000
2024-10-01,1.4371011857,0.0000000000
2024-10-02,1.4371011857,0.0000000000
2024-10-03,1.4333236032,0.0000000000
2024-10-04,1.4333236032,0.0000000000
2024-10-07,1.4304988153,0.0000000000
2024-10-08,1.4293172029,0.4995866514
2024-10-09,1.4296467980,0.4997020182
2024-10-10,1.4193005491,0.0000000000
2024-10-11,1.4249994147,1.0000000000
2024-10-14,1.4338569002,1.0000000000
2024-10-15,1.4341355118,1.0000000000
2024-10-16,1.4433466670,1.0000000000
2024-10-17,1.4344681601,1.0000000000
2024-10-18,1.4429806393,1.0000000000
2024-10-21,1.4216990814,0.5058329332
2024-10-22,1.4274981796,1.0000000000
2024-10-23,1.4331752811,1.0000000000
2024-10-24,1.4338678320,1.0000000000
2024-10-25,1.4236342703,0.5080272729
2024-10-28,1.4271976355,1.0000000000
2024-10-29,1.4170743847,1.0000000000
2024-10-30,1.4209709879,1.0000000000
2024-10-31,1.4021377882,0.5056330625
2024-11-01,1.3973544750,0.0000000000
2024-11-04,1.3918739074,0.0000000000
2024-11-05,1.3882752585,0.0000000000
2024-11-06,1.3882752585,0.0000000000
2024-11-07,1.3882752585,0.0000000000
2024-11-08,1.3965665780,0.5029684655
2024-11-11,1.3878615814,1.0000000000
2024-11-12,1.3753373242,0.4999149752
2024-11-13,1.3718261251,0.5051592887
2024-11-14,1.3611074692,0.0000000000
2024-11-15,1.3596440219,0.0000000000
2024-11-18,1.3596440219,0.0000000000
2024-11-19,1.3641766404,0.5016613019
2024-11-20,1.3630763918,0.5012590527
2024-11-21,1.3676345646,0.5029213004
2024-11-22,1.3728214508,0.5047993965
2024-11-25,1.3820949748,0.5081220731
2024-11-26,1.3855528989,0.5093496528
2024-11-27,1.3904254284,0.5110690606
2024-11-29,1.3871246826,0.5099056203
2024-12-02,1.3764365534,0.5061000020
2024-12-03,1.3723499157,0.5046292471
2024-12-04,1.3704637753,0.5039474788
2024-12-05,1.3687348132,0.5033208738
2024-12-06,1.3677917430,0.5029784216
2024-12-09,1.3692063483,0.5034919230
2024-12-10,1.3549910078,0.7510192088
2024-12-11,1.3491179513,0.4378656519
2024-12-12,1.3424266559,0.8253717877
2024-12-13,1.3383468834,0.7021249268
2024-12-16,1.3318802140,0.4783353823
2024-12-17,1.3283998877,0.0000000000
2024-12-18,1.3283998877,0.0000000000
2024-12-19,1.3186777857,0.3335295191
2024-12-20,1.3177404809,0.0000000000
2024-12-23,1.3177404809,0.0000000000
2024-12-24,1.3177404809,0.0000000000
2024-12-26,1.3152587461,0.3355302391
2024-12-27,1.3083805903,0.0000000000
2024-12-30,1.3083805903,0.0000000000
2024-12-31,1.3090586056,1.0000000000
2025-01-02,1.3050619886,1.0000000000
2025-01-03,1.3043958858,1.0000000000
2025-01-06,1.2889303100,0.0000000000
2025-01-07,1.2831678471,0.0000000000
2025-01-08,1.2831678471,0.0000000000
2025-01-10,1.2831678471,0.0000000000
2025-01-13,1.2874289500,0.5016548885
2025-01-14,1.2852727642,0.5008188601
2025-01-15,1.2958515507,0.5048939647
2025-01-16,1.2921456064,0.5034739735
2025-01-17,1.2978055941,0.5056394221
2025-01-21,1.3037351050,0.5078878209
2025-01-22,1.3055035345,0.5122579011
2025-01-23,1.3072554355,0.5129115422
2025-01-24,1.3124367857,0.5155072468
2025-01-27,1.3272570069,0.4868757868
2025-01-28,1.3171612486,0.4829427998
2025-01-29,1.3186958039,0.4835444949
2025-01-30,1.3249955571,0.4860000067
2025-01-31,1.3189381021,0.4836393714
2025-02-03,1.3214418501,0.4846177247
2025-02-04,1.3160305237,0.4824985476
2025-02-05,1.3199880609,0.4840501005
2025-02-06,1.3228956393,0.4851841013
2025-02-07,1.3219264465,0.4848066553
2025-02-10,1.3258839838,0.4863444195
2025-02-11,1.3321029709,0.4887424454
2025-02-12,1.3316183745,0.4885563909
2025-02-13,1.3386450223,0.4912409966
2025-02-14,1.3321029709,0.4887424454
2025-02-18,1.3344451869,0.4896398038
2025-02-19,1.3396949812,0.4916397262
2025-02-20,1.3371104671,0.4906571116
2025-02-21,1.3447832434,0.4935632112
2025-02-24,1.3468023951,0.4943224708
2025-02-25,1.3562520249,0.4978457581
2025-02-26,1.3356473273,1.0000000000
2025-02-27,1.3258506526,1.0000000000
2025-02-28,1.3325112649,0.5035638344
2025-03-03,1.3220102173,0.5102518725
2025-03-04,1.3105414359,0.5059659995
2025-03-05,1.3143723272,0.6726945600
2025-03-06,1.3168706196,1.0000000000
2025-03-07,1.3289906041,1.0000000000
2025-03-10,1.3273882510,1.0000000000
2025-03-11,1.3112071061,0.8377958779
2025-03-12,1.2977297128,1.0000000000
2025-03-13,1.2874412362,0.8390531917
2025-03-14,1.3035825473,1.0000000000
2025-03-17,1.3230440289,1.0000000000
2025-03-18,1.3146811896,1.0000000000
2025-03-19,1.3249807151,1.0000000000
2025-03-20,1.3224776247,1.0000000000
2025-03-21,1.3178273475,1.0000000000
2025-03-24,1.3233061121,1.0000000000
2025-03-25,1.3197253101,1.0000000000
2025-03-26,1.3309338030,1.0000000000
2025-03-27,1.3325647564,1.0000000000
2025-03-28,1.3227510509,1.0000000000
2025-03-31,1.3395354246,1.0000000000
2025-04-01,1.3444562404,1.0000000000
2025-04-02,1.3451485648,1.0000000000
2025-04-03,1.3002185803,1.0000000000
2025-04-04,1.2450336934,0.5089746266
2025-04-07,1.2297018710,0.0000000000
2025-04-08,1.2086508523,0.0000000000
2025-04-09,1.2086508523,0.0000000000
2025-04-10,1.2086508523,0.0000000000
2025-04-11,1.2086508523,0.0000000000
2025-04-14,1.2086508523,0.0000000000
2025-04-15,1.2086508523,0.0000000000
2025-04-16,1.2086508523,0.0000000000
2025-04-17,1.2086508523,0.0000000000
2025-04-21,1.2086508523,0.0000000000
2025-04-22,1.2086508523,0.0000000000
2025-04-23,1.2086508523,0.0000000000
2025-04-24,1.2086508523,0.0000000000
2025-04-25,1.2086508523,0.0000000000
2025-04-28,1.2086508523,0.0000000000
2025-04-29,1.2086508523,0.0000000000
2025-04-30,1.2086508523,0.0000000000
2025-05-01,1.2086508523,0.0000000000
2025-05-02,1.2086508523,0.0000000000
2025-05-05,1.2086508523,0.0000000000
2025-05-06,1.2086508523,0.0000000000
2025-05-07,1.2086508523,0.0000000000
2025-05-08,1.2086508523,0.0000000000
2025-05-09,1.2086508523,0.0000000000
2025-05-12,1.2086508523,0.0000000000
2025-05-13,1.2086508523,0.0000000000
2025-05-14,1.1954092617,0.0000000000
2025-05-15,1.1954092617,0.0000000000
2025-05-16,1.2060346620,0.5044050974
2025-05-19,1.2118853077,0.5067976919
2025-05-20,1.2133936773,0.5074107917
2025-05-21,1.1991327284,0.5015525665
2025-05-22,1.1944247869,0.4995878875
2025-05-23,1.1904226515,0.5007949548
2025-05-27,1.2032529738,1.0000000000
2025-05-28,1.2001798692,1.0000000000
2025-05-29,1.2097311370,1.0000000000
2025-05-30,1.2115833023,1.0000000000
2025-06-02,1.2128249981,1.0000000000
2025-06-03,1.2120255872,1.0000000000
2025-06-04,1.2151075982,1.0000000000
2025-06-05,1.2141474370,1.0000000000
2025-06-06,1.2216472199,1.0000000000
2025-06-09,1.2203144028,1.0000000000
2025-06-10,1.2310271930,0.4981000978
2025-06-11,1.2313435420,0.4982290427
2025-06-12,1.2361339698,0.5001735711
2025-06-13,1.2330608652,0.4989278751
2025-06-16,1.2311627711,0.4981553680
2025-06-17,1.2210396028,0.4939947678
2025-06-18,1.2200001703,0.4935636545
2025-06-20,1.2171078365,0.4923601597
2025-06-23,1.2151193571,0.4915294336
2025-06-24,1.2224405770,0.4945746735
2025-06-25,1.2229828896,0.4947987964
2025-06-26,1.2229804059,0.9953161269
2025-06-27,1.2245643748,0.9953221855
2025-06-30,1.2316501962,0.9953490975
2025-07-01,1.2480206272,0.9954101039
2025-07-02,1.2437477522,0.9953943354
2025-07-03,1.2440757600,0.9953955497
2025-07-07,1.2383905824,0.9953744117
2025-07-08,1.2353582228,0.9953630576
2025-07-09,1.2336710978,0.9953567162
2025-07-10,1.2396310977,0.9953790406
2025-07-11,1.2322391437,0.9953513204
2025-07-14,1.2320492683,0.9953506040
2025-07-15,1.2148974602,0.9952849642
2025-07-16,1.2199175359,0.4973387045
2025-07-17,1.2160883018,0.9955465311
2025-07-18,1.2104544269,0.9955258031
2025-07-21,1.2069896589,0.9955129595
2025-07-22,1.2236190892,1.0000000000
2025-07-23,1.2363132025,1.0000000000
2025-07-24,1.2318637553,1.0000000000
2025-07-25,1.2361510089,1.0000000000
2025-07-28,1.2245097385,1.0000000000
2025-07-29,1.2246696132,1.0000000000
2025-07-30,1.2180814475,1.0000000000
2025-07-31,1.1956372015,0.4976462708
2025-08-01,1.1986974878,0.4989287848
2025-08-04,1.2113765754,1.0000000000
2025-08-05,1.2065221721,1.0000000000
2025-08-06,1.2034079218,1.0000000000
2025-08-07,1.1991161362,0.5115771122
2025-08-08,1.2078225251,0.7440335972
2025-08-11,1.2079992462,0.7396349304
2025-08-12,1.2155108770,0.8737914874
2025-08-13,1.2295453106,0.8752320727
2025-08-14,1.2330095030,0.8755826135
2025-08-15,1.2416017754,0.8764436207
2025-08-18,1.2383694505,0.8761211205
2025-08-19,1.2427129283,0.8765540968
2025-08-20,1.2494941821,0.8772240623
2025-08-21,1.2491130697,0.8771866025
2025-08-22,1.2630056058,0.7554164593
2025-08-25,1.2549384224,0.7538441907
2025-08-26,1.2582673993,0.7544954410
2025-08-27,1.2622442917,0.4915398683
2025-08-28,1.2597982128,0.4905526200
2025-08-29,1.2666750636,0.9908005967
2025-09-02,1.2662460539,0.9907974799
2025-09-03,1.2627729999,0.9908188202
2025-09-04,1.2653698162,0.9909563305
2025-09-05,1.2692146995,0.9910506792
2025-09-08,1.2666129550,0.9910530610
2025-09-09,1.2712177651,0.9910854700
2025-09-10,1.2578378163,0.4945582842
2025-09-11,1.2718083945,0.9958824572
2025-09-12,1.2623924715,0.9958517453
2025-09-15,1.2525663067,0.4951931076
2025-09-16,1.2525663067,0.4951931076
2025-09-17,1.2509611152,0.9955490432
2025-09-18,1.2526279540,0.9955549660
2025-09-19,1.2558067884,0.9955662177
2025-09-22,1.2546663002,0.9955621874
2025-09-23,1.2593450980,1.0000000000
2025-09-24,1.2613778058,1.0000000000
2025-09-25,1.2449477975,1.0000000000
2025-09-26,1.2614484926,1.0000000000
2025-09-29,1.2651202650,1.0000000000
2025-09-30,1.2810606738,1.0000000000
2025-10-01,1.2911497076,0.0043224117
2025-10-02,1.2911275981,0.0043053615
2025-10-03,1.2920342348,0.5046523686
2025-10-06,1.2914138647,0.5001397582
2025-10-07,1.2862839761,0.0000000000
2025-10-08,1.2822587169,1.0000000000
2025-10-09,1.2821175697,0.6678140830
2025-10-10,1.2794084779,0.6697426773
2025-10-13,1.2730590172,0.3329386630
2025-10-14,1.2848614470,1.0000000000
2025-10-15,1.2882658743,1.0000000000
2025-10-16,1.2793788974,1.0000000000
2025-10-17,1.2932137649,1.0000000000
2025-10-20,1.2968684947,1.0000000000
2025-10-21,1.2928316860,1.0000000000
2025-10-22,1.2955025491,1.0000000000
2025-10-23,1.2937857161,1.0000000000
2025-10-24,1.2921468290,1.0000000000
2025-10-27,1.2995628799,1.0000000000
2025-10-28,1.2887959210,1.0000000000
2025-10-29,1.2765093192,0.3395007716
2025-10-30,1.2684891353,0.0000000000
2025-10-31,1.2661120810,0.0000000000
2025-11-03,1.2616534883,0.0000000000
2025-11-04,1.2593568924,0.4990881870
2025-11-05,1.2592569871,1.0000000000
2025-11-06,1.2533896932,1.0000000000
2025-11-07,1.2580782653,0.5047579652
2025-11-10,1.2640718597,0.5071061544
2025-11-11,1.2707314090,0.5096892738
2025-11-12,1.2742332454,0.5118889033
2025-11-13,1.2699415358,0.5102393541
2025-11-14,1.2660308285,1.0000000000
2025-11-17,1.2618874307,1.0000000000
2025-11-18,1.2600152206,1.0000000000
2025-11-19,1.2563706656,1.0000000000
2025-11-20,1.2440588296,0.5023570361
2025-11-21,1.2608997118,1.0000000000
2025-11-24,1.2639370060,1.0000000000
2025-11-25,1.2799020494,1.0000000000
2025-11-26,1.2917285676,1.0000000000
2025-11-28,1.3001103961,0.7527610035
2025-12-01,1.2940680316,0.7516065757
2025-12-02,1.2840668118,0.7522002145
2025-12-03,1.2892633944,0.7531990112
2025-12-04,1.2848828733,0.7523575984
2025-12-05,1.2826609069,0.7519286050
2025-12-08,1.2717307270,0.7497964988
2025-12-09,1.2685721379,0.7491735227
2025-12-10,1.2817601797,0.7517542786
2025-12-11,1.2964577543,0.7545685700
2025-12-12,1.2965211661,0.7545805739
2025-12-15,1.2972949823,0.7547269627
2025-12-16,1.2927790837,0.7538701821
2025-12-17,1.2969609028,0.7546637837
2025-12-18,1.2947621320,0.7542471527
2025-12-19,1.2965802572,0.7545917588
2025-12-22,1.2972149460,0.5210164000
2025-12-23,1.2983988658,0.5214531519
2025-12-24,1.2997307757,0.5219435468
2025-12-26,1.3060323331,1.0000000000
2025-12-29,1.3022497332,1.0000000000
2025-12-30,1.3034869492,1.0000000000
2025-12-31,1.2921685941,1.0000000000
2026-01-02,1.3020995448,0.5241763682
2026-01-05,1.3063436756,0.0000000000
2026-01-06,1.3105772986,1.0000000000
2026-01-07,1.2830580769,0.0000000000
2026-01-08,1.2830580769,0.0000000000
2026-01-09,1.2836938270,1.0000000000
2026-01-12,1.2866535457,1.0000000000
2026-01-13,1.2849313454,0.5028943593
2026-01-14,1.2897569956,0.5047542895
2026-01-15,1.2931996446,0.0000000000
2026-01-16,1.2871385524,0.0000000000
2026-01-20,1.2871385524,0.0000000000
2026-01-21,1.2843801614,1.0000000000
2026-01-22,1.2805000996,1.0000000000
2026-01-23,1.2776874055,1.0000000000
2026-01-26,1.2860346609,1.0000000000
2026-01-27,1.2990247031,0.6620656769
2026-01-28,1.2970444138,0.6615497286
2026-01-29,1.2970444138,0.6615497286
2026-01-30,1.2954601823,0.6611358343
2026-02-02,1.2829843593,0.6578406973
2026-02-03,1.2952621533,0.6610840264
2026-02-04,1.2920936904,0.6602529390
2026-02-05,1.2902451698,0.6615058397
2026-02-06,1.3008309904,0.9165280911
2026-02-09,1.3073081547,0.9170498106
2026-02-10,1.3205880161,0.8335142212
2026-02-11,1.3289753692,0.8345649367
2026-02-12,1.3360988872,0.8354469669
2026-02-13,1.3614060248,0.8385058385
2026-02-17,1.3684393905,0.1611951762
2026-02-18,1.3707009171,0.1625791247
2026-02-19,1.3695938761,0.1619022385
2026-02-20,1.3706534725,0.1625501377
2026-02-23,1.3669211628,0.1602635229
2026-02-24,1.3697678397,0.1620086788
2026-02-25,1.3746807497,0.6638148394
2026-02-26,1.3763973983,1.0000000000
2026-02-27,1.3693586588,0.6681551613
2026-03-02,1.3695317406,0.6681971000
2026-03-03,1.3668357459,0.6675426403
2026-03-04,1.3741175488,0.3270571225
2026-03-05,1.3716573780,0.1616240858
2026-03-06,1.3670868802,0.1588211949
2026-03-09,1.3640822861,0.1620346862
2026-03-10,1.3625545198,0.7211598524
2026-03-11,1.3580050058,0.7209632650
2026-03-12,1.3445813465,0.6622883181
2026-03-13,1.3315622140,0.7469175425
2026-03-16,1.3384983620,0.7482290251
2026-03-17,1.3398492920,0.9170035704
2026-03-18,1.3235925156,0.2499923753
2026-03-19,1.3229154984,0.1654869623
2026-03-20,1.3139063581,0.1628421966
2026-03-23,1.3069221531,1.0000000000
2026-03-24,1.3019898716,1.0000000000
2026-03-25,1.3119676015,1.0000000000
2026-03-26,1.2983495496,0.4210136959
2026-03-27,1.2918694196,0.9205884608
2026-03-30,1.2986994318,1.0000000000
2026-03-31,1.3114908083,1.0000000000
2026-04-01,1.3191987993,1.0000000000
2026-04-02,1.3194744522,1.0000000000
2026-04-06,1.3151125357,1.0000000000
2026-04-07,1.3176872995,1.0000000000
2026-04-08,1.3384988238,1.0000000000
2026-04-09,1.3429519334,1.0000000000
2026-04-10,1.3323543729,1.0000000000
2026-04-13,1.3275053486,1.0000000000
2026-04-14,1.3335285743,1.0000000000
2026-04-15,1.3238779269,1.0000000000
2026-04-16,1.3256433201,1.0000000000
2026-04-17,1.3313967956,1.0000000000
2026-04-20,1.3200250495,1.0000000000
2026-04-21,1.3046995306,0.5048220589
2026-04-22,1.3071090919,0.5057348837
2026-04-23,1.3061183262,0.5053599552
2026-04-24,1.2966337938,0.5017417945
2026-04-27,1.2941899045,0.5008009063
2026-04-28,1.2955581389,0.5013281087
2026-04-29,1.2889281306,0.0850054260
2026-04-30,1.3107020461,1.0000000000
2026-05-01,1.3037910563,1.0000000000
2026-05-04,1.2993074227,1.0000000000
2026-05-05,1.3019783358,1.0000000000
2026-05-06,1.2985038302,1.0000000000
2026-05-07,1.2902488629,0.6999337348
2026-05-08,1.2831033041,0.6982626759
2026-05-11,1.2770997302,0.0860085424
2026-05-12,1.2933319260,1.0000000000
2026-05-13,1.3011640868,1.0000000000
2026-05-14,1.3008477005,1.0000000000
2026-05-15,1.2874565446,1.0000000000
2026-05-18,1.2933416788,1.0000000000
2026-05-19,1.3052479609,1.0000000000
2026-05-20,1.3039441523,1.0000000000
2026-05-21,1.3122190158,1.0000000000
2026-05-22,1.3257267350,1.0000000000
2026-05-26,1.3146168631,1.0000000000
2026-05-27,1.3175631430,1.0000000000
2026-05-28,1.3349081440,1.0000000000
2026-05-29,1.3225380189,1.0000000000
2026-06-01,1.3092384346,1.0000000000
2026-06-02,1.2956175599,1.0000000000
2026-06-03,1.3035310409,1.0000000000
2026-06-04,1.3412600304,1.0000000000
2026-06-05,1.3474362543,1.0000000000
2026-06-08,1.3439645111,1.0000000000
2026-06-09,1.3599113612,1.0000000000
2026-06-10,1.3455110054,1.0000000000
2026-06-11,1.3566255321,1.0000000000
2026-06-12,1.3539073363,1.0000000000
2026-06-15,1.3469569232,1.0000000000
2026-06-16,1.3474860992,1.0000000000
2026-06-17,1.3264298834,1.0000000000
2026-06-18,1.3160399503,1.0000000000
2026-06-22,1.3189328665,1.0000000000
2026-06-23,1.3365212458,1.0000000000
2026-06-24,1.3453192452,1.0000000000
2026-06-25,1.3629104859,0.9263746167
2026-06-26,1.4024976353,0.0000000000
2026-06-29,1.3963600570,1.0000000000
2026-06-30,1.3866523258,1.0000000000
2026-07-01,1.4204352304,1.0000000000
2026-07-02,1.4186231206,1.0000000000
2026-07-06,1.4265187419,1.0000000000
2026-07-07,1.4370030916,1.0000000000
2026-07-08,1.4168110107,1.0000000000
2026-07-09,1.4304018344,1.0000000000
2026-07-10,1.4450281494,1.0000000000
2026-07-13,1.4443809674,1.0000000000
2026-07-14,1.4425688575,1.0000000000
2026-07-15,1.4675500858,1.0000000000
2026-07-16,1.4581012275,1.0000000000
2026-07-17,1.4322139442,1.0000000000
2026-07-20,1.4341554905,1.0000000000
2026-07-21,1.4241888864,1.0000000000
2026-07-22,1.4134456639,1.0000000000
2026-07-23,1.3666826166,0.0000000000
2026-07-24,1.3698806665,1.0000000000
2026-07-27,1.3877851483,1.0000000000
2026-07-28,1.4083189596,1.0000000000
2026-07-29,1.3974260231,1.0000000000
2026-07-30,1.4071921041,1.0000000000
2026-07-31,1.4535183856,1.0000000000
2026-08-03,1.4800620929,1.0000000000
2026-08-04,1.4810637422,1.0000000000
2026-08-05,1.4854459581,1.0000000000
2026-08-06,1.4786848251,1.0000000000
2026-08-07,1.5007211104,1.0000000000
2026-08-10,1.4983421932,1.0000000000
2026-08-11,1.4929583280,1.0000000000
2026-08-12,1.4760554956,1.0000000000
2026-08-13,1.4830670409,1.0000000000
2026-08-14,1.4799368867,1.0000000000
2026-08-17,1.4617819926,1.0000000000
2026-08-18,1.4568989521,1.0000000000
2026-08-19,1.4848199272,1.0000000000
2026-08-20,1.4609055494,1.0000000000
2026-08-21,1.4776831757,1.0000000000
2026-08-24,1.4811889484,1.0000000000
2026-08-25,1.4768067326,1.0000000000
2026-08-26,1.4669154454,1.0000000000
2026-08-27,1.4508890561,1.0000000000
2026-08-28,1.4675414763,1.0000000000
2026-08-31,1.4597786939,1.0000000000
2026-09-01,1.4347374607,1.0000000000
2026-09-02,1.4381180272,1.0000000000
2026-09-03,1.4581510138,1.0000000000
2026-09-04,1.4387440580,1.0000000000
2026-09-08,1.4272250907,1.0000000000
2026-09-09,1.4080685472,1.0000000000
2026-09-10,1.4018082389,1.0000000000
2026-09-11,1.4143288555,1.0000000000
2026-09-14,1.4129515877,1.0000000000
2026-09-15,1.3882859729,1.0000000000
2026-09-16,1.3795215413,1.0000000000
2026-09-17,1.3946714874,1.0000000000
2026-09-18,1.3901640654,1.0000000000
2026-09-21,1.4051888054,1.0000000000
2026-09-22,1.4064408671,1.0000000000
2026-09-23,1.3854062311,1.0000000000
2026-09-24,1.3812744276,1.0000000000
2026-09-25,1.3842793756,1.0000000000
2026-09-28,1.3647472137,1.0000000000
2026-09-29,1.3666253061,1.0000000000
2026-09-30,1.3627439150,1.0000000000
