rank_cap,target_fraction,lane,risk_budget,candidate_n,total_return,cagr,max_drawdown,daily_sharpe,avg_exposure,completed_trades,profit_factor,mean_trade,win_rate,avg_realized_initial_weight,median_realized_initial_weight,cap_hit_fraction,avg_planned_account_risk
300,0.6,fixed20,,187,0.8728335413636317,0.21375800139693912,-0.12767896965955383,0.6950978676370047,0.10673578954814386,81,2.8793074905568385,0.04784220988679554,0.25925925925925924,0.1997837781141465,0.2,0.0,0.006413105170449874
300,0.6,risk,0.005,187,0.5028375052204301,0.13401886456183787,-0.09134510459361922,0.7299936390092955,0.08061355479737803,81,2.87930749055684,0.04784220988679556,0.25925925925925924,0.20872777656013947,0.15394748807320663,0.13414634146341464,0.004695799933144362
300,0.6,risk,0.0075,187,0.7850357685864511,0.19589796305409912,-0.1215249983937785,0.7308945161506649,0.11260337672889582,81,2.8793074905568408,0.047842209886795564,0.25925925925925924,0.26948662561968445,0.2225757300277435,0.17073170731707318,0.006674464528440894
300,0.6,risk,0.01,187,1.0108001076841817,0.24068892055993762,-0.16694567552183215,0.7009473322769922,0.13779783733733084,81,2.86175392007082,0.047686058240134874,0.25925925925925924,0.32178235457316795,0.2861165449026397,0.24096385542168675,0.008498878007313658
300,0.6,risk,0.0125,187,1.1273236119273138,0.262455814783477,-0.218239228904772,0.6562164793403875,0.15786756490159243,81,2.861753920070823,0.0476860582401349,0.25925925925925924,0.3599026256636294,0.35670200618733044,0.30120481927710846,0.009956974550976515
300,0.6,risk,0.015,187,1.1951751636017507,0.27475312059036394,-0.23688795945428198,0.645101066943204,0.17255205654809888,81,2.8617539200708206,0.04768605824013488,0.25925925925925924,0.3846615510677899,0.4212185131620264,0.43373493975903615,0.011030995373418099
300,0.6,risk,0.0175,187,1.250668938700934,0.2846168255754462,-0.25617938534598794,0.6366135439585503,0.18379446579211828,81,2.861753920070822,0.047686058240134895,0.25925925925925924,0.4019263926241293,0.44098125970482305,0.5421686746987951,0.011870372190753676
300,0.6,risk,0.02,187,1.3875648237668106,0.30825036251768556,-0.25000943494272154,0.6521918756709464,0.1926021782886687,81,2.8617539200708224,0.047686058240134895,0.25925925925925924,0.4129685864722543,0.4951854901668019,0.6265060240963856,0.012462946149251192
300,1.0,fixed20,,187,0.626112190927893,0.1619599437527246,-0.14530751496880545,0.5651914420932518,0.13499662454325595,81,2.456482894461477,0.039578007183563586,0.2222222222222222,0.19953092385266427,0.2,0.0,0.006436286144434478
300,1.0,risk,0.005,187,0.3642879122151923,0.10065507222915149,-0.10257881888607212,0.5700402252556267,0.1052984221947102,81,2.4706804840741783,0.039734158830224284,0.2222222222222222,0.2087277765601395,0.15394748807320666,0.13414634146341464,0.004695799933144362
300,1.0,risk,0.0075,187,0.5448632764854726,0.14371655031556396,-0.13412882001529236,0.5723985878136029,0.14701474689134214,81,2.4564828944614785,0.039578007183563614,0.2222222222222222,0.26902552829613857,0.2225757300277435,0.1686746987951807,0.006674268999416895
300,1.0,risk,0.01,187,0.665026676046653,0.1704750388166787,-0.1767666552800471,0.5469196581364906,0.18042693732487838,81,2.458033985550171,0.03962015604400273,0.2222222222222222,0.3215577983581162,0.2849264848532171,0.23529411764705882,0.008483448925394549
300,1.0,risk,0.0125,187,0.7782839206494616,0.19449955142770747,-0.20577271357964455,0.5374499436238774,0.2053850366544776,81,2.4580339855501694,0.03962015604400271,0.2222222222222222,0.35749629230800467,0.3535289249589456,0.29411764705882354,0.009873634217019754
300,1.0,risk,0.015,187,0.8691127747470329,0.21301299437748322,-0.22151888579038026,0.5471798888022873,0.22275152882427332,81,2.45803398555017,0.039620156044002715,0.2222222222222222,0.37887007167795733,0.41299223174920585,0.43529411764705883,0.01079940224880922
300,1.0,risk,0.0175,187,0.9578920977782976,0.23051700411405296,-0.23529420016207758,0.5572644180286891,0.23573476460456322,81,2.4580339855501703,0.039620156044002715,0.2222222222222222,0.3922239398551684,0.4321121973608302,0.5411764705882353,0.011455576522533784
300,1.0,risk,0.02,187,1.0818815940506812,0.2540675851822871,-0.24622539612070304,0.5779775948496393,0.24617237465927366,81,2.4580339855501703,0.03962015604400271,0.2222222222222222,0.3986714365558606,0.4645230822403198,0.6235294117647059,0.011817776769640354
500,0.6,fixed20,,286,1.2768983238704061,0.2892205068977671,-0.094098513384553,0.8658808382977632,0.1702132936747662,123,2.7771872568865907,0.039843633702628584,0.2764227642276423,0.19806567558644855,0.2,0.0,0.006435549811338063
500,0.6,risk,0.005,286,0.674572156650711,0.17254268729097366,-0.07421428563774934,0.8832804804535991,0.1267723703454362,123,2.780828603123011,0.03987299082628098,0.2764227642276423,0.20620773064547232,0.14755817728161696,0.12096774193548387,0.004730259746894931
500,0.6,risk,0.0075,286,1.0860486014621662,0.2548420212008209,-0.10036638634081396,0.8838761128954701,0.1785531723454621,123,2.777187256886591,0.03984363370262858,0.2764227642276423,0.2638026543451975,0.21402120371239824,0.176,0.006609148122990317
500,0.6,risk,0.01,286,1.2452334929321136,0.2836581833188947,-0.11947475100510963,0.864614319494795,0.21670892319426655,121,2.672090032335873,0.03828181968278728,0.2644628099173554,0.3093633271892377,0.2768478220811567,0.24603174603174602,0.008293503953274356
500,0.6,risk,0.0125,286,1.3131788107293199,0.29552828210115556,-0.1425457929101165,0.8636468660783853,0.24246175168921902,120,2.6777661565597635,0.0386497694738689,0.26666666666666666,0.33645160767801136,0.3104792482396485,0.3253968253968254,0.00949802482397472
500,0.6,risk,0.015,286,1.232541567741582,0.2814134624469462,-0.18744421183169535,0.832598139662411,0.25875261043425524,120,2.677766156559763,0.0386497694738689,0.26666666666666666,0.352048410224414,0.357051114399915,0.42857142857142855,0.01034998064424461
500,0.6,risk,0.0175,286,1.1431102361183019,0.26534089416943973,-0.2214397975722625,0.8133673166477583,0.2724630289067371,119,2.6038512665835154,0.0372575123717627,0.2605042016806723,0.36683813053945785,0.3731373832417677,0.5116279069767442,0.011124512800933614
500,0.6,risk,0.02,286,1.086204037755968,0.2548708882532724,-0.24287263867886788,0.82014043159008,0.2832331064563422,116,2.585363213882785,0.03735536202174843,0.25862068965517243,0.3843481983599819,0.41876127550673037,0.6102941176470589,0.011988039004034712
500,1.0,fixed20,,286,1.0453393117242524,0.24722988385432432,-0.09782570120649914,0.7659555109904114,0.21874744114855268,122,2.5116490447175592,0.035526760531617366,0.2459016393442623,0.19734662711412582,0.2,0.0,0.006415734479530942
500,1.0,risk,0.005,286,0.5556802467214048,0.14618305759511374,-0.08838579594304474,0.7579536352334445,0.1686943640150971,123,2.495035037649536,0.035082701714424194,0.24390243902439024,0.20620773064547232,0.14755817728161696,0.12096774193548387,0.004730259746894931
500,1.0,risk,0.0075,286,0.7580884839038287,0.19029473526786456,-0.11892786112209408,0.6973002738808315,0.23420064179296984,122,2.5116490447175597,0.03552676053161737,0.2459016393442623,0.2633701482939095,0.21312865867533126,0.1746031746031746,0.006599305218030723
500,1.0,risk,0.01,286,0.845351760239009,0.20823099802126088,-0.13736615061269175,0.6784830423168641,0.27786030507981246,120,2.4066183058000212,0.033415047792132384,0.23333333333333334,0.30756264213163476,0.280149949182164,0.2440944881889764,0.008152642605486893
500,1.0,risk,0.0125,286,0.8549589777178306,0.2101695841891167,-0.14492664701970037,0.6636613731965649,0.30484276956469625,117,2.4887847637245777,0.03507623716619951,0.23931623931623933,0.3358271877527402,0.32197854804201603,0.32116788321167883,0.009302618314552237
500,1.0,risk,0.015,286,0.8251742486498643,0.20413666355337523,-0.1698621948738096,0.6493946166428605,0.3285781243869127,117,2.484418193281985,0.03497272128193614,0.23931623931623933,0.3509642195300908,0.357450446724938,0.4460431654676259,0.010183357626281876
500,1.0,risk,0.0175,286,0.7675007202680304,0.19225855326469699,-0.19381087947157927,0.6333385721487981,0.3449138350169911,116,2.3956095162770867,0.033163850819616064,0.23275862068965517,0.36391875351305597,0.37698933355336645,0.5352112676056338,0.010887538226989282
500,1.0,risk,0.02,286,0.8071902357369805,0.20046096935524105,-0.189315394464598,0.6743564569478794,0.3567021548809722,113,2.3938321219534133,0.033617264973603726,0.23008849557522124,0.3809267124860514,0.4165788267065994,0.6241610738255033,0.011693140203326739
