rank_cap,bps,instrument_scope,policy,total_return,cagr,max_drawdown,daily_sharpe,avg_exposure,completed_trades,profit_factor,mean_trade,blocked_new_entries,partial_new_entries,add_on_events,add_on_capital,top5_abs_funded_pnl_share,top10_abs_funded_pnl_share,yearly_return,rolling_12m_min_return,rolling_12m_positive_share,rolling_12m_median_return
300,5,MIXED_UNIVERSE,SKIP_OVERLAP,2.392927306724298,0.45817943665159766,-0.15440196200755996,0.9424966885024383,0.3372497828340313,211,2.1794443656189855,0.020062411114053817,42,47,0,0.0,0.40250277491081654,0.5074823125601589,"{'2023': 0.36983862627761255, '2024': 0.1495184091445414, '2025': 1.0731648675767822, '2026': -0.01977829055409497}",0.08015050411670521,1.0,0.2056044538105598
300,5,MIXED_UNIVERSE,EARLY_R250,3.9744577495069233,0.641024616431018,-0.15368653891571615,0.8249252925102344,0.35596942893168504,207,2.2602563415416403,0.02111954342861855,55,53,45,11.140792340478898,0.4954510737011756,0.5986066760965875,"{'2023': 0.3384425278402392, '2024': 0.13743777611484465, '2025': 2.0497608760675137, '2026': 0.008331501885384007}",0.0761701862211761,1.0,0.2005541117757701
300,5,MIXED_UNIVERSE,AGE3_ONLY_R250,4.04077674329862,0.6477483889239393,-0.15368653891571615,0.829785142690512,0.3515184865588145,208,2.2249521927063474,0.020702229745702405,46,46,21,7.933304858941115,0.503565458882164,0.6087827165534685,"{'2023': 0.37824688133677853, '2024': 0.15444545557322398, '2025': 1.942603758624696, '2026': 0.013246741376471416}",0.08369192983888474,1.0,0.21659009837609144
300,5,STOCK_ONLY,SKIP_OVERLAP,0.5504549583218863,0.14499306210246754,-0.1954879962069619,0.9051549641921841,0.2920918942926006,192,1.297605381733718,0.005207208986247105,28,36,0,0.0,0.17829963357894327,0.29747642982804967,"{'2023': 0.19122659786160834, '2024': 0.21581301129982755, '2025': 0.10284859872704688, '2026': -0.08441463170434005}",0.012680798914015856,1.0,0.16165438167944624
300,5,STOCK_ONLY,EARLY_R250,0.7698403018575257,0.1927455735142254,-0.1905962782692434,1.0807674029561873,0.3069153175289531,189,1.3392067038693867,0.0058554016981789865,33,40,41,7.134578086740549,0.19142568850980912,0.3110127060877753,"{'2023': 0.24846415056556181, '2024': 0.20307716171687828, '2025': 0.1761729986870062, '2026': -0.056937888083620325}",0.043364830055463655,1.0,0.17981214135193047
300,5,STOCK_ONLY,AGE3_ONLY_R250,0.6651179787184991,0.17049485466998582,-0.1905962782692434,1.010416394770926,0.3020970909196957,190,1.325813233334292,0.005632189752824502,31,35,19,4.644178963555202,0.19022887867138072,0.30752785334579025,"{'2023': 0.20125456468499126, '2024': 0.2210633193732474, '2025': 0.1276304387474565, '2026': -0.052340812492535194}",0.04137249618638017,1.0,0.16784043574638852
300,10,MIXED_UNIVERSE,SKIP_OVERLAP,2.032926244870032,0.4085468018190521,-0.15574673671347572,0.8829520048428581,0.3354289648453805,213,2.080116520388032,0.01905666856618282,40,47,0,0.0,0.39132665989843585,0.4941716589308824,"{'2023': 0.33194653898577453, '2024': 0.11513854662389034, '2025': 0.9923458095965751, '2026': -0.0320678994368605}",0.047652627881512366,1.0,0.16983613594124658
300,10,MIXED_UNIVERSE,EARLY_R250,3.523212723721218,0.5935453127375183,-0.15502331053027119,0.7899964603205176,0.3544901554316067,209,2.1392444845606535,0.019967507236262942,49,53,45,10.827354102378203,0.4864596108316735,0.5874243561538469,"{'2023': 0.303407453769724, '2024': 0.10486178208254127, '2025': 1.9676320161544059, '2026': -0.003912554629059928}",0.04340746438854537,1.0,0.16616417328709765
300,10,MIXED_UNIVERSE,AGE3_ONLY_R250,3.559273611668342,0.5974569394263833,-0.15502331053027074,0.7927887487520852,0.34968077587668794,209,2.133126445360822,0.019866551248790432,45,45,21,7.455364242715492,0.495211684358722,0.5984357309655132,"{'2023': 0.3377977939563488, '2024': 0.11889911170807843, '2025': 1.8636290841742418, '2026': 0.0010248465535327433}",0.05566873808331607,1.0,0.17933665506666774
300,10,STOCK_ONLY,SKIP_OVERLAP,0.4108887333278288,0.1121280269015752,-0.19745031067037278,0.730007188243809,0.29044247867585904,192,1.2306869097104793,0.004201750475521393,28,36,0,0.0,0.17554348143099543,0.2935151197653747,"{'2023': 0.15934754974236975, '2024': 0.18221801711413055, '2025': 0.07144106076711276, '2026': -0.09253291232487404}",-0.016027843208851533,0.9928825622775801,0.12847218873862432
300,10,STOCK_ONLY,EARLY_R250,0.6249805933841013,0.16171023504083593,-0.1923558452219699,0.9322640980179536,0.30556146738823864,189,1.2705178697041892,0.0048602301019538465,33,40,41,7.033054822986381,0.1865983902551401,0.30523056495873846,"{'2023': 0.21714389534153278, '2024': 0.17136128008734564, '2025': 0.14724977416057472, '2026': -0.06480022598583235}",0.013240610298218325,1.0,0.14871066246230824
300,10,STOCK_ONLY,AGE3_ONLY_R250,0.5251758993215667,0.13919658316462202,-0.1923558452219698,0.8518136243946086,0.30050664687091927,190,1.256711446645666,0.004622468537010852,31,34,19,4.478149429103012,0.18748101201770853,0.30175482068260706,"{'2023': 0.1713649190144364, '2024': 0.18624157453683976, '2025': 0.09938677229137372, '2026': -0.06016463250291393}",0.01092604689063359,1.0,0.13733903348148735
300,20,MIXED_UNIVERSE,SKIP_OVERLAP,1.422888241233573,0.3141958428197493,-0.1581084297880373,0.7555364617138054,0.33026670266168995,217,1.8636014347005894,0.016574628826243998,35,41,0,0.0,0.3683029135308276,0.46726769813032176,"{'2023': 0.2573422609633087, '2024': 0.048687033852844896, '2025': 0.8410688821148706, '2026': -0.055073231758486885}",-0.019406991399109508,0.9466192170818505,0.09846566323111194
300,20,MIXED_UNIVERSE,EARLY_R250,2.6746635507776326,0.4945372630827729,-0.158238247267926,0.7133839637334974,0.35228264454867414,213,1.9184319210844722,0.017494920997934805,43,49,49,10.784137717640789,0.46328228346101996,0.5590791740258663,"{'2023': 0.23351459434677624, '2024': 0.023762138338364158, '2025': 1.8141891897678386, '2026': -0.026883323877744836}",-0.02106835860775158,0.9483985765124555,0.09258064516060682
300,20,MIXED_UNIVERSE,AGE3_ONLY_R250,2.788506137877169,0.5086820211214838,-0.1582382472679258,0.7243767935782859,0.3432766464226328,213,1.9173308949906898,0.017433877085600114,39,42,23,6.7523283217393955,0.48150968554156837,0.5812109998370394,"{'2023': 0.25798302837591347, '2024': 0.06870244073188392, '2025': 1.7114245514138462, '2026': -0.021905812908535438}",0.0193540357951707,1.0,0.12047600839948491
300,20,STOCK_ONLY,SKIP_OVERLAP,0.16633920529064783,0.04865271515015812,-0.20104646877336707,0.37410683711833204,0.2857224630441169,195,1.0914541598374128,0.0018017998573106968,25,32,0,0.0,0.17138603218094814,0.2858526523556135,"{'2023': 0.09588278407511996, '2024': 0.11547435004681272, '2025': 0.012888452434869135, '2026': -0.10805181007574594}",-0.06941776267791644,0.891459074733096,0.0641836843320831
300,20,STOCK_ONLY,EARLY_R250,0.34143304949670616,0.09492906881468022,-0.1955453044126615,0.5986113616806326,0.3037092643235189,192,1.1273831105168755,0.002475009703096047,29,37,47,7.426069685811397,0.17799322293374584,0.29323786487758474,"{'2023': 0.15304429485842785, '2024': 0.08940997727314803, '2025': 0.09257982354477612, '2026': -0.07992023288624861}",-0.04605060975467046,0.9395017793594306,0.07812058754171536
300,20,STOCK_ONLY,AGE3_ONLY_R250,0.2961558793045824,0.08338317771738235,-0.19554530441266116,0.5579226736736143,0.29439237293266646,193,1.1178416835562048,0.0022884117707338055,27,31,21,4.279437635256578,0.1832959400867064,0.29349193773357907,"{'2023': 0.1103633931673409, '2024': 0.13679301823974188, '2025': 0.04524713178759354, '2026': -0.07521400675146839}",-0.050030391168283006,0.9572953736654805,0.08348383911492852
500,5,MIXED_UNIVERSE,SKIP_OVERLAP,3.733645180772836,0.616075620722754,-0.1683141183251119,1.1412758282549085,0.44717409082995024,291,2.1971805921547607,0.018472188892589128,128,101,0,0.0,0.35128255502664335,0.4450895241309184,"{'2023': 0.5522335814655426, '2024': 0.2866083980008416, '2025': 1.4260348192021493, '2026': -0.07654023901287921}",0.15111899082287583,1.0,0.33466284522070433
500,5,MIXED_UNIVERSE,EARLY_R250,6.0701486806055875,0.829172995115621,-0.17207486942597794,0.9570845524754544,0.46719474488529766,274,2.294517279387716,0.020031911209834077,157,97,53,15.767350276713316,0.4499845284566638,0.5477058384479913,"{'2023': 0.6208960419132319, '2024': 0.2775828893027634, '2025': 2.3410525687376573, '2026': -0.03617290313863941}",0.13325909292613947,1.0,0.3217624391178182
500,5,MIXED_UNIVERSE,AGE3_ONLY_R250,5.829287187994942,0.8097026652244068,-0.1719762431921541,0.9444349653999523,0.4529856520644077,283,2.248931070618622,0.019215789586750572,138,95,22,9.964739705694859,0.4498933129330605,0.5438661507889393,"{'2023': 0.5606513772258896, '2024': 0.3483113475305972, '2025': 2.239036610501969, '2026': -0.05493702515145649}",0.17576035642890897,1.0,0.37286882146778144
500,5,STOCK_ONLY,SKIP_OVERLAP,1.1262500505708948,0.26225907969507656,-0.24519664931484741,1.344905406173402,0.39478302404489446,269,1.4948253836485277,0.007715650853410138,85,92,0,0.0,0.15261244866472176,0.24865103428941052,"{'2023': 0.4091646969982188, '2024': 0.33165684383457794, '2025': 0.27144492034849566, '2026': -0.15757064626826756}",0.0709927492581921,1.0,0.30882597706262316
500,5,STOCK_ONLY,EARLY_R250,1.3583010410831418,0.30327858838885,-0.23077403365569493,1.4174364184786943,0.41319577754997777,251,1.5799077493691098,0.009015878721801176,110,80,54,13.57054864860348,0.17335320214071498,0.2789326258437983,"{'2023': 0.44180028472948596, '2024': 0.33530540564654854, '2025': 0.28241719398575493, '2026': -0.09888262306763218}",0.07963071444336212,1.0,0.3106592704674751
500,5,STOCK_ONLY,AGE3_ONLY_R250,1.278860929309832,0.28956349873664977,-0.2262146871146019,1.4246251486853398,0.40244459348708966,263,1.5363285234855255,0.008316585424404586,92,85,20,6.414510814224082,0.16659813985077643,0.26330833307169027,"{'2023': 0.4298617019831108, '2024': 0.3924593106206582, '2025': 0.23465739670668828, '2026': -0.12543479402641644}",0.1163402651350931,1.0,0.3158456315557884
500,10,MIXED_UNIVERSE,SKIP_OVERLAP,3.130194955965524,0.54944566733096,-0.17957064793698008,1.0714911730676266,0.44498424637745687,293,2.0798303185483746,0.0174286656118086,125,100,0,0.0,0.3381078334776692,0.4276891219505728,"{'2023': 0.4970471987918761, '2024': 0.23514154213112937, '2025': 1.3268808858809753, '2026': -0.0914272674390817}",0.11004657766197812,1.0,0.28443232229737103
500,10,MIXED_UNIVERSE,EARLY_R250,5.247386705387408,0.7606214647207565,-0.1767262844815769,0.9117251057232043,0.46549729641996823,278,2.1793610874103164,0.018887132481191282,151,96,55,19.34120647182682,0.43858464691074084,0.534022227543386,"{'2023': 0.5680737480007383, '2024': 0.23062673416877488, '2025': 2.2244859702717954, '2026': -0.05302979741337355}",0.09113507530657206,1.0,0.2769731418782009
500,10,MIXED_UNIVERSE,AGE3_ONLY_R250,5.041807662355188,0.7425269400660204,-0.17660882248391718,0.8994386077075622,0.4496019638215997,286,2.1039326866565005,0.017814324901134226,134,92,24,10.020470477048669,0.43978602572648606,0.5314809877567453,"{'2023': 0.5026499631746564, '2024': 0.29434101293106907, '2025': 2.1499755893463934, '2026': -0.06987127161358231}",0.13145457230979019,1.0,0.3215428371726381
500,10,STOCK_ONLY,SKIP_OVERLAP,0.8906868979361053,0.21731860603915765,-0.25347699520131417,1.1537289837129479,0.3934362710404598,269,1.41315905175949,0.006729461858575793,84,91,0,0.0,0.15023535333931867,0.24360126919665193,"{'2023': 0.3568003443105763, '2024': 0.282274528651852, '2025': 0.2369514408302733, '2026': -0.16835110174171608}",0.03195520056617451,1.0,0.26481448484125025
500,10,STOCK_ONLY,EARLY_R250,1.1172553859723595,0.260608061947619,-0.23497698650129306,1.253603723293095,0.4120319045568749,252,1.4918690108469848,0.007969662750769328,107,79,56,15.104176352470237,0.16625602683675417,0.27181251996824973,"{'2023': 0.3964260773331647, '2024': 0.2909981701766431, '2025': 0.24451454041661624, '2026': -0.1097290446176975}",0.03835311226137894,1.0,0.27214768794332067
500,10,STOCK_ONLY,AGE3_ONLY_R250,1.0430535256873075,0.24679937597544388,-0.23008296868524492,1.2535457655479048,0.3996876968617038,263,1.4227974852430132,0.006930482302449822,91,81,22,6.623197789917203,0.16236278841989246,0.25848332638576077,"{'2023': 0.37983647085608485, '2024': 0.34052187927962474, '2025': 0.2064607798095397, '2026': -0.1363092840438288}",0.0756190728729591,1.0,0.27382665360371705
500,20,MIXED_UNIVERSE,SKIP_OVERLAP,2.1262282986255125,0.4217851590543542,-0.20037497942001836,0.918367702897712,0.43968843183985995,300,1.8263471038599157,0.014677777889882568,114,102,0,0.0,0.31337271770491754,0.39806109635963355,"{'2023': 0.3963542878723598, '2024': 0.13601170747697888, '2025': 1.1226556350929071, '2026': -0.11906074354366714}",0.03358441758460984,1.0,0.18771061204450012
500,20,MIXED_UNIVERSE,EARLY_R250,3.8722242878527986,0.6305371891632907,-0.1844736243327999,0.8203080153383069,0.4611768186321953,289,1.8879405452715063,0.01563490429605885,135,100,57,17.28472352222189,0.41597235022030976,0.5067298220474777,"{'2023': 0.46486929795848964, '2024': 0.1402049665168028, '2025': 2.0003767728559025, '2026': -0.08304796521921565}",0.012796412955456082,1.0,0.19217613023924407
500,20,MIXED_UNIVERSE,AGE3_ONLY_R250,3.6709542097256005,0.6094371835663357,-0.18443928760355754,0.8045517128962244,0.4444098718303007,293,1.860223827210046,0.015169300146778189,123,94,24,8.706035252136767,0.4204744969673789,0.506956293691502,"{'2023': 0.39707890092736386, '2024': 0.19116616268640207, '2025': 1.930681170682734, '2026': -0.09672834497040195}",0.05249880761788828,1.0,0.22447154907717604
500,20,STOCK_ONLY,SKIP_OVERLAP,0.47266559177989476,0.1269403000592284,-0.2688884470249785,0.7427767754373155,0.3885696638835315,277,1.2348049875964244,0.00418167425546737,73,93,0,0.0,0.14637352711140064,0.2377126123002084,"{'2023': 0.2514006161189488, '2024': 0.18645368477569657, '2025': 0.15992823358917652, '2026': -0.1885247070788878}",-0.04297322664699499,0.9768683274021353,0.17586606262166293
500,20,STOCK_ONLY,EARLY_R250,0.6984757927202199,0.17768495310229593,-0.24910170522729946,0.9171898359176722,0.408647477194782,264,1.2745685784636522,0.0048964333382707816,91,83,58,13.775615677301245,0.15483187370032928,0.2584977755362178,"{'2023': 0.3062189247517162, '2024': 0.20395951086184505, '2025': 0.1707539434799492, '2026': -0.12973990521029544}",-0.04053907172455873,0.9697508896797153,0.19398630409262085
500,20,STOCK_ONLY,AGE3_ONLY_R250,0.607229157916874,0.15777721208966566,-0.23974642962562986,0.8688055985162813,0.39464412556748624,271,1.2534176215112385,0.004503561733438349,80,83,22,5.828293014664675,0.15294869149326892,0.2519549012107928,"{'2023': 0.278023488627698, '2024': 0.24060032058877523, '2025': 0.13329426508788567, '2026': -0.1561794007994004}",-0.0022214821633312898,0.998220640569395,0.18919368772171163
