year,rank_cap,target_fraction,state,portfolio_lane,total_return,max_drawdown,sharpe,avg_exposure,completed_trades,profit_factor,mean_trade,period
2019,300,0.6,ALL,baseline,0.007407812233491,-0.025970987172538,0.324919501383527,0.1025603050667155,23,1.267810814675265,0.0032357613141194,discovery
2019,300,0.6,UPTREND_PULLBACK,include,0.0023863161591093,-0.0043816176722314,0.4958658371104478,0.0183904687115017,5,1.7320036085908126,0.004775760555572,discovery
2019,300,0.6,UPTREND_PULLBACK,exclude,0.008059210309121,-0.0231873347670377,0.4070605098993012,0.0844942592412528,18,1.373199540811329,0.0044663693206133,discovery
2019,300,0.6,UPTREND_RISING,include,0.008059210309121,-0.0231873347670377,0.4070605098993012,0.0844942592412528,18,1.373199540811329,0.0044663693206133,discovery
2019,300,0.6,UPTREND_RISING,exclude,0.0023863161591093,-0.0043816176722314,0.4958658371104478,0.0183904687115017,5,1.7320036085908126,0.004775760555572,discovery
2019,300,0.6,DOWNTREND_SELLING,include,0.0,0.0,,0.0,0,,,discovery
2019,300,0.6,DOWNTREND_SELLING,exclude,0.007407812233491,-0.025970987172538,0.324919501383527,0.1025603050667155,23,1.267810814675265,0.0032357613141194,discovery
2019,300,0.6,DOWNTREND_BOUNCE,include,0.0,0.0,,0.0,0,,,discovery
2019,300,0.6,DOWNTREND_BOUNCE,exclude,0.007407812233491,-0.025970987172538,0.324919501383527,0.1025603050667155,23,1.267810814675265,0.0032357613141194,discovery
2019,300,0.8,ALL,baseline,0.0047309677530824,-0.0226848031155109,0.2235261242175231,0.1161472115742211,23,1.141740189686114,0.0020073795732967,discovery
2019,300,0.8,UPTREND_PULLBACK,include,0.000220585596987,-0.0057434184056767,0.0464212457387606,0.0217039402343506,5,1.0680998938791446,0.0004442994313276,discovery
2019,300,0.8,UPTREND_PULLBACK,exclude,0.0073637101972259,-0.019778188455231,0.3728702302331855,0.1009684911889354,18,1.2803250767933665,0.0040999540751856,discovery
2019,300,0.8,UPTREND_RISING,include,0.0073637101972259,-0.019778188455231,0.3728702302331855,0.1009684911889354,18,1.2803250767933665,0.0040999540751856,discovery
2019,300,0.8,UPTREND_RISING,exclude,0.000220585596987,-0.0057434184056767,0.0464212457387606,0.0217039402343506,5,1.0680998938791446,0.0004442994313276,discovery
2019,300,0.8,DOWNTREND_SELLING,include,0.0,0.0,,0.0,0,,,discovery
2019,300,0.8,DOWNTREND_SELLING,exclude,0.0047309677530824,-0.0226848031155109,0.2235261242175231,0.1161472115742211,23,1.141740189686114,0.0020073795732967,discovery
2019,300,0.8,DOWNTREND_BOUNCE,include,0.0,0.0,,0.0,0,,,discovery
2019,300,0.8,DOWNTREND_BOUNCE,exclude,0.0047309677530824,-0.0226848031155109,0.2235261242175231,0.1161472115742211,23,1.141740189686114,0.0020073795732967,discovery
2019,500,0.6,ALL,baseline,0.0095496712719966,-0.0370378651707797,0.312391031367483,0.1308645647478768,50,1.0491528078493502,0.0007340641947835,discovery
2019,500,0.6,UPTREND_PULLBACK,include,-0.0006117123361454,-0.0092129324409058,-0.0775268220089104,0.0239787845080975,10,0.9439215457792812,-0.0006110231960356,discovery
2019,500,0.6,UPTREND_PULLBACK,exclude,0.0088112763370089,-0.0396014033512076,0.2872964182521434,0.1199877208512844,39,1.0327457595123897,0.0005073923909824,discovery
2019,500,0.6,UPTREND_RISING,include,0.0088112763370089,-0.0396014033512076,0.2872964182521434,0.1199877208512844,39,1.0327457595123897,0.0005073923909824,discovery
2019,500,0.6,UPTREND_RISING,exclude,-0.0006117123361454,-0.0092129324409058,-0.0775268220089104,0.0239787845080975,10,0.9439215457792812,-0.0006110231960356,discovery
2019,500,0.6,DOWNTREND_SELLING,include,0.0,0.0,,0.0,0,,,discovery
2019,500,0.6,DOWNTREND_SELLING,exclude,0.0095496712719966,-0.0370378651707797,0.312391031367483,0.1308645647478768,50,1.0491528078493502,0.0007340641947835,discovery
2019,500,0.6,DOWNTREND_BOUNCE,include,0.0,0.0,,0.0,0,,,discovery
2019,500,0.6,DOWNTREND_BOUNCE,exclude,0.0095496712719966,-0.0370378651707797,0.312391031367483,0.1308645647478768,50,1.0491528078493502,0.0007340641947835,discovery
2019,500,0.8,ALL,baseline,0.0266268646753873,-0.0279771867361365,0.9194556239374092,0.139808798891757,46,1.3815538156454086,0.005340036289278,discovery
2019,500,0.8,UPTREND_PULLBACK,include,0.0034405434294044,-0.0058753094935963,0.3883468878802923,0.0297087312645949,10,1.3157983884727538,0.0034408962106559,discovery
2019,500,0.8,UPTREND_PULLBACK,exclude,0.0236306794891132,-0.0231520240465004,0.8210927135046695,0.1195286898239004,34,1.246977280223627,0.0036169233797294,discovery
2019,500,0.8,UPTREND_RISING,include,0.0236306794891132,-0.0231520240465004,0.8210927135046695,0.1195286898239004,34,1.246977280223627,0.0036169233797294,discovery
2019,500,0.8,UPTREND_RISING,exclude,0.0034405434294044,-0.0058753094935963,0.3883468878802923,0.0297087312645949,10,1.3157983884727538,0.0034408962106559,discovery
2019,500,0.8,DOWNTREND_SELLING,include,0.0,0.0,,0.0,0,,,discovery
2019,500,0.8,DOWNTREND_SELLING,exclude,0.0266268646753873,-0.0279771867361365,0.9194556239374092,0.139808798891757,46,1.3815538156454086,0.005340036289278,discovery
2019,500,0.8,DOWNTREND_BOUNCE,include,0.0,0.0,,0.0,0,,,discovery
2019,500,0.8,DOWNTREND_BOUNCE,exclude,0.0266268646753873,-0.0279771867361365,0.9194556239374092,0.139808798891757,46,1.3815538156454086,0.005340036289278,discovery
2020,300,0.6,ALL,baseline,-0.094937752527957,-0.2008428831663984,-0.7970554151123117,0.254509524880982,129,0.804684015841263,-0.0058980582703031,discovery
2020,300,0.6,UPTREND_PULLBACK,include,-0.0510268927036693,-0.1047701628052624,-0.5243621882609568,0.0870818553859274,43,0.7552192430769497,-0.00880466161045,discovery
2020,300,0.6,UPTREND_PULLBACK,exclude,-0.0485599408229581,-0.1166741524820729,-0.6242849752514457,0.2008430174083118,93,0.7817022767039545,-0.0062369822164274,discovery
2020,300,0.6,UPTREND_RISING,include,-0.0221350353727494,-0.0809198100290654,-0.3097875373082578,0.1972328221265898,86,0.8576981693706434,-0.0036820975365007,discovery
2020,300,0.6,UPTREND_RISING,exclude,-0.0766710517053724,-0.1401497210703693,-0.7558251356154878,0.0906920506676493,50,0.6755256710749842,-0.0128395881447607,discovery
2020,300,0.6,DOWNTREND_SELLING,include,-0.0270230618808202,-0.0431829367463553,-0.7172045242889563,0.0036101952817219,7,0.3900855804789294,-0.0376255654269549,discovery
2020,300,0.6,DOWNTREND_SELLING,exclude,-0.0698009253728245,-0.1693275108321126,-0.5990940876282717,0.25089932959926,122,0.8563739226079671,-0.0040776275318067,discovery
2020,300,0.6,DOWNTREND_BOUNCE,include,0.0,0.0,,0.0,0,,,discovery
2020,300,0.6,DOWNTREND_BOUNCE,exclude,-0.094937752527957,-0.2008428831663984,-0.7970554151123117,0.254509524880982,129,0.804684015841263,-0.0058980582703031,discovery
2020,300,0.8,ALL,baseline,-0.0631851987467903,-0.2112737727282644,-0.4338855695549776,0.3164741526262633,129,0.8090229173236609,-0.0065329729791145,discovery
2020,300,0.8,UPTREND_PULLBACK,include,-0.0490921889230223,-0.1131842123318451,-0.4270977522199184,0.1057555820224107,43,0.755886555511094,-0.0096872361107892,discovery
2020,300,0.8,UPTREND_PULLBACK,exclude,-0.0164423590615022,-0.1232829809961857,-0.1606833149640068,0.2495521912542872,92,0.8077201031461032,-0.0061862363710521,discovery
2020,300,0.8,UPTREND_RISING,include,-0.0075753118750938,-0.0877961438115577,-0.0710108163879787,0.2388200057541005,83,0.8054189766572067,-0.0059267361904678,discovery
2020,300,0.8,UPTREND_RISING,exclude,-0.0575882939994444,-0.1490515237403433,-0.4704064705733941,0.1164877675225975,52,0.7690754725176006,-0.0094954960594597,discovery
2020,300,0.8,DOWNTREND_SELLING,include,-0.0137460906637779,-0.0431829367463553,-0.3408926967841044,0.0048988599987622,8,0.7082207815626002,-0.015749854417104,discovery
2020,300,0.8,DOWNTREND_SELLING,exclude,-0.0501281745147003,-0.1827034365054268,-0.3490393220914667,0.311575292627501,121,0.8199571248175821,-0.0059235923881731,discovery
2020,300,0.8,DOWNTREND_BOUNCE,include,0.0048784193008866,-0.0105384609705801,0.363056891369545,0.0058333255014245,1,,0.0487841930088659,discovery
2020,300,0.8,DOWNTREND_BOUNCE,exclude,-0.0677331871601244,-0.2112737727282644,-0.4744886561075377,0.3106408271248388,128,0.7979678903158799,-0.0069651383383956,discovery
2020,500,0.6,ALL,baseline,-0.057820884220136,-0.2001291051994468,-0.4117371888998278,0.4078358235392038,217,0.7964552019199981,-0.0059934918270045,discovery
2020,500,0.6,UPTREND_PULLBACK,include,0.0173406997118388,-0.0853468410891271,0.2534397254236141,0.1125971998274808,75,0.8110781586931632,-0.0060483124633558,discovery
2020,500,0.6,UPTREND_PULLBACK,exclude,-0.0338102284426494,-0.1375351869587835,-0.2873529234396599,0.3581040532311152,158,0.8472858598142757,-0.0042070466461189,discovery
2020,500,0.6,UPTREND_RISING,include,0.0135053734265249,-0.0818875496783317,0.1972089223994946,0.3532934946191762,148,0.944896114807698,-0.001386811590715,discovery
2020,500,0.6,UPTREND_RISING,exclude,-0.0255719557644145,-0.1380699845453877,-0.2223859451411721,0.1170042100874402,84,0.709569654132526,-0.0103103124236362,discovery
2020,500,0.6,DOWNTREND_SELLING,include,-0.0466851021314338,-0.0647035118845517,-0.8951295412242968,0.004810558611939,10,0.2682691627174133,-0.0459465254660966,discovery
2020,500,0.6,DOWNTREND_SELLING,exclude,-0.0163284333084838,-0.151553727996818,-0.0865678065758432,0.4034288132792444,208,0.8471034058686081,-0.0042699274885876,discovery
2020,500,0.6,DOWNTREND_BOUNCE,include,0.0,0.0,,0.0,0,,,discovery
2020,500,0.6,DOWNTREND_BOUNCE,exclude,-0.057820884220136,-0.2001291051994468,-0.4117371888998278,0.4078358235392038,217,0.7964552019199981,-0.0059934918270045,discovery
2020,500,0.8,ALL,baseline,0.0055361547865524,-0.2004214855406141,0.1090805931403557,0.4696236794070157,211,0.768217774310762,-0.0079549917107742,discovery
2020,500,0.8,UPTREND_PULLBACK,include,0.0342979395148905,-0.0996669687503933,0.4036732634378749,0.1395258334070457,73,0.8192080080118973,-0.0068638304073408,discovery
2020,500,0.8,UPTREND_PULLBACK,exclude,0.0188574704718169,-0.128558774839207,0.2260153834533772,0.4231671673863799,152,0.8183274686883117,-0.0057054504731067,discovery
2020,500,0.8,UPTREND_RISING,include,0.0492460515740358,-0.0756600438305258,0.5559956834951375,0.411234618555976,140,0.8567352785623896,-0.0042423395207998,discovery
2020,500,0.8,UPTREND_RISING,exclude,0.0090872652762961,-0.1513643661685201,0.1378518888141819,0.15105483388547,84,0.7830372127658158,-0.0086587870584395,discovery
2020,500,0.8,DOWNTREND_SELLING,include,-0.0336764336174137,-0.0647035118845517,-0.6223641269593813,0.0060992233289793,11,0.4870567013925653,-0.029280466546283,discovery
2020,500,0.8,DOWNTREND_SELLING,exclude,0.035686091767878,-0.1583457956967749,0.3398118784106056,0.4639280044300159,201,0.7892995186801367,-0.0069822913671216,discovery
2020,500,0.8,DOWNTREND_BOUNCE,include,0.0048784193008866,-0.0105384609705801,0.363056891369545,0.0058333255014245,1,,0.0487841930088659,discovery
2020,500,0.8,DOWNTREND_BOUNCE,exclude,0.0006545423536155,-0.2004214855406141,0.0733033112831797,0.4637903539055912,210,0.7614812316037456,-0.0082251783046772,discovery
2021,300,0.6,ALL,baseline,0.073958124175897,-0.0768558801930935,0.9289909769176534,0.4103155559343598,146,1.3320795810619628,0.0065392955192088,discovery
2021,300,0.6,UPTREND_PULLBACK,include,0.0765750841599854,-0.0232870898651083,1.553566315225476,0.1750596261001447,55,2.1201817387394466,0.0180443373034577,discovery
2021,300,0.6,UPTREND_PULLBACK,exclude,0.0216099165771965,-0.0735833373319498,0.3535104768203582,0.2887438121609855,105,1.0974181683006852,0.0020328893994059,discovery
2021,300,0.6,UPTREND_RISING,include,0.0216099165771965,-0.0735833373319498,0.3535104768203582,0.2887438121609855,105,1.0974181683006852,0.0020328893994059,discovery
2021,300,0.6,UPTREND_RISING,exclude,0.0765750841599854,-0.0232870898651083,1.553566315225476,0.1750596261001447,55,2.1201817387394466,0.0180443373034577,discovery
2021,300,0.6,DOWNTREND_SELLING,include,0.0,0.0,,0.0,0,,,discovery
2021,300,0.6,DOWNTREND_SELLING,exclude,0.073958124175897,-0.0768558801930935,0.9289909769176534,0.4103155559343598,146,1.3320795810619628,0.0065392955192088,discovery
2021,300,0.6,DOWNTREND_BOUNCE,include,0.0,0.0,,0.0,0,,,discovery
2021,300,0.6,DOWNTREND_BOUNCE,exclude,0.073958124175897,-0.0768558801930935,0.9289909769176534,0.4103155559343598,146,1.3320795810619628,0.0065392955192088,discovery
2021,300,0.8,ALL,baseline,0.0546499558494966,-0.0706412566446242,0.6483572398511593,0.5007915743666963,145,1.3164903668803352,0.00656517400453,discovery
2021,300,0.8,UPTREND_PULLBACK,include,0.0875170257620008,-0.0190375635541504,1.702639221152643,0.2048159707013243,55,2.4915777243437263,0.0240269329891676,discovery
2021,300,0.8,UPTREND_PULLBACK,exclude,0.0123859098705261,-0.0659780259649284,0.2013853003674472,0.3651321136037108,104,1.033292723949386,0.0007439363357474,discovery
2021,300,0.8,UPTREND_RISING,include,0.0123859098705261,-0.0659780259649284,0.2013853003674472,0.3651321136037108,104,1.033292723949386,0.0007439363357474,discovery
2021,300,0.8,UPTREND_RISING,exclude,0.0875170257620008,-0.0190375635541504,1.702639221152643,0.2048159707013243,55,2.4915777243437263,0.0240269329891676,discovery
2021,300,0.8,DOWNTREND_SELLING,include,0.0,0.0,,0.0,0,,,discovery
2021,300,0.8,DOWNTREND_SELLING,exclude,0.0546499558494966,-0.0706412566446242,0.6483572398511593,0.5007915743666963,145,1.3164903668803352,0.00656517400453,discovery
2021,300,0.8,DOWNTREND_BOUNCE,include,0.0,0.0,,0.0,0,,,discovery
2021,300,0.8,DOWNTREND_BOUNCE,exclude,0.0546499558494966,-0.0706412566446242,0.6483572398511593,0.5007915743666963,145,1.3164903668803352,0.00656517400453,discovery
2021,500,0.6,ALL,baseline,0.0446448428305228,-0.1263605448865958,0.4437965060850606,0.5816098733180302,247,1.1702026051829977,0.0035150476971875,discovery
2021,500,0.6,UPTREND_PULLBACK,include,0.1005653881734709,-0.0369421694359687,1.5863814848027682,0.2012968861248832,85,2.3762373803321206,0.020046139638136,discovery
2021,500,0.6,UPTREND_PULLBACK,exclude,-0.0486526102612071,-0.1329896724620408,-0.4669672386646961,0.4743767241058068,181,0.8318205640506351,-0.0039971339404964,discovery
2021,500,0.6,UPTREND_RISING,include,-0.0486526102612071,-0.1329896724620408,-0.4669672386646961,0.4743767241058068,181,0.8318205640506351,-0.0039971339404964,discovery
2021,500,0.6,UPTREND_RISING,exclude,0.1005653881734709,-0.0369421694359687,1.5863814848027682,0.2012968861248832,85,2.3762373803321206,0.020046139638136,discovery
2021,500,0.6,DOWNTREND_SELLING,include,0.0,0.0,,0.0,0,,,discovery
2021,500,0.6,DOWNTREND_SELLING,exclude,0.0446448428305228,-0.1263605448865958,0.4437965060850606,0.5816098733180302,247,1.1702026051829977,0.0035150476971875,discovery
2021,500,0.6,DOWNTREND_BOUNCE,include,0.0,0.0,,0.0,0,,,discovery
2021,500,0.6,DOWNTREND_BOUNCE,exclude,0.0446448428305228,-0.1263605448865958,0.4437965060850606,0.5816098733180302,247,1.1702026051829977,0.0035150476971875,discovery
2021,500,0.8,ALL,baseline,-0.0273261321184135,-0.1242844291589021,-0.1710526231631272,0.6413698622005193,229,1.1710913010705928,0.0037889491637387,discovery
2021,500,0.8,UPTREND_PULLBACK,include,0.0884512282424272,-0.047355055411448,1.235070284114746,0.2469802951506374,85,2.4970907895857803,0.0237502433956266,discovery
2021,500,0.8,UPTREND_PULLBACK,exclude,-0.0450436368111648,-0.1075090756707843,-0.4118021236696732,0.5155041623588542,165,0.8470271382059259,-0.0037940000267549,discovery
2021,500,0.8,UPTREND_RISING,include,-0.0450436368111648,-0.1075090756707843,-0.4118021236696732,0.5155041623588542,165,0.8470271382059259,-0.0037940000267549,discovery
2021,500,0.8,UPTREND_RISING,exclude,0.0884512282424272,-0.047355055411448,1.235070284114746,0.2469802951506374,85,2.4970907895857803,0.0237502433956266,discovery
2021,500,0.8,DOWNTREND_SELLING,include,0.0,0.0,,0.0,0,,,discovery
2021,500,0.8,DOWNTREND_SELLING,exclude,-0.0273261321184135,-0.1242844291589021,-0.1710526231631272,0.6413698622005193,229,1.1710913010705928,0.0037889491637387,discovery
2021,500,0.8,DOWNTREND_BOUNCE,include,0.0,0.0,,0.0,0,,,discovery
2021,500,0.8,DOWNTREND_BOUNCE,exclude,-0.0273261321184135,-0.1242844291589021,-0.1710526231631272,0.6413698622005193,229,1.1710913010705928,0.0037889491637387,discovery
2022,300,0.6,ALL,baseline,-0.2482271254430867,-0.2720329161831671,-2.1433620225451384,0.3787813077847932,240,0.3641569471272334,-0.0203241357304895,discovery
2022,300,0.6,UPTREND_PULLBACK,include,-0.0657998100822085,-0.0931622136430777,-1.1879551634709409,0.058769059227578,53,0.2911165191263913,-0.0282999749718554,discovery
2022,300,0.6,UPTREND_PULLBACK,exclude,-0.2383203608736535,-0.2441411881921507,-2.187451508123457,0.3473937236007354,195,0.3771426136746418,-0.0187126505724481,discovery
2022,300,0.6,UPTREND_RISING,include,-0.0590701559567571,-0.0590701559567571,-2.096718819677682,0.0196364988034385,20,0.0372203910402065,-0.0411804939959985,discovery
2022,300,0.6,UPTREND_RISING,exclude,-0.2262155534573778,-0.2617716423313458,-1.945521841477737,0.3688706845898021,226,0.3982329606512786,-0.0186786184978159,discovery
2022,300,0.6,DOWNTREND_SELLING,include,-0.1845065226732699,-0.2122254365569379,-1.7582843477657704,0.2769090300418957,153,0.3929687243026211,-0.0174955033634023,discovery
2022,300,0.6,DOWNTREND_SELLING,exclude,-0.1516336360841687,-0.1721718350828767,-2.255726289583334,0.1478053360250668,100,0.2731096710803935,-0.0282314217079085,discovery
2022,300,0.6,DOWNTREND_BOUNCE,include,-0.0653023102288264,-0.0676361616612409,-1.6677680411710625,0.079118888792996,33,0.4001147810785532,-0.020206627347619,discovery
2022,300,0.6,DOWNTREND_BOUNCE,exclude,-0.2400635971385771,-0.2746842916445458,-2.1501735764560257,0.3278892537722515,217,0.3337525704353846,-0.0216073878982703,discovery
2022,300,0.8,ALL,baseline,-0.2852525638548132,-0.3239775149382952,-2.212126326345423,0.4359625533585432,236,0.2819503708982038,-0.0252019350097003,discovery
2022,300,0.8,UPTREND_PULLBACK,include,-0.0954270163107977,-0.1208040249423701,-1.5448846043238773,0.0761711781481597,50,0.1105146118253438,-0.0417923088845139,discovery
2022,300,0.8,UPTREND_PULLBACK,exclude,-0.2636772291384814,-0.2865049533407147,-2.171801574381315,0.3974567839780579,193,0.3325115280076939,-0.0216461675589281,discovery
2022,300,0.8,UPTREND_RISING,include,-0.0617180208748986,-0.0617180208748986,-2.1790581970559124,0.024971817251717,20,0.0058693223696513,-0.0453093270570266,discovery
2022,300,0.8,UPTREND_RISING,exclude,-0.2723468298584058,-0.3213389462427893,-2.104575195777581,0.4282729035374823,222,0.3062178128390024,-0.0238343777814333,discovery
2022,300,0.8,DOWNTREND_SELLING,include,-0.2043888439899408,-0.2422980358789647,-1.7457507781864794,0.3102674833212144,154,0.3426237272773612,-0.0200002340654517,discovery
2022,300,0.8,DOWNTREND_SELLING,exclude,-0.1811395437952495,-0.2007259686541439,-2.4713679714706625,0.1783859071928352,97,0.1705003069039215,-0.0366187994358178,discovery
2022,300,0.8,DOWNTREND_BOUNCE,include,-0.0783710453118102,-0.0806722653528914,-1.8456364387427404,0.0944796134042887,33,0.3685802259360048,-0.0244237365526531,discovery
2022,300,0.8,DOWNTREND_BOUNCE,exclude,-0.2717076781483843,-0.3145106693632306,-2.196673728864253,0.3721737913361094,216,0.2460123916499538,-0.0264616873905106,discovery
2022,500,0.6,ALL,baseline,-0.1954931661553192,-0.2662971391238634,-1.4066447873933403,0.4985221227264809,398,0.465630212494298,-0.0164159347641613,discovery
2022,500,0.6,UPTREND_PULLBACK,include,-0.0699876526853178,-0.1039091647621959,-1.1819419467673833,0.0615836297072692,82,0.269597554097394,-0.0261643974292841,discovery
2022,500,0.6,UPTREND_PULLBACK,exclude,-0.1871209276507415,-0.2336625770189168,-1.418440211093189,0.4688257075749157,326,0.5117513162801332,-0.0144369976425392,discovery
2022,500,0.6,UPTREND_RISING,include,-0.0597285599112517,-0.0597285599112517,-2.31266989174734,0.0248857042435529,27,0.0288450680245839,-0.0397034991821901,discovery
2022,500,0.6,UPTREND_RISING,exclude,-0.1727226057728094,-0.2557657521076039,-1.232046419980075,0.4870180454805489,379,0.5010018747965088,-0.0149612644216223,discovery
2022,500,0.6,DOWNTREND_SELLING,include,-0.1586538642424391,-0.2136548903231107,-1.3042245889425077,0.3481922809107411,266,0.505417917866417,-0.0145321064631235,discovery
2022,500,0.6,DOWNTREND_SELLING,exclude,-0.0997202181131574,-0.1675203805230654,-1.151138651932379,0.2215689331472196,155,0.4052713076359587,-0.0204210174180328,discovery
2022,500,0.6,DOWNTREND_BOUNCE,include,-0.0042727149702547,-0.0603105696265547,-0.0404490665697697,0.1483472868918524,54,0.8971100102514284,-0.0028991535231936,discovery
2022,500,0.6,DOWNTREND_BOUNCE,exclude,-0.213032074163847,-0.2816994838445144,-1.679772271691636,0.3990359713785691,363,0.4142294687419506,-0.0184737370174111,discovery
2022,500,0.8,ALL,baseline,-0.2240285162790447,-0.3043343799904534,-1.4707572154963615,0.5711028952510729,383,0.4154934510902168,-0.0190328236407922,discovery
2022,500,0.8,UPTREND_PULLBACK,include,-0.0852387849610581,-0.1179813206598259,-1.2479500975658722,0.0808811615326221,75,0.1098533617806066,-0.0377454719060664,discovery
2022,500,0.8,UPTREND_PULLBACK,exclude,-0.2246109653319172,-0.2809976312967139,-1.5891696163822002,0.5343057444829055,317,0.497279911017528,-0.0154279641461073,discovery
2022,500,0.8,UPTREND_RISING,include,-0.0619707047369619,-0.0619707047369619,-2.333889215330717,0.0288897792184883,27,0.0046124704170462,-0.0427618940422108,discovery
2022,500,0.8,UPTREND_RISING,exclude,-0.2123414855484886,-0.3026121328786123,-1.3901675431584777,0.5628677032302781,364,0.446391129823962,-0.0176548039397859,discovery
2022,500,0.8,DOWNTREND_SELLING,include,-0.1687741197246577,-0.2299192138060761,-1.2877930581983106,0.3918700871568611,263,0.4897939145024656,-0.0154665559838662,discovery
2022,500,0.8,DOWNTREND_SELLING,exclude,-0.114147919699766,-0.1679948004285172,-1.1300667911121518,0.2655689498110556,148,0.3200427166515339,-0.0263251503950703,discovery
2022,500,0.8,DOWNTREND_BOUNCE,include,-0.0165171053984842,-0.0578475368612387,-0.1961547862913663,0.1763095799466068,54,0.8802285814316434,-0.0037405378735942,discovery
2022,500,0.8,DOWNTREND_BOUNCE,exclude,-0.2132254527246121,-0.2885802412313374,-1.5225891475982312,0.4525902601847273,354,0.3600218630103908,-0.0213630879054964,discovery
2023,300,0.6,ALL,baseline,-0.0003735549370942,-0.0777479863170204,0.0486988410262284,0.5281500423100506,186,0.9991467867386944,-1.8809284144685837e-05,validation
2023,300,0.6,UPTREND_PULLBACK,include,-0.0005534790870436,-0.054547273941602,0.0253513876502352,0.2199315091056773,77,0.9589173995810693,-0.0008713750404006,validation
2023,300,0.6,UPTREND_PULLBACK,exclude,-0.0126123811098464,-0.0759815486810275,-0.0981793867687612,0.3824745604713148,131,1.008898190730497,0.00020567834029,validation
2023,300,0.6,UPTREND_RISING,include,-0.0769730284441179,-0.0782150317882066,-1.0799955535900727,0.2890942882625738,100,0.6422571646562645,-0.0093535655691916,validation
2023,300,0.6,UPTREND_RISING,exclude,0.0375102973612673,-0.0545472739416025,0.4907786108293842,0.3055615836185404,109,1.2616770956981451,0.0052621650076315,validation
2023,300,0.6,DOWNTREND_SELLING,include,0.0725299363265816,-0.0312574896040396,1.3950780448397295,0.1072202612465454,36,2.769762576324283,0.0269681459205677,validation
2023,300,0.6,DOWNTREND_SELLING,exclude,-0.0238325200486475,-0.0702820042485965,-0.2091862191560262,0.4701534484345077,163,0.8608751496890311,-0.0031167951468457,validation
2023,300,0.6,DOWNTREND_BOUNCE,include,0.0013557399468424,-0.0097195420136509,0.1099349717957545,0.0152672076177957,5,1.2188892857097369,0.0027065720731539,validation
2023,300,0.6,DOWNTREND_BOUNCE,exclude,-0.0040215263555885,-0.0794272618982246,0.0135360556443731,0.5270132501865352,185,0.9904522645425542,-0.0002120687115822,validation
2023,300,0.8,ALL,baseline,0.0433972187577738,-0.0708016589636567,0.426739034525801,0.5939445071735492,177,1.0486345289186587,0.0011437438673737,validation
2023,300,0.8,UPTREND_PULLBACK,include,-0.0087675502218215,-0.077555979105982,-0.0785872200882264,0.253049530102521,74,0.7917568089963244,-0.0052106704063902,validation
2023,300,0.8,UPTREND_PULLBACK,exclude,0.0292777932956422,-0.0789710691993292,0.3510242280025279,0.4440204497909122,128,1.1873846923940017,0.0044761562900604,validation
2023,300,0.8,UPTREND_RISING,include,-0.0698080537659836,-0.1022472185324256,-0.8507477420956321,0.3388639969874759,99,0.6846499037148227,-0.0082195610351582,validation
2023,300,0.8,UPTREND_RISING,exclude,0.0608457372737845,-0.0808112405664284,0.6789154503003791,0.3520387823305818,102,1.2889221607502348,0.0067041531676034,validation
2023,300,0.8,DOWNTREND_SELLING,include,0.1280414353189496,-0.0237296653392614,2.071626779518729,0.1404489503226144,34,4.019791665990633,0.0471463849650468,validation
2023,300,0.8,DOWNTREND_SELLING,exclude,0.0050619460967382,-0.0694851366448441,0.1009429853394163,0.5362382321331117,158,0.8561867338367114,-0.0033932125454517,validation
2023,300,0.8,DOWNTREND_BOUNCE,include,0.0079740812261936,-0.0063767366511606,0.6563633443567934,0.0176898759718967,5,2.288678270406376,0.0159345424635698,validation
2023,300,0.8,DOWNTREND_BOUNCE,exclude,0.0433972187577738,-0.0708016589636567,0.426739034525801,0.5939445071735492,177,1.0486345289186587,0.0011437438673737,validation
2023,500,0.6,ALL,baseline,0.1479408120560392,-0.0706465864703861,1.272970976180311,0.6366609327844295,310,1.111309010467877,0.002354535331433,validation
2023,500,0.6,UPTREND_PULLBACK,include,-0.0004183919925567,-0.0575268717420547,0.0362923131315355,0.3027081151585286,128,0.7793487890435332,-0.0053828085821574,validation
2023,500,0.6,UPTREND_PULLBACK,exclude,0.1104205071933235,-0.0938229736008442,1.1564869122393493,0.4644577639703796,215,1.3229190460670186,0.0064952599193973,validation
2023,500,0.6,UPTREND_RISING,include,-0.0245619015907474,-0.0943549149365039,-0.2629365132990284,0.3834392119251962,153,0.9134191526871592,-0.0019633539553343,validation
2023,500,0.6,UPTREND_RISING,exclude,0.1197160349408565,-0.0549790844784275,1.261295863315612,0.3978084060646183,186,1.2324637850177134,0.0049416977799542,validation
2023,500,0.6,DOWNTREND_SELLING,include,0.1647540399521063,-0.0249360351917576,2.760132748926418,0.1280608275927379,60,3.250716838033087,0.0311897299096773,validation
2023,500,0.6,DOWNTREND_SELLING,exclude,0.0813424618148828,-0.0653167997875304,0.7905459856095249,0.595742392331202,266,0.9477290825329476,-0.0011422586528774,validation
2023,500,0.6,DOWNTREND_BOUNCE,include,0.0212588298981624,-0.0082010902190567,1.2544534476480007,0.0295203112605378,10,3.3469864645631238,0.0212665606873887,validation
2023,500,0.6,DOWNTREND_BOUNCE,exclude,0.1436929632029868,-0.0706465864700363,1.2383725692075802,0.6344256581838862,304,1.083069303236889,0.0017863686492497,validation
2023,500,0.8,ALL,baseline,0.1960991569797654,-0.0773447642643808,1.5099983341199146,0.6972994919848774,276,1.402993853563876,0.0082891282184046,validation
2023,500,0.8,UPTREND_PULLBACK,include,-0.004737655036113,-0.0679983627152522,-0.0064225041620571,0.3429969605274775,122,0.7018661150084622,-0.007496456069057,validation
2023,500,0.8,UPTREND_PULLBACK,exclude,0.1794027415103531,-0.1055585696712579,1.5864638137135632,0.5351248179598326,201,1.690428071796406,0.0140229565067243,validation
2023,500,0.8,UPTREND_RISING,include,0.0114080420144238,-0.1056110309781637,0.1691211126006684,0.4310242484874294,151,1.0461398535116773,0.0010615145071741,validation
2023,500,0.8,UPTREND_RISING,exclude,0.1345108221651438,-0.0696743107416935,1.2674979410454712,0.4314700305629553,170,1.4569718497106598,0.0098142087817456,validation
2023,500,0.8,DOWNTREND_SELLING,include,0.2183879716689638,-0.0222146842734001,2.9975655591689025,0.1619717131473028,52,5.690142761734501,0.0552202143274217,validation
2023,500,0.8,DOWNTREND_SELLING,exclude,0.11755691754246,-0.0712466641237652,1.0164420473057725,0.6520997918769966,242,1.106637430700011,0.0022821485036755,validation
2023,500,0.8,DOWNTREND_BOUNCE,include,0.035117195509577,-0.006345650505925,1.61883340536204,0.0366447670939507,10,4.876847448613301,0.0351289676299987,validation
2023,500,0.8,DOWNTREND_BOUNCE,exclude,0.1909165123117966,-0.0773447642643678,1.4765539635945844,0.6968560055415584,272,1.3324148476761375,0.0069485784559405,validation
2024,300,0.6,ALL,baseline,-0.0328611320244912,-0.1027975480639838,-0.2964963774929456,0.4227361092132097,149,0.928591767148448,-0.0016809053166312,validation
2024,300,0.6,UPTREND_PULLBACK,include,0.095280627724515,-0.0245121752717373,1.650151932135432,0.0966957066749444,39,2.6884787903165948,0.024749994155159,validation
2024,300,0.6,UPTREND_PULLBACK,exclude,-0.1303075886295814,-0.1568610645210392,-1.6258949506478595,0.352691822455041,118,0.5926565976984317,-0.0112296481422843,validation
2024,300,0.6,UPTREND_RISING,include,-0.1303075886295814,-0.1568610645210392,-1.6258949506478595,0.352691822455041,118,0.5926565976984317,-0.0112296481422843,validation
2024,300,0.6,UPTREND_RISING,exclude,0.095280627724515,-0.0245121752717373,1.650151932135432,0.0966957066749444,39,2.6884787903165948,0.024749994155159,validation
2024,300,0.6,DOWNTREND_SELLING,include,0.0,0.0,,0.0,0,,,validation
2024,300,0.6,DOWNTREND_SELLING,exclude,-0.0328611320244912,-0.1027975480639838,-0.2964963774929456,0.4227361092132097,149,0.928591767148448,-0.0016809053166312,validation
2024,300,0.6,DOWNTREND_BOUNCE,include,0.0,0.0,,0.0,0,,,validation
2024,300,0.6,DOWNTREND_BOUNCE,exclude,-0.0328611320244912,-0.1027975480639838,-0.2964963774929456,0.4227361092132097,149,0.928591767148448,-0.0016809053166312,validation
2024,300,0.8,ALL,baseline,-0.0156914648310235,-0.1079530208899136,-0.0937220586910712,0.4959102152169116,152,0.9522605241776104,-0.0011777278394057,validation
2024,300,0.8,UPTREND_PULLBACK,include,0.1148542017151963,-0.0341970828604913,1.6451381546471815,0.1405555391643076,39,2.8055417341473907,0.0289247873647871,validation
2024,300,0.8,UPTREND_PULLBACK,exclude,-0.1370963776912328,-0.1702992010360041,-1.6225476021250669,0.3870566989839851,121,0.5885175086723372,-0.0117064062427824,validation
2024,300,0.8,UPTREND_RISING,include,-0.1370963776912328,-0.1702992010360041,-1.6225476021250669,0.3870566989839851,121,0.5885175086723372,-0.0117064062427824,validation
2024,300,0.8,UPTREND_RISING,exclude,0.1148542017151963,-0.0341970828604913,1.6451381546471815,0.1405555391643076,39,2.8055417341473907,0.0289247873647871,validation
2024,300,0.8,DOWNTREND_SELLING,include,0.0,0.0,,0.0,0,,,validation
2024,300,0.8,DOWNTREND_SELLING,exclude,-0.0156914648310235,-0.1079530208899136,-0.0937220586910712,0.4959102152169116,152,0.9522605241776104,-0.0011777278394057,validation
2024,300,0.8,DOWNTREND_BOUNCE,include,0.0,0.0,,0.0,0,,,validation
2024,300,0.8,DOWNTREND_BOUNCE,exclude,-0.0156914648310235,-0.1079530208899136,-0.0937220586910712,0.4959102152169116,152,0.9522605241776104,-0.0011777278394057,validation
2024,500,0.6,ALL,baseline,0.5039481210972423,-0.0589177464510047,1.1598257126069615,0.6160326356213762,255,1.7908247478859909,0.0177411429490812,validation
2024,500,0.6,UPTREND_PULLBACK,include,0.1314615562094927,-0.0291075364185754,1.830521777428252,0.1407435496984805,64,2.4189159537740927,0.0226178709320866,validation
2024,500,0.6,UPTREND_PULLBACK,exclude,0.3099820444922305,-0.1044378000662037,0.826359083168431,0.5451357596609685,207,1.5545597970387484,0.0143463647282412,validation
2024,500,0.6,UPTREND_RISING,include,0.3099820444922305,-0.1044378000662037,0.826359083168431,0.5451357596609685,207,1.5545597970387484,0.0143463647282412,validation
2024,500,0.6,UPTREND_RISING,exclude,0.1314615562094927,-0.0291075364185754,1.830521777428252,0.1407435496984805,64,2.4189159537740927,0.0226178709320866,validation
2024,500,0.6,DOWNTREND_SELLING,include,0.0,0.0,,0.0,0,,,validation
2024,500,0.6,DOWNTREND_SELLING,exclude,0.5039481210972423,-0.0589177464510047,1.1598257126069615,0.6160326356213762,255,1.7908247478859909,0.0177411429490812,validation
2024,500,0.6,DOWNTREND_BOUNCE,include,0.0,0.0,,0.0,0,,,validation
2024,500,0.6,DOWNTREND_BOUNCE,exclude,0.5039481210972423,-0.0589177464510047,1.1598257126069615,0.6160326356213762,255,1.7908247478859909,0.0177411429490812,validation
2024,500,0.8,ALL,baseline,0.4790940663610494,-0.0765175447230429,1.115567091370614,0.6867864170602928,247,1.6993231284478263,0.0171086145559001,validation
2024,500,0.8,UPTREND_PULLBACK,include,0.142517599339657,-0.0367289962399198,1.7605115369198936,0.1693817257645609,53,2.5692054544289755,0.0281339025015955,validation
2024,500,0.8,UPTREND_PULLBACK,exclude,0.2821813732457681,-0.1070945681112297,0.7723705314426336,0.5995566658393926,210,1.4974670434187087,0.0132467861098235,validation
2024,500,0.8,UPTREND_RISING,include,0.2821813732457681,-0.1070945681112297,0.7723705314426336,0.5995566658393926,210,1.4974670434187087,0.0132467861098235,validation
2024,500,0.8,UPTREND_RISING,exclude,0.142517599339657,-0.0367289962399198,1.7605115369198936,0.1693817257645609,53,2.5692054544289755,0.0281339025015955,validation
2024,500,0.8,DOWNTREND_SELLING,include,0.0,0.0,,0.0,0,,,validation
2024,500,0.8,DOWNTREND_SELLING,exclude,0.4790940663610494,-0.0765175447230429,1.115567091370614,0.6867864170602928,247,1.6993231284478263,0.0171086145559001,validation
2024,500,0.8,DOWNTREND_BOUNCE,include,0.0,0.0,,0.0,0,,,validation
2024,500,0.8,DOWNTREND_BOUNCE,exclude,0.4790940663610494,-0.0765175447230429,1.115567091370614,0.6867864170602928,247,1.6993231284478263,0.0171086145559001,validation
2025,300,0.6,ALL,baseline,0.3313683032256924,-0.068165856786273,1.1032198652964156,0.3600070098959776,141,2.380346932461017,0.0256411725357868,validation
2025,300,0.6,UPTREND_PULLBACK,include,0.0356809428721691,-0.0405608355468499,0.8394977411330127,0.1047776538452385,66,1.6946676580875557,0.0114844114341605,validation
2025,300,0.6,UPTREND_PULLBACK,exclude,0.2968091222891609,-0.0670174894746469,1.018468260592561,0.3005780200569524,85,2.6626594742169902,0.0345564315047627,validation
2025,300,0.6,UPTREND_RISING,include,0.2851734611249839,-0.0670174894746468,0.9899913963338304,0.266401561875806,74,2.852000994383045,0.0384387872862586,validation
2025,300,0.6,UPTREND_RISING,exclude,0.0550648094710786,-0.0465946603105056,1.0378917929642535,0.1373606582659048,75,1.7701098372934392,0.0126032654017499,validation
2025,300,0.6,DOWNTREND_SELLING,include,0.0010371731169458,-0.0267114268783332,0.0572180923503807,0.026438238930292,10,1.05152554702135,0.0011888761922116,validation
2025,300,0.6,DOWNTREND_SELLING,exclude,0.317513985988697,-0.0681658567862736,1.0717506707043565,0.3352554709354163,133,2.413287508543224,0.0263839792020215,validation
2025,300,0.6,DOWNTREND_BOUNCE,include,0.0080937656799575,-0.0037300388188589,1.2073040318865702,0.0078311352180434,1,,0.0809376567995758,validation
2025,300,0.6,DOWNTREND_BOUNCE,exclude,0.3207625214586982,-0.0681658567862736,1.0762144761919457,0.3522682282355651,140,2.3494452669042776,0.0252461976481883,validation
2025,300,0.8,ALL,baseline,0.3117923574433392,-0.0701853458696499,1.0498283769416747,0.4152470821178786,140,2.463057968937732,0.0283000459807493,validation
2025,300,0.8,UPTREND_PULLBACK,include,0.0434461934587782,-0.0384171497058863,0.9425455690571491,0.1281436110460912,66,1.9808431708278595,0.0169156942584364,validation
2025,300,0.8,UPTREND_PULLBACK,exclude,0.3417793899672845,-0.0690394672952507,1.1340508914845058,0.34398842814332,81,2.900692595524334,0.0391577772717394,validation
2025,300,0.8,UPTREND_RISING,include,0.3116599397595123,-0.0690394672878396,1.0588082931273066,0.3048844202124366,70,3.0453697895096314,0.0420181568250332,validation
2025,300,0.8,UPTREND_RISING,exclude,0.0777110835957102,-0.0353146779363683,1.364947200387346,0.1656381639728519,75,2.130921531138448,0.0192185617876044,validation
2025,300,0.8,DOWNTREND_SELLING,include,0.0148518471667085,-0.0154417385372139,0.6512579741302743,0.0314079496851608,10,1.64823775275713,0.0149571324458993,validation
2025,300,0.8,DOWNTREND_SELLING,exclude,0.2804057587573625,-0.0701853458697123,0.9710862073294896,0.3855976489270243,132,2.445707295078928,0.0281665740991739,validation
2025,300,0.8,DOWNTREND_BOUNCE,include,0.0080937656799575,-0.0037300388188589,1.2073040318865702,0.0078311352180434,1,,0.0809376567995758,validation
2025,300,0.8,DOWNTREND_BOUNCE,exclude,0.3013466063231891,-0.0701853458622254,1.0229589791565972,0.4075367691697717,139,2.433169960010539,0.0279213581331319,validation
2025,500,0.6,ALL,baseline,0.1349116395890177,-0.0913425269520015,0.964721537596126,0.569469830304512,301,2.7046837570821083,0.0298053887870792,validation
2025,500,0.6,UPTREND_PULLBACK,include,0.0805221621892431,-0.0599364722424129,1.4032375495110767,0.1459378610823922,146,2.64069426996808,0.019543047903951,validation
2025,500,0.6,UPTREND_PULLBACK,exclude,0.1821291448283672,-0.1050418210867681,0.8234072097057493,0.4961868587438648,177,2.603559024991528,0.0363071704644328,validation
2025,500,0.6,UPTREND_RISING,include,0.1720400726959592,-0.1050383499073455,0.7948644012218344,0.4369459156678526,159,2.771060898695827,0.0398402765787332,validation
2025,500,0.6,UPTREND_RISING,exclude,0.1061824299977318,-0.0515064182866374,1.5563177542477131,0.1974742249702464,161,2.5277365071663,0.0192014046733774,validation
2025,500,0.6,DOWNTREND_SELLING,include,0.0046372429934795,-0.0422088904873975,0.1388672898204107,0.0503596836215771,16,1.1322978645939157,0.0032252659339492,validation
2025,500,0.6,DOWNTREND_SELLING,exclude,0.1130698165292056,-0.1081153334427774,0.8491035264467647,0.5269737965624843,288,2.7480032723047456,0.0304633396101277,validation
2025,500,0.6,DOWNTREND_BOUNCE,include,0.0040160941242846,-0.0050176767147473,0.618961677845928,0.0090393563929873,2,1.984898874137436,0.0200804706214229,validation
2025,500,0.6,DOWNTREND_BOUNCE,exclude,0.1304201610482818,-0.0942127857263174,0.9372349278689296,0.5605704444753652,299,2.7103042649048694,0.0298704384069164,validation
2025,500,0.8,ALL,baseline,0.1072550315772014,-0.0894626118040764,0.7761395591022461,0.6371495050978003,298,2.4838217048569247,0.0292954574008335,validation
2025,500,0.8,UPTREND_PULLBACK,include,0.0579562138392331,-0.0574530331039745,0.9441921041092106,0.1857621964769474,145,2.407743860279874,0.0204628814824427,validation
2025,500,0.8,UPTREND_PULLBACK,exclude,0.215321356090629,-0.1030538728692727,0.9344720720537776,0.5439683491667499,169,2.505329152656934,0.0366486797917264,validation
2025,500,0.8,UPTREND_RISING,include,0.1753773613963687,-0.1030526685114899,0.8012646275021427,0.4698464289699159,151,2.5881176323308663,0.0387419612947771,validation
2025,500,0.8,UPTREND_RISING,exclude,0.1104515878500307,-0.038157491516624,1.494649638198673,0.2522198821773488,160,2.445164735018952,0.0216067781655967,validation
2025,500,0.8,DOWNTREND_SELLING,include,0.0300233691555054,-0.0320772983087668,0.7466128413860068,0.0653025764154834,16,1.77790316044814,0.0189643617529727,validation
2025,500,0.8,DOWNTREND_SELLING,exclude,0.0592096099364094,-0.1136901992013399,0.4800439883204545,0.5797441291526368,285,2.468179240574522,0.0290534756321051,validation
2025,500,0.8,DOWNTREND_BOUNCE,include,0.0040160941242846,-0.0050176767147473,0.618961677845928,0.0090393563929873,2,1.984898874137436,0.0200804706214229,validation
2025,500,0.8,DOWNTREND_BOUNCE,exclude,0.1029593668224453,-0.0894613839685873,0.7497667390522855,0.6283007886749862,296,2.4873037246674645,0.0293577208250187,validation
2026,300,0.6,ALL,baseline,0.045716738915448,-0.0133461304714033,3.2449488436418643,0.3709968310575511,42,1.8684071505113915,0.013465806315414,validation
2026,300,0.6,UPTREND_PULLBACK,include,0.006964350435024,-0.0103944370240022,0.7915272205814321,0.0556008584637187,5,1.561743354467222,0.013913273534073,validation
2026,300,0.6,UPTREND_PULLBACK,exclude,0.0398184693335272,-0.014578818962071,3.2574904314732493,0.3477232742787688,38,1.964890395492871,0.0133923145701927,validation
2026,300,0.6,UPTREND_RISING,include,0.0398184693335272,-0.014578818962071,3.2574904314732493,0.3477232742787688,38,1.964890395492871,0.0133923145701927,validation
2026,300,0.6,UPTREND_RISING,exclude,0.006964350435024,-0.0103944370240022,0.7915272205814321,0.0556008584637187,5,1.561743354467222,0.013913273534073,validation
2026,300,0.6,DOWNTREND_SELLING,include,0.0,0.0,,0.0,0,,,validation
2026,300,0.6,DOWNTREND_SELLING,exclude,0.045716738915448,-0.0133461304714033,3.2449488436418643,0.3709968310575511,42,1.8684071505113915,0.013465806315414,validation
2026,300,0.6,DOWNTREND_BOUNCE,include,0.0,0.0,,0.0,0,,,validation
2026,300,0.6,DOWNTREND_BOUNCE,exclude,0.045716738915448,-0.0133461304714033,3.2449488436418643,0.3709968310575511,42,1.8684071505113915,0.013465806315414,validation
2026,300,0.8,ALL,baseline,0.0520249674511086,-0.0175404993569673,3.319582545253468,0.4102947773564986,43,1.8751456194297929,0.0152823975062583,validation
2026,300,0.8,UPTREND_PULLBACK,include,0.006964350435024,-0.0103944370240022,0.7915272205814321,0.0556008584637187,5,1.561743354467222,0.013913273534073,validation
2026,300,0.8,UPTREND_PULLBACK,exclude,0.0460567330243502,-0.0175404993569673,3.2397527924344787,0.387035068619045,39,1.9576299049697687,0.0153971072099755,validation
2026,300,0.8,UPTREND_RISING,include,0.0460567330243502,-0.0175404993569673,3.2397527924344787,0.387035068619045,39,1.9576299049697687,0.0153971072099755,validation
2026,300,0.8,UPTREND_RISING,exclude,0.006964350435024,-0.0103944370240022,0.7915272205814321,0.0556008584637187,5,1.561743354467222,0.013913273534073,validation
2026,300,0.8,DOWNTREND_SELLING,include,0.0,0.0,,0.0,0,,,validation
2026,300,0.8,DOWNTREND_SELLING,exclude,0.0520249674511086,-0.0175404993569673,3.319582545253468,0.4102947773564986,43,1.8751456194297929,0.0152823975062583,validation
2026,300,0.8,DOWNTREND_BOUNCE,include,0.0,0.0,,0.0,0,,,validation
2026,300,0.8,DOWNTREND_BOUNCE,exclude,0.0520249674511086,-0.0175404993569673,3.319582545253468,0.4102947773564986,43,1.8751456194297929,0.0152823975062583,validation
2026,500,0.6,ALL,baseline,0.0119024965201806,-0.0214230189607468,0.7393402123434956,0.4129461945758856,98,1.166156971743626,0.0031127356119019,validation
2026,500,0.6,UPTREND_PULLBACK,include,-0.0042308442479378,-0.0206706824821827,-0.2686022494331988,0.1085456719127214,13,0.8569863912186321,-0.0032491670459434,validation
2026,500,0.6,UPTREND_PULLBACK,exclude,0.0083299275798658,-0.0168129841462509,0.7717483173804025,0.3465607604195045,89,1.165541497186542,0.0030332914510545,validation
2026,500,0.6,UPTREND_RISING,include,0.0083299275798658,-0.0168129841462509,0.7717483173804025,0.3465607604195045,89,1.165541497186542,0.0030332914510545,validation
2026,500,0.6,UPTREND_RISING,exclude,-0.0042308442479378,-0.0206706824821827,-0.2686022494331988,0.1085456719127214,13,0.8569863912186321,-0.0032491670459434,validation
2026,500,0.6,DOWNTREND_SELLING,include,0.0,0.0,,0.0,0,,,validation
2026,500,0.6,DOWNTREND_SELLING,exclude,0.0119024965201806,-0.0214230189607468,0.7393402123434956,0.4129461945758856,98,1.166156971743626,0.0031127356119019,validation
2026,500,0.6,DOWNTREND_BOUNCE,include,0.0,0.0,,0.0,0,,,validation
2026,500,0.6,DOWNTREND_BOUNCE,exclude,0.0119024965201806,-0.0214230189607468,0.7393402123434956,0.4129461945758856,98,1.166156971743626,0.0031127356119019,validation
2026,500,0.8,ALL,baseline,-0.0068676055603673,-0.0342245793685378,-0.3748060976226351,0.4739554362327755,90,1.1253622843465287,0.0026930714053685,validation
2026,500,0.8,UPTREND_PULLBACK,include,-0.0005918964028128,-0.0206706824821827,-0.0115528214185528,0.1155623880922257,13,0.9800272326508326,-0.0004537670088894,validation
2026,500,0.8,UPTREND_PULLBACK,exclude,-0.0140530455180515,-0.0341268956293134,-1.107780540972509,0.4001917460993445,81,1.0989133099496478,0.0021105071009743,validation
2026,500,0.8,UPTREND_RISING,include,-0.0140530455180515,-0.0341268956293134,-1.107780540972509,0.4001917460993445,81,1.0989133099496478,0.0021105071009743,validation
2026,500,0.8,UPTREND_RISING,exclude,-0.0005918964028128,-0.0206706824821827,-0.0115528214185528,0.1155623880922257,13,0.9800272326508326,-0.0004537670088894,validation
2026,500,0.8,DOWNTREND_SELLING,include,0.0,0.0,,0.0,0,,,validation
2026,500,0.8,DOWNTREND_SELLING,exclude,-0.0068676055603673,-0.0342245793685378,-0.3748060976226351,0.4739554362327755,90,1.1253622843465287,0.0026930714053685,validation
2026,500,0.8,DOWNTREND_BOUNCE,include,0.0,0.0,,0.0,0,,,validation
2026,500,0.8,DOWNTREND_BOUNCE,exclude,-0.0068676055603673,-0.0342245793685378,-0.3748060976226351,0.4739554362327755,90,1.1253622843465287,0.0026930714053685,validation
