rank_cap,target_fraction,state,period,n,mean_trade,weighted_year_median_trade,profit_factor,win_rate,target_share,stop_share,max_hold_share,mean_holding_sessions,mean_mfe_return,mean_mae_return,yearly_mean_trade,yearly_pf,yearly_n
300,0.6,DOWNTREND_BOUNCE,discovery,54,-0.0276576935523365,-0.0288808050350647,0.22946109335384407,0.1111111111111111,0.1111111111111111,0.8518518518518519,0.037037037037037,7.2592592592592595,0.0296859742723853,-0.0460758510296611,{'2022': -0.0276576935523365},{'2022': 0.2294610933538441},{'2022': 54}
300,0.6,DOWNTREND_BOUNCE,validation,6,0.015745086194224267,0.0237426295630031,2.5280275909191023,0.6666666666666666,0.3333333333333333,0.3333333333333333,0.3333333333333333,10.5,0.04417078771836663,-0.021565293782042833,"{'2023': 0.002706572073154, '2025': 0.0809376567995756}","{'2023': 1.2188892857097426, '2025': None}","{'2023': 5, '2025': 1}"
300,0.6,DOWNTREND_SELLING,discovery,282,-0.011695022776398131,-0.028401733644105677,0.6013893923376711,0.25886524822695034,0.17375886524822695,0.723404255319149,0.10283687943262407,7.900709219858156,0.039189666827640336,-0.04245452728580078,"{'2020': -0.037625565426955, '2022': -0.0110349725998385}","{'2020': 0.390085580478929, '2022': 0.6130252443072347}","{'2020': 7, '2022': 275}"
300,0.6,DOWNTREND_SELLING,validation,63,0.025795819798953304,0.035419271651151635,2.6936497721586066,0.6825396825396826,0.5238095238095238,0.2698412698412698,0.20634920634920628,9.88888888888889,0.06751279049567553,-0.034458545944191794,"{'2023': 0.0314026600173832, '2025': 0.0086593702937287, '2026': -0.0261655073361918}","{'2023': 3.282753817871439, '2025': 1.4341139647097505, '2026': 0.0}","{'2023': 49, '2025': 13, '2026': 1}"
300,0.6,UPTREND_PULLBACK,discovery,226,-0.0026450300148943584,-0.0051358728187021405,0.904587829784484,0.40707964601769914,0.34070796460176983,0.5530973451327433,0.1061946902654867,8.039823008849558,0.040749574791503804,-0.04117554673774772,"{'2019': 0.004775760555572, '2020': -0.0044240733120658, '2021': 0.0176377184111191, '2022': -0.0283597027466639}","{'2019': 1.7320036085908006, '2020': 0.8709235354839211, '2021': 2.076750564479908, '2022': 0.2619099027086864}","{'2019': 5, '2020': 61, '2021': 91, '2022': 69}"
300,0.6,UPTREND_PULLBACK,validation,318,0.00958712950565392,5.904018312045388e-05,1.4896083316985484,0.449685534591195,0.3805031446540881,0.5188679245283019,0.10062893081761,8.628930817610064,0.048587833758313756,-0.0318411534004512,"{'2023': -0.0084258237164439, '2024': 0.0343039927377893, '2025': 0.0161837441552228, '2026': -0.0126935257134455}","{'2023': 0.6753272925965191, '2024': 3.5123276366870075, '2025': 2.1651551376365528, '2026': 0.684952753560794}","{'2023': 123, '2024': 72, '2025': 110, '2026': 13}"
300,0.6,UPTREND_RISING,discovery,392,0.0013984511128057513,-0.013639235976901573,1.0665439996180848,0.4005102040816326,0.3137755102040816,0.548469387755102,0.13775510204081629,8.892857142857142,0.03909190442647342,-0.03290390770407927,"{'2019': 0.0057156849349144, '2020': 0.0008485527890266, '2021': 0.0064605257111865, '2022': -0.0425717854677832}","{'2019': 1.4636653712844787, '2020': 1.0376546042903512, '2021': 1.3365904766143246, '2022': 0.031494027187009}","{'2019': 50, '2020': 146, '2021': 173, '2022': 23}"
300,0.6,UPTREND_RISING,validation,626,-0.0009713143579033383,-0.02075223971314408,0.9608165502423825,0.33226837060702874,0.22364217252396162,0.6230031948881789,0.15335463258785942,8.947284345047922,0.04330771253021515,-0.03728533639099056,"{'2023': -0.0086605683962532, '2024': -0.0116606408241932, '2025': 0.0225665940009474, '2026': 0.0051627073809907}","{'2023': 0.6736349988296604, '2024': 0.5712098288222226, '2025': 2.0425754941409675, '2026': 1.2711593874727087}","{'2023': 144, '2024': 262, '2025': 147, '2026': 73}"
300,0.8,DOWNTREND_BOUNCE,discovery,55,-0.028798106592426022,-0.03224806280625495,0.24689664417762808,0.09090909090909084,0.09090909090909084,0.8545454545454545,0.05454545454545449,8.10909090909091,0.0346886204054036,-0.04980331235211109,"{'2020': 0.0487841930088659, '2022': -0.0302348158443018}","{'2020': None, '2022': 0.2237009655134142}","{'2020': 1, '2022': 54}"
300,0.8,DOWNTREND_BOUNCE,validation,6,0.026768394852904182,0.0237426295630031,3.5978165756157447,0.6666666666666666,0.3333333333333333,0.3333333333333333,0.3333333333333333,11.5,0.056126137527859464,-0.021565293782042833,"{'2023': 0.0159345424635699, '2025': 0.0809376567995756}","{'2023': 2.2886782704063835, '2025': None}","{'2023': 5, '2025': 1}"
300,0.8,DOWNTREND_SELLING,discovery,284,-0.011424131472581867,-0.029745822765681114,0.6268661492055613,0.23943661971830976,0.11267605633802812,0.7394366197183099,0.14788732394366189,8.869718309859154,0.044702752038191684,-0.04411372616900267,"{'2020': -0.0157498544171041, '2022': -0.0112987481988276}","{'2020': 0.7082207815626, '2022': 0.6226146699661653}","{'2020': 8, '2022': 276}"
300,0.8,DOWNTREND_SELLING,validation,63,0.043232995242460714,0.05190361976988355,3.8385045760436993,0.6825396825396826,0.4126984126984126,0.2698412698412698,0.31746031746031744,12.873015873015873,0.089733946147262,-0.034458545944191794,"{'2023': 0.049410953514837, '2025': 0.0252851911834003, '2026': -0.0261655073361918}","{'2023': 4.591830842298859, '2025': 2.267604250740898, '2026': 0.0}","{'2023': 49, '2025': 13, '2026': 1}"
300,0.8,UPTREND_PULLBACK,discovery,227,-0.0029035120236899814,-0.011731262313368232,0.9055347086195985,0.34801762114537443,0.18942731277533037,0.5903083700440529,0.22026431718061668,9.955947136563877,0.04773480258211614,-0.04428766141956133,"{'2019': 0.0004442994313276, '2020': -0.0029274087452011, '2021': 0.0238978506196537, '2022': -0.0384713592858012}","{'2019': 1.0680998938791442, '2020': 0.923664113922856, '2021': 2.3813670892235983, '2022': 0.1129591744082317}","{'2019': 5, '2020': 62, '2021': 91, '2022': 69}"
300,0.8,UPTREND_PULLBACK,validation,319,0.010382853697547935,-0.0064893223936930205,1.4947400470606933,0.4043887147335423,0.20689655172413787,0.542319749216301,0.2507836990595611,10.940438871473354,0.0565964401682834,-0.033410820058674025,"{'2023': -0.0136702685992218, '2024': 0.0392356012088334, '2025': 0.0208580937568366, '2026': -0.0126935257134455}","{'2023': 0.522508460632981, '2024': 3.752739212013403, '2025': 2.4259663008079904, '2026': 0.684952753560794}","{'2023': 123, '2024': 73, '2025': 110, '2026': 13}"
300,0.8,UPTREND_RISING,discovery,392,-0.001713890797308926,-0.017618558857233804,0.9299597449822034,0.336734693877551,0.13265306122448975,0.6071428571428571,0.2602040816326531,10.908163265306122,0.04471618856562266,-0.03676506015238089,"{'2019': 0.0062311918738323, '2020': -0.000567330344334, '2021': 0.0009315212197435, '2022': -0.0461620750860685}","{'2019': 1.469073798371903, '2020': 0.9791429730191052, '2021': 1.0414311901417266, '2022': 0.0050137883717543}","{'2019': 50, '2020': 146, '2021': 173, '2022': 23}"
300,0.8,UPTREND_RISING,validation,628,-0.0004879486840953079,-0.021877959607012894,0.9809145697371385,0.3105095541401274,0.12738853503184705,0.6369426751592356,0.2356687898089172,10.348726114649681,0.04780453224693344,-0.038360257149010556,"{'2023': -0.0080274579094203, '2024': -0.0129494931110159, '2025': 0.0224370252650446, '2026': 0.0124541840703275}","{'2023': 0.7005671312881814, '2024': 0.5482941641096648, '2025': 2.01414634243365, '2026': 1.6536478134840704}","{'2023': 144, '2024': 262, '2025': 148, '2026': 74}"
500,0.6,DOWNTREND_BOUNCE,discovery,93,-0.0128760160471582,-0.0273360191045605,0.5903826047835576,0.2903225806451613,0.1935483870967742,0.6774193548387096,0.1290322580645161,8.698924731182796,0.0399788942039716,-0.044286017301512,{'2022': -0.0128760160471582},{'2022': 0.5903826047835578},{'2022': 93}
500,0.6,DOWNTREND_BOUNCE,validation,12,0.021068879009727714,0.019738083282813883,2.924260863915046,0.5833333333333334,0.4166666666666667,0.3333333333333333,0.25,9.0,0.05425018769181225,-0.026141111841757866,"{'2023': 0.0212665606873887, '2025': 0.0200804706214228}","{'2023': 3.3469864645631158, '2025': 1.984898874137436}","{'2023': 10, '2025': 2}"
500,0.6,DOWNTREND_SELLING,discovery,465,-0.01222098107400612,-0.02818345275801511,0.591188309034553,0.2559139784946236,0.18064516129032254,0.7290322580645161,0.09032258064516127,7.529032258064516,0.03872653090656163,-0.043994428208851334,"{'2020': -0.0459465254660966, '2022': -0.011479760318136}","{'2020': 0.2682691627174138, '2022': 0.6064651681472191}","{'2020': 10, '2022': 455}"
500,0.6,DOWNTREND_SELLING,validation,108,0.02768716675247957,0.03620550714417041,2.831156122528106,0.6666666666666666,0.5462962962962963,0.30555555555555547,0.1481481481481481,9.62037037037037,0.06546532625070582,-0.03266704837818804,"{'2023': 0.0343426298390618, '2025': 0.0044207263765333, '2026': -0.0261655073361918}","{'2023': 3.702774926749126, '2025': 1.184633082897962, '2026': 0.0}","{'2023': 85, '2025': 22, '2026': 1}"
500,0.6,UPTREND_PULLBACK,discovery,366,-0.0017153042189791078,-0.006198367995766897,0.9329670290655941,0.40437158469945356,0.35792349726775957,0.5683060109289617,0.07377049180327862,7.434426229508197,0.03949573053343969,-0.03878170307989239,"{'2019': 0.0021598893287386, '2020': -0.0009342867756927, '2021': 0.014367012432804, '2022': -0.0261748877801352}","{'2019': 1.2180532280808436, '2020': 0.9687408432790056, '2021': 1.844654354651581, '2022': 0.2600897130211445}","{'2019': 11, '2020': 103, '2021': 149, '2022': 103}"
500,0.6,UPTREND_PULLBACK,validation,585,0.009015401514932206,0.004238608097552434,1.478859572869743,0.4598290598290598,0.3743589743589743,0.5094017094017094,0.11623931623931617,8.591452991452991,0.046289519374537604,-0.03129791610873735,"{'2023': -0.0097441846120056, '2024': 0.0293539807524525, '2025': 0.0223792567775414, '2026': -0.0201559051430298}","{'2023': 0.6301429361180597, '2024': 3.1029186583556028, '2025': 3.067810120125177, '2026': 0.4257785991088312}","{'2023': 233, '2024': 123, '2025': 201, '2026': 28}"
500,0.6,UPTREND_RISING,discovery,732,-0.00150922833604283,-0.015362030958196845,0.9330058302177672,0.39344262295081966,0.290983606557377,0.5450819672131147,0.16393442622950818,9.44535519125683,0.03985878970769382,-0.035711511881536505,"{'2019': 0.0079719989762538, '2020': 0.0028754394784287, '2021': -0.0041523462398292, '2022': -0.0409178554586058}","{'2019': 1.6749809709702683, '2020': 1.127962589833475, '2021': 0.8271652698961017, '2022': 0.025282512742038}","{'2019': 101, '2020': 258, '2021': 343, '2022': 30}"
500,0.6,UPTREND_RISING,validation,1183,0.006701320843716147,-0.017720616967867683,1.2838375036758458,0.3710904480135249,0.27303465765004226,0.5841081994928149,0.14285714285714282,9.027049873203719,0.0493670319525024,-0.03618460940255888,"{'2023': 0.0026778465270222, '2024': 0.0011905138944129, '2025': 0.0209893119511249, '2026': 0.0013965846970307}","{'2023': 1.1211562770177632, '2024': 1.0457190028247272, '2025': 1.9268022365637, '2026': 1.0677972231140078}","{'2023': 263, '2024': 466, '2025': 308, '2026': 146}"
500,0.8,DOWNTREND_BOUNCE,discovery,94,-0.012492109948330034,-0.02678496634962067,0.6197682572293762,0.27659574468085096,0.1276595744680851,0.6808510638297872,0.19148936170212766,9.797872340425531,0.04570855682991301,-0.046486019497925773,"{'2020': 0.0487841930088659, '2022': -0.0131509949263644}","{'2020': None, '2022': 0.6039716491302219}","{'2020': 1, '2022': 93}"
500,0.8,DOWNTREND_BOUNCE,validation,12,0.03262088479523596,0.025352755641895135,3.979327563121506,0.5833333333333334,0.3333333333333333,0.3333333333333333,0.3333333333333333,10.5,0.06271424156395458,-0.026141111841757866,"{'2023': 0.0351289676299986, '2025': 0.0200804706214228}","{'2023': 4.876847448613287, '2025': 1.984898874137436}","{'2023': 10, '2025': 2}"
500,0.8,DOWNTREND_SELLING,discovery,468,-0.012030141875456505,-0.029874886721115837,0.6157036729110972,0.23290598290598288,0.11111111111111109,0.7478632478632479,0.141025641025641,8.570512820512821,0.04429464430158921,-0.04543855678516046,"{'2020': -0.029280466546283, '2022': -0.0116149261831609}","{'2020': 0.4870567013925651, '2022': 0.6214643694059123}","{'2020': 11, '2022': 457}"
500,0.8,DOWNTREND_SELLING,validation,108,0.04365193079094195,0.050438765868741346,3.8870234734598785,0.6666666666666666,0.3888888888888889,0.30555555555555547,0.3055555555555556,12.777777777777775,0.0859763701346359,-0.03266704837818804,"{'2023': 0.0503011736521469, '2025': 0.0211351941966107, '2026': -0.0261655073361918}","{'2023': 4.958716952376251, '2025': 1.88271829780775, '2026': 0.0}","{'2023': 85, '2025': 22, '2026': 1}"
500,0.8,UPTREND_PULLBACK,discovery,367,-0.000701435504428865,-0.015806334157958464,0.9754199253669789,0.34877384196185285,0.2098092643051771,0.6049046321525886,0.18528610354223427,9.55858310626703,0.048967518014679794,-0.04215780684368622,"{'2019': 0.0114068390405085, '2020': 0.0026724580640966, '2021': 0.0197388537199424, '2022': -0.0349701641020238}","{'2019': 2.151585890020582, '2020': 1.0790493327523938, '2021': 2.0639390859571205, '2022': 0.1179773816843741}","{'2019': 11, '2020': 104, '2021': 149, '2022': 103}"
500,0.8,UPTREND_PULLBACK,validation,587,0.009417036929936638,-0.002802823242701301,1.4574165416724258,0.4122657580919932,0.2061328790459966,0.5366269165247018,0.2572402044293015,10.862010221465077,0.054072671077223716,-0.03313960186597184,"{'2023': -0.0123591139092414, '2024': 0.0324598446604747, '2025': 0.0242687501477107, '2026': -0.0188580408401119}","{'2023': 0.5550869716421829, '2024': 3.0888242472591547, '2025': 2.815359999984349, '2026': 0.4627534435973156}","{'2023': 233, '2024': 125, '2025': 201, '2026': 28}"
500,0.8,UPTREND_RISING,discovery,733,-0.004485234456249613,-0.01966871676926638,0.8257803890509277,0.32878581173260574,0.12960436562073666,0.6016371077762619,0.26875852660300137,11.20600272851296,0.045316204194455784,-0.039064095566790934,"{'2019': 0.0101089752742078, '2020': -0.0030441738243307, '2021': -0.006443527736576, '2022': -0.0436704108326245}","{'2019': 1.8229120609752216, '2020': 0.8937465973846886, '2021': 0.7515118411447411, '2022': 0.0040670887296821}","{'2019': 101, '2020': 259, '2021': 343, '2022': 30}"
500,0.8,UPTREND_RISING,validation,1186,0.006595427229504167,-0.01963277952722694,1.2674875491587203,0.34654300168634067,0.14418212478920736,0.5994940978077572,0.2563237774030354,10.650084317032041,0.05441629527945145,-0.0374526536977544,"{'2023': 0.0061547594648825, '2024': -0.0004610280836089, '2025': 0.0199671110039785, '2026': 0.0015544872833759}","{'2023': 1.2752292117704014, '2024': 0.983065600328933, '2025': 1.8440568918097773, '2026': 1.068376931774416}","{'2023': 263, '2024': 466, '2025': 310, '2026': 147}"
