rank_cap,target_fraction,state,portfolio_lane,period,segments,compounded_segment_return,positive_segments,avg_sharpe,worst_segment_mdd,avg_exposure,total_trades,yearly_return
300,0.6,ALL,baseline,discovery,4,-0.26386449793276423,2,-0.4216267398390674,-0.2720329161831671,0.2865416734167126,538,"{'2019': 0.007407812233491, '2020': -0.094937752527957, '2021': 0.073958124175897, '2022': -0.2482271254430867}"
300,0.6,ALL,baseline,validation,4,0.3459807454614483,2,1.0250927931178906,-0.1027975480639838,0.42047249811919724,518,"{'2023': -0.0003735549370942, '2024': -0.0328611320244912, '2025': 0.3313683032256924, '2026': 0.045716738915448}"
300,0.6,DOWNTREND_BOUNCE,exclude,discovery,4,-0.2558707764106595,2,-0.4233296283167892,-0.2746842916445458,0.2738186599135772,515,"{'2019': 0.007407812233491, '2020': -0.094937752527957, '2021': 0.073958124175897, '2022': -0.2400635971385771}"
300,0.6,DOWNTREND_BOUNCE,exclude,validation,4,0.33038575453843966,2,1.0095507494963094,-0.1027975480639838,0.41825360467321526,516,"{'2023': -0.0040215263555885, '2024': -0.0328611320244912, '2025': 0.3207625214586982, '2026': 0.045716738915448}"
300,0.6,DOWNTREND_BOUNCE,include,discovery,4,-0.06530231022882638,0,-1.6677680411710625,-0.0676361616612409,0.019779722198249,33,"{'2019': 0.0, '2020': 0.0, '2021': 0.0, '2022': -0.0653023102288264}"
300,0.6,DOWNTREND_BOUNCE,include,validation,4,0.009460478668252836,2,0.6586195018411624,-0.0097195420136509,0.005774585708959775,6,"{'2023': 0.0013557399468424, '2024': 0.0, '2025': 0.0080937656799575, '2026': 0.0}"
300,0.6,DOWNTREND_SELLING,exclude,discovery,4,-0.14620814689228812,2,-0.4002274747276063,-0.1721718350828767,0.2278951316563505,391,"{'2019': 0.007407812233491, '2020': -0.0698009253728245, '2021': 0.073958124175897, '2022': -0.1516336360841687}"
300,0.6,DOWNTREND_SELLING,exclude,validation,4,0.3007159530546557,2,0.9527542294243123,-0.1027975480639838,0.3997854649101712,487,"{'2023': -0.0238325200486475, '2024': -0.0328611320244912, '2025': 0.317513985988697, '2026': 0.045716738915448}"
300,0.6,DOWNTREND_SELLING,include,discovery,4,-0.20654365337447522,0,-1.2377444360273633,-0.2122254365569379,0.0701298063309044,160,"{'2019': 0.0, '2020': -0.0270230618808202, '2021': 0.0, '2022': -0.1845065226732699}"
300,0.6,DOWNTREND_SELLING,include,validation,4,0.07364233554365929,2,0.7261480685950551,-0.0312574896040396,0.03341462504420935,46,"{'2023': 0.0725299363265816, '2024': 0.0, '2025': 0.0010371731169458, '2026': 0.0}"
300,0.6,UPTREND_PULLBACK,exclude,discovery,4,-0.25368027309373586,2,-0.5127913741638108,-0.2441411881921507,0.23036870310282137,411,"{'2019': 0.008059210309121, '2020': -0.0485599408229581, '2021': 0.0216099165771965, '2022': -0.2383203608736535}"
300,0.6,UPTREND_PULLBACK,exclude,validation,4,0.15794236035228781,2,0.6379710886622973,-0.1568610645210392,0.3458669193155192,372,"{'2023': -0.0126123811098464, '2024': -0.1303075886295814, '2025': 0.2968091222891609, '2026': 0.0398184693335272}"
300,0.6,UPTREND_PULLBACK,include,discovery,4,-0.04330542716074193,2,0.08427870015100652,-0.1047701628052624,0.08482525235628796,156,"{'2019': 0.0023863161591093, '2020': -0.0510268927036693, '2021': 0.0765750841599854, '2022': -0.0657998100822085}"
300,0.6,UPTREND_PULLBACK,include,validation,4,0.14162914488188116,3,0.826632070375028,-0.054547273941602,0.11925143202239473,187,"{'2023': -0.0005534790870436, '2024': 0.095280627724515, '2025': 0.0356809428721691, '2026': 0.006964350435024}"
300,0.6,UPTREND_RISING,exclude,discovery,4,-0.22899729532215174,2,-0.1629787061893253,-0.2617716423313458,0.16325320751727446,336,"{'2019': 0.0023863161591093, '2020': -0.0766710517053724, '2021': 0.0765750841599854, '2022': -0.2262155534573778}"
300,0.6,UPTREND_RISING,exclude,validation,4,0.20728847700713793,4,0.9925873891276255,-0.0545472739416025,0.14880470175577706,228,"{'2023': 0.0375102973612673, '2024': 0.095280627724515, '2025': 0.0550648094710786, '2026': 0.006964350435024}"
300,0.6,UPTREND_RISING,include,discovery,4,-0.052438794625553675,2,-0.41148384256657006,-0.0809198100290654,0.14752684808306665,229,"{'2019': 0.008059210309121, '2020': -0.0221350353727494, '2021': 0.0216099165771965, '2022': -0.0590701559567571}"
300,0.6,UPTREND_RISING,include,validation,4,0.07275203765656446,2,0.38539783089228685,-0.1568610645210392,0.3139777367180474,330,"{'2023': -0.0769730284441179, '2024': -0.1303075886295814, '2025': 0.2851734611249839, '2026': 0.0398184693335272}"
300,0.8,ALL,baseline,discovery,4,-0.29048026933027826,2,-0.4435321329579296,-0.3239775149382952,0.342343872981431,533,"{'2019': 0.0047309677530824, '2020': -0.0631851987467903, '2021': 0.0546499558494966, '2022': -0.2852525638548132}"
300,0.8,ALL,baseline,validation,4,0.4173335549523465,3,1.1756069745074682,-0.1079530208899136,0.4788491454662095,512,"{'2023': 0.0433972187577738, '2024': -0.0156914648310235, '2025': 0.3117923574433392, '2026': 0.0520249674511086}"
300,0.8,DOWNTREND_BOUNCE,exclude,discovery,4,-0.28054425850306997,2,-0.4498197552257771,-0.3145106693632306,0.3249383511004664,512,"{'2019': 0.0047309677530824, '2020': -0.0677331871601244, '2021': 0.0546499558494966, '2022': -0.2717076781483843}"
300,0.8,DOWNTREND_BOUNCE,exclude,validation,4,0.40604738341364,3,1.1688896250611989,-0.1079530208899136,0.4769215672291828,511,"{'2023': 0.0433972187577738, '2024': -0.0156914648310235, '2025': 0.3013466063231891, '2026': 0.0520249674511086}"
300,0.8,DOWNTREND_BOUNCE,include,discovery,4,-0.07387495283100332,1,-0.7412897736865978,-0.0806722653528914,0.0250782347264283,34,"{'2019': 0.0, '2020': 0.0048784193008866, '2021': 0.0, '2022': -0.0783710453118102}"
300,0.8,DOWNTREND_BOUNCE,include,validation,4,0.016132387251108993,2,0.9318336881216818,-0.0063767366511606,0.006380252797485025,6,"{'2023': 0.0079740812261936, '2024': 0.0, '2025': 0.0080937656799575, '2026': 0.0}"
300,0.8,DOWNTREND_SELLING,exclude,discovery,4,-0.17579919919020115,2,-0.48713098237336167,-0.2007259686541439,0.2767249964403134,386,"{'2019': 0.0047309677530824, '2020': -0.0501281745147003, '2021': 0.0546499558494966, '2022': -0.1811395437952495}"
300,0.8,DOWNTREND_SELLING,exclude,validation,4,0.3325936719985858,3,1.0744724198078257,-0.1079530208899136,0.45701021840838657,485,"{'2023': 0.0050619460967382, '2024': -0.0156914648310235, '2025': 0.2804057587573625, '2026': 0.0520249674511086}"
300,0.8,DOWNTREND_SELLING,include,discovery,4,-0.2153253870735682,0,-1.043321737485292,-0.2422980358789647,0.07879158582999415,162,"{'2019': 0.0, '2020': -0.0137460906637779, '2021': 0.0, '2022': -0.2043888439899408}"
300,0.8,DOWNTREND_SELLING,include,validation,4,0.14479493431402113,2,1.3614423768245016,-0.0237296653392614,0.0429642250019438,44,"{'2023': 0.1280414353189496, '2024': 0.0, '2025': 0.0148518471667085, '2026': 0.0}"
300,0.8,UPTREND_PULLBACK,exclude,discovery,4,-0.26141507088155125,2,-0.4395573396861722,-0.2865049533407147,0.2782773950062478,407,"{'2019': 0.0073637101972259, '2020': -0.0164423590615022, '2021': 0.0123859098705261, '2022': -0.2636772291384814}"
300,0.8,UPTREND_PULLBACK,exclude,validation,4,0.2466118502300647,3,0.7755700774491114,-0.1702992010360041,0.3905251613843156,369,"{'2023': 0.0292777932956422, '2024': -0.1370963776912328, '2025': 0.3417793899672845, '2026': 0.0460567330243502}"
300,0.8,UPTREND_PULLBACK,include,discovery,4,-0.06434901089280631,2,-0.05573047241309803,-0.1208040249423701,0.10211166777656132,153,"{'2019': 0.000220585596987, '2020': -0.0490921889230223, '2021': 0.0875170257620008, '2022': -0.0954270163107977}"
300,0.8,UPTREND_PULLBACK,include,validation,4,0.1611216972385019,3,0.825155931049384,-0.077555979105982,0.1443373846941596,184,"{'2023': -0.0087675502218215, '2024': 0.1148542017151963, '2025': 0.0434461934587782, '2026': 0.006964350435024}"
300,0.8,UPTREND_RISING,exclude,discovery,4,-0.25407192872476625,2,-0.2064802998648928,-0.3213389462427893,0.19282014549893867,334,"{'2019': 0.000220585596987, '2020': -0.0575882939994444, '2021': 0.0875170257620008, '2022': -0.2723468298584058}"
300,0.8,UPTREND_RISING,exclude,validation,4,0.2834730544920465,4,1.1201320064790847,-0.0808112405664284,0.17845833598286498,221,"{'2023': 0.0608457372737845, '2024': 0.1148542017151963, '2025': 0.0777110835957102, '2026': 0.006964350435024}"
300,0.8,UPTREND_RISING,include,discovery,4,-0.05035053390897204,2,-0.4189533707108146,-0.0877961438115577,0.18247310694961594,225,"{'2019': 0.0073637101972259, '2020': -0.0075753118750938, '2021': 0.0123859098705261, '2022': -0.0617180208748986}"
300,0.8,UPTREND_RISING,include,validation,4,0.10131450944679288,2,0.4563164353352716,-0.1702992010360041,0.3544600462007357,329,"{'2023': -0.0698080537659836, '2024': -0.1370963776912328, '2025': 0.3116599397595123, '2026': 0.0460567330243502}"
500,0.6,ALL,baseline,discovery,4,-0.2006084240101822,2,-0.26554860971015615,-0.2662971391238634,0.40470809608289793,912,"{'2019': 0.0095496712719966, '2020': -0.057820884220136, '2021': 0.0446448428305228, '2022': -0.1954931661553192}"
500,0.6,ALL,baseline,validation,4,0.9826820252738073,4,1.0342146096817233,-0.0913425269520015,0.5587773983215508,964,"{'2023': 0.1479408120560392, '2024': 0.5039481210972423, '2025': 0.1349116395890177, '2026': 0.0119024965201806}"
500,0.6,DOWNTREND_BOUNCE,exclude,discovery,4,-0.21803581520719006,2,-0.33383048078473004,-0.2816994838445144,0.37983655824592,877,"{'2019': 0.0095496712719966, '2020': -0.057820884220136, '2021': 0.0446448428305228, '2022': -0.213032074163847}"
500,0.6,DOWNTREND_BOUNCE,exclude,validation,4,0.9675277503295956,4,1.0186933555067417,-0.0942127857263174,0.5559937332141283,956,"{'2023': 0.1436929632029868, '2024': 0.5039481210972423, '2025': 0.1304201610482818, '2026': 0.0119024965201806}"
500,0.6,DOWNTREND_BOUNCE,include,discovery,4,-0.004272714970254721,0,-0.0404490665697697,-0.0603105696265547,0.0370868217229631,54,"{'2019': 0.0, '2020': 0.0, '2021': 0.0, '2022': -0.0042727149702547}"
500,0.6,DOWNTREND_BOUNCE,include,validation,4,0.02536030148429025,2,0.9367075627469643,-0.0082010902190567,0.009639916913381275,12,"{'2023': 0.0212588298981624, '2024': 0.0, '2025': 0.0040160941242846, '2026': 0.0}"
500,0.6,DOWNTREND_SELLING,exclude,discovery,4,-0.0660492579146108,2,-0.12037973026391965,-0.1675203805230654,0.3343680461230927,660,"{'2019': 0.0095496712719966, '2020': -0.0163284333084838, '2021': 0.0446448428305228, '2022': -0.0997202181131574}"
500,0.6,DOWNTREND_SELLING,exclude,validation,4,0.8317119802699544,4,0.8847038592516867,-0.1081153334427774,0.537923754772737,907,"{'2023': 0.0813424618148828, '2024': 0.5039481210972423, '2025': 0.1130698165292056, '2026': 0.0119024965201806}"
500,0.6,DOWNTREND_SELLING,include,discovery,4,-0.19793219451816801,0,-1.0996770650834022,-0.2136548903231107,0.08825070988067003,276,"{'2019': 0.0, '2020': -0.0466851021314338, '2021': 0.0, '2022': -0.1586538642424391}"
500,0.6,DOWNTREND_SELLING,include,validation,4,0.17015528746300124,2,1.4495000193734142,-0.0422088904873975,0.044605127803578754,76,"{'2023': 0.1647540399521063, '2024': 0.0, '2025': 0.0046372429934795, '2026': 0.0}"
500,0.6,UPTREND_PULLBACK,exclude,discovery,4,-0.24623244940350864,1,-0.4713659887363504,-0.2336625770189168,0.35532355144078054,704,"{'2019': 0.0088112763370089, '2020': -0.0338102284426494, '2021': -0.0486526102612071, '2022': -0.1871209276507415}"
500,0.6,UPTREND_PULLBACK,exclude,validation,4,0.7338854366042671,4,0.894500380623483,-0.1050418210867681,0.46308528569867935,688,"{'2023': 0.1104205071933235, '2024': 0.3099820444922305, '2025': 0.1821291448283672, '2026': 0.0083299275798658}"
500,0.6,UPTREND_PULLBACK,include,discovery,4,0.04065132051551945,2,0.14508811036252217,-0.1039091647621959,0.09986412504193268,252,"{'2019': -0.0006117123361454, '2020': 0.0173406997118388, '2021': 0.1005653881734709, '2022': -0.0699876526853178}"
500,0.6,UPTREND_PULLBACK,include,validation,4,0.2168874378458363,2,0.7503623476594163,-0.0599364722424129,0.17448379946303066,351,"{'2023': -0.0004183919925567, '2024': 0.1314615562094927, '2025': 0.0805221621892431, '2026': -0.0042308442479378}"
500,0.6,UPTREND_RISING,exclude,discovery,4,-0.11335241060991286,1,0.013605574418152688,-0.2557657521076039,0.20732448155024247,558,"{'2019': -0.0006117123361454, '2020': -0.0255719557644145, '2021': 0.1005653881734709, '2022': -0.1727226057728094}"
500,0.6,UPTREND_RISING,exclude,validation,4,0.3955105558094565,3,1.0948832863895945,-0.0549790844784275,0.21114296316151662,424,"{'2023': 0.1197160349408565, '2024': 0.1314615562094927, '2025': 0.1061824299977318, '2026': -0.0042308442479378}"
500,0.6,UPTREND_RISING,include,discovery,4,-0.08540597553095874,2,-0.5737829474400995,-0.1329896724620408,0.24313591095495507,395,"{'2019': 0.0088112763370089, '2020': 0.0135053734265249, '2021': -0.0486526102612071, '2022': -0.0597285599112517}"
500,0.6,UPTREND_RISING,include,validation,4,0.5101155346536721,3,0.53250882211791,-0.1050383499073455,0.4280204119183804,608,"{'2023': -0.0245619015907474, '2024': 0.3099820444922305, '2025': 0.1720400726959592, '2026': 0.0083299275798658}"
500,0.8,ALL,baseline,discovery,4,-0.22084596335503592,2,-0.15331840539543093,-0.3043343799904534,0.4554763089375913,869,"{'2019': 0.0266268646753873, '2020': 0.0055361547865524, '2021': -0.0273261321184135, '2022': -0.2240285162790447}"
500,0.8,ALL,baseline,validation,4,0.9454397697817034,3,0.7567247217425348,-0.0894626118040764,0.6237977125939365,911,"{'2023': 0.1960991569797654, '2024': 0.4790940663610494, '2025': 0.1072550315772014, '2026': -0.0068676055603673}"
500,0.8,DOWNTREND_BOUNCE,exclude,discovery,4,-0.21383384051187326,2,-0.17522070888519237,-0.2885802412313374,0.42438981879564874,839,"{'2019': 0.0266268646753873, '2020': 0.0006545423536155, '2021': -0.0273261321184135, '2022': -0.2132254527246121}"
500,0.8,DOWNTREND_BOUNCE,exclude,validation,4,0.9294955136426262,3,0.7417704240987121,-0.0894613839685873,0.6214746618774032,905,"{'2023': 0.1909165123117966, '2024': 0.4790940663610494, '2025': 0.1029593668224453, '2026': -0.0068676055603673}"
500,0.8,DOWNTREND_BOUNCE,include,discovery,4,-0.011719263463368268,1,0.08345105253908935,-0.0578475368612387,0.045535726362007825,55,"{'2019': 0.0, '2020': 0.0048784193008866, '2021': 0.0, '2022': -0.0165171053984842}"
500,0.8,DOWNTREND_BOUNCE,include,validation,4,0.03927432359640903,2,1.118897541603984,-0.006345650505925,0.011421030871734501,12,"{'2023': 0.035117195509577, '2024': 0.0, '2025': 0.0040160941242846, '2026': 0.0}"
500,0.8,DOWNTREND_SELLING,exclude,discovery,4,-0.08384443001077524,2,-0.010462977981816002,-0.1679948004285172,0.37766890383333696,624,"{'2019': 0.0266268646753873, '2020': 0.035686091767878, '2021': -0.0273261321184135, '2022': -0.114147919699766}"
500,0.8,DOWNTREND_SELLING,exclude,validation,4,0.7388195180110915,3,0.5593117573435514,-0.1136901992013399,0.5981464435806754,864,"{'2023': 0.11755691754246, '2024': 0.4790940663610494, '2025': 0.0592096099364094, '2026': -0.0068676055603673}"
500,0.8,DOWNTREND_SELLING,include,discovery,4,-0.19676684290282653,0,-0.9550785925788459,-0.2299192138060761,0.0994923276214601,274,"{'2019': 0.0, '2020': -0.0336764336174137, '2021': 0.0, '2022': -0.1687741197246577}"
500,0.8,DOWNTREND_SELLING,include,validation,4,0.2549680835170085,2,1.8720892002774547,-0.0320772983087668,0.05681857239069655,68,"{'2023': 0.2183879716689638, '2024': 0.0, '2025': 0.0300233691555054, '2026': 0.0}"
500,0.8,UPTREND_PULLBACK,exclude,discovery,4,-0.22774645630826518,2,-0.2384659107734567,-0.2809976312967139,0.39812644101301,668,"{'2019': 0.0236306794891132, '2020': 0.0188574704718169, '2021': -0.0450436368111648, '2022': -0.2246109653319172}"
500,0.8,UPTREND_PULLBACK,exclude,validation,4,0.8119919993907603,3,0.5463814690593664,-0.1070945681112297,0.5197103947663299,661,"{'2023': 0.1794027415103531, '2024': 0.2821813732457681, '2025': 0.215321356090629, '2026': -0.0140530455180515}"
500,0.8,UPTREND_PULLBACK,include,discovery,4,0.033365648326119324,3,0.19478508446676024,-0.1179813206598259,0.12427400533872503,243,"{'2019': 0.0034405434294044, '2020': 0.0342979395148905, '2021': 0.0884512282424272, '2022': -0.0852387849610581}"
500,0.8,UPTREND_PULLBACK,include,validation,4,0.20229497531072038,2,0.6716820788621236,-0.0679983627152522,0.20342581771530288,333,"{'2023': -0.004737655036113, '2024': 0.142517599339657, '2025': 0.0579562138392331, '2026': -0.0005918964028128}"
500,0.8,UPTREND_RISING,exclude,discovery,4,-0.1319048783941229,3,0.09277537941268565,-0.3026121328786123,0.2476528908827451,543,"{'2019': 0.0034405434294044, '2020': 0.0090872652762961, '2021': 0.0884512282424272, '2022': -0.2123414855484886}"
500,0.8,UPTREND_RISING,exclude,validation,4,0.4385138169785032,3,1.1277765736863712,-0.0696743107416935,0.2421585066492727,396,"{'2023': 0.1345108221651438, '2024': 0.142517599339657, '2025': 0.1104515878500307, '2026': -0.0005918964028128}"
500,0.8,UPTREND_RISING,include,discovery,4,-0.037899221309286024,2,-0.3421507355001458,-0.1075090756707843,0.2687893124893047,366,"{'2019': 0.0236306794891132, '2020': 0.0492460515740358, '2021': -0.0450436368111648, '2022': -0.0619707047369619}"
500,0.8,UPTREND_RISING,include,validation,4,0.5028192084765599,3,0.15874393264323394,-0.1070945681112297,0.4751547723490206,593,"{'2023': 0.0114080420144238, '2024': 0.2821813732457681, '2025': 0.1753773613963687, '2026': -0.0140530455180515}"
